feature_count,rank,feature_name,standardization_mean,standardization_scale,standardized_coefficient,raw_coefficient
4,1,center_column_dark_min,11.6961414790997,22.5358441555257,0.33268100279784,0.0147623049086567
4,2,white_cov_xx,675.761063832636,232.407154909154,0.192294710393781,0.000827404433692876
4,3,grid_dark_r3_c1,69.0139335476956,38.7717753898209,-0.859120988011882,-0.0221584123856612
4,4,grid_dark_r1_c5,67.8912111468382,40.3123434621471,-0.839774917203683,-0.0208317067449136
6,1,center_column_dark_min,11.6961414790997,22.5358441555257,0.614831888759432,0.0272823988538578
6,2,white_cov_xx,675.761063832636,232.407154909154,0.0616582906840723,0.000265302893571302
6,3,grid_dark_r3_c1,69.0139335476956,38.7717753898209,-1.64971889732078,-0.0425494804076961
6,4,grid_dark_r1_c5,67.8912111468382,40.3123434621471,-0.981906848233665,-0.0243574737637286
6,5,left_edge_valid_percent,26.2325830653805,33.2111205218524,0.493971306124115,0.0148736717810858
6,6,right_edge_valid_percent,25.2679528403001,34.319023196751,1.21502110064493,0.035403720370455
8,1,center_column_dark_min,11.6961414790997,22.5358441555257,0.216841069019582,0.00962205220816695
8,2,white_cov_xx,675.761063832636,232.407154909154,0.15456906539116,0.000665078772861275
8,3,grid_dark_r3_c1,69.0139335476956,38.7717753898209,-0.733961093589614,-0.0189302936533133
8,4,grid_dark_r1_c5,67.8912111468382,40.3123434621471,-0.666522779881466,-0.0165339626188521
8,5,left_edge_valid_percent,26.2325830653805,33.2111205218524,0.401925513942423,0.0121021365020781
8,6,right_edge_valid_percent,25.2679528403001,34.319023196751,0.610841448776862,0.0177989170983949
8,7,left_edge_slope,-0.0667789996372537,0.706261934371931,0.110517542663764,0.156482371886636
8,8,white_centroid_y,50.3648174115896,8.33766786669868,0.135268329135588,0.0162237608043684
12,1,center_column_dark_min,11.6961414790997,22.5358441555257,0.171051495086551,0.00759019692832805
12,2,white_cov_xx,675.761063832636,232.407154909154,0.120178836220892,0.000517104717657549
12,3,grid_dark_r3_c1,69.0139335476956,38.7717753898209,-0.518428662195385,-0.0133712902487177
12,4,grid_dark_r1_c5,67.8912111468382,40.3123434621471,-0.536805444768406,-0.0133161557643619
12,5,left_edge_valid_percent,26.2325830653805,33.2111205218524,0.250487178320045,0.00754226820366476
12,6,right_edge_valid_percent,25.2679528403001,34.319023196751,0.500011840143364,0.0145695242337404
12,7,left_edge_slope,-0.0667789996372537,0.706261934371931,0.126470701438689,0.179070533584905
12,8,white_centroid_y,50.3648174115896,8.33766786669868,0.154227266038152,0.0184976504825945
12,9,left_edge_residual,2.01256015905937,6.07440346651674,-0.0363915609093321,-0.00599096867864133
12,10,row_dark_max,83.8553054662379,19.2139053095694,-0.504204470495578,-0.0262416443909745
12,11,center_column_dark_std,20.2577578100082,10.2803915502392,-0.390569496291214,-0.0379916946142122
12,12,grid_dark_r1_c1,71.0409967845659,38.8068272552614,-0.382369119995847,-0.00985314046625663
16,1,center_column_dark_min,11.6961414790997,22.5358441555257,0.217364155247287,0.0096452635076459
16,2,white_cov_xx,675.761063832636,232.407154909154,0.122673222450615,0.000527837546561622
16,3,grid_dark_r3_c1,69.0139335476956,38.7717753898209,-0.353777896086434,-0.00912462461492837
16,4,grid_dark_r1_c5,67.8912111468382,40.3123434621471,-0.387984922999215,-0.00962446957129965
16,5,left_edge_valid_percent,26.2325830653805,33.2111205218524,0.201878815783783,0.00607865114490644
16,6,right_edge_valid_percent,25.2679528403001,34.319023196751,0.382199890299818,0.0111366774079981
16,7,left_edge_slope,-0.0667789996372537,0.706261934371931,0.139429840055155,0.19741944634061
16,8,white_centroid_y,50.3648174115896,8.33766786669868,0.14057063808022,0.0168597070940749
16,9,left_edge_residual,2.01256015905937,6.07440346651674,-0.0490727650784954,-0.0080786146901492
16,10,row_dark_max,83.8553054662379,19.2139053095694,-0.367958885531585,-0.0191506557153857
16,11,center_column_dark_std,20.2577578100082,10.2803915502392,-0.33290172393382,-0.0323822027893554
16,12,grid_dark_r1_c1,71.0409967845659,38.8068272552614,-0.277550714978591,-0.00715211045605282
16,13,dark_left_edge,68.8933547695606,35.7465282866953,-0.341808045126853,-0.00956199277270995
16,14,dark_right_edge,70.761655948553,36.1981851183191,-0.454949399256361,-0.0125682930724093
16,15,grid_dark_r3_c2,68.688370846731,35.7349800212935,-0.339643386451812,-0.00950450752314476
16,16,column_dark_std,22.5358380646541,9.33625713056298,0.156693215788326,0.0167833012305732
24,1,center_column_dark_min,11.6961414790997,22.5358441555257,0.286117096658179,0.0126960896021295
24,2,white_cov_xx,675.761063832636,232.407154909154,0.182183967271606,0.000783899993710695
24,3,grid_dark_r3_c1,69.0139335476956,38.7717753898209,-0.225247714595576,-0.00580957958027147
24,4,grid_dark_r1_c5,67.8912111468382,40.3123434621471,-0.225302749185588,-0.00558892710857024
24,5,left_edge_valid_percent,26.2325830653805,33.2111205218524,0.20948869024532,0.00630778748062654
24,6,right_edge_valid_percent,25.2679528403001,34.319023196751,0.265594210128375,0.00773897930036422
24,7,left_edge_slope,-0.0667789996372537,0.706261934371931,0.121931913996611,0.172644040493339
24,8,white_centroid_y,50.3648174115896,8.33766786669868,0.0237651203208651,0.00285033185548023
24,9,left_edge_residual,2.01256015905937,6.07440346651674,-0.0617709603959238,-0.0101690578731586
24,10,row_dark_max,83.8553054662379,19.2139053095694,-0.218291363076406,-0.0113611137121451
24,11,center_column_dark_std,20.2577578100082,10.2803915502392,-0.224580724531773,-0.0218455419167909
24,12,grid_dark_r1_c1,71.0409967845659,38.8068272552614,-0.19563312424265,-0.00504120377983558
24,13,dark_left_edge,68.8933547695606,35.7465282866953,-0.226639877029597,-0.0063401926814233
24,14,dark_right_edge,70.761655948553,36.1981851183191,-0.250024768602179,-0.00690710785043327
24,15,grid_dark_r3_c2,68.688370846731,35.7349800212935,-0.162033336409919,-0.00453430605847179
24,16,column_dark_std,22.5358380646541,9.33625713056298,0.125671699548973,0.0134606082278493
24,17,dark_left,69.7151301370959,33.3106843996979,-0.204179777145019,-0.00612955815302525
24,18,longest_white_run_mean,22.6676714898178,25.19831774387,0.257189228324628,0.010206603112908
24,19,white_right_border_max,22.6736334405145,36.3132262314459,0.270589807551851,0.00745154963172979
24,20,center_row_dark_max,89.6338244468973,14.9446362787665,-0.140919532704924,-0.00942943876828534
24,21,grid_dark_r2_c3,65.4756162915327,34.9239587340865,-0.14059000683605,-0.00402560339469279
24,22,dark_bottom_half,70.8528938906752,26.1984377376948,-0.281791932713614,-0.0107560586449842
24,23,dark_all,69.7559619506967,26.9620729239955,-0.244223223697538,-0.00905802845300466
24,24,dark_right,70.8481519373802,31.8037392051152,-0.245306306958577,-0.00771312786136551
32,1,center_column_dark_min,11.6961414790997,22.5358441555257,0.279386473025498,0.0123974265662018
32,2,white_cov_xx,675.761063832636,232.407154909154,0.184686429306612,0.000794667571137404
32,3,grid_dark_r3_c1,69.0139335476956,38.7717753898209,-0.192506785800373,-0.00496512692196483
32,4,grid_dark_r1_c5,67.8912111468382,40.3123434621471,-0.198288197367218,-0.0049187960891782
32,5,left_edge_valid_percent,26.2325830653805,33.2111205218524,0.202027377528116,0.00608312439790116
32,6,right_edge_valid_percent,25.2679528403001,34.319023196751,0.250845236903391,0.00730921843157642
32,7,left_edge_slope,-0.0667789996372537,0.706261934371931,0.111776313349523,0.158264671943454
32,8,white_centroid_y,50.3648174115896,8.33766786669868,0.00800220361099236,0.000959765217196262
32,9,left_edge_residual,2.01256015905937,6.07440346651674,-0.0812732100369866,-0.013379619988198
32,10,row_dark_max,83.8553054662379,19.2139053095694,-0.195250401338994,-0.0101619321107901
32,11,center_column_dark_std,20.2577578100082,10.2803915502392,-0.197380382231453,-0.0191996949986658
32,12,grid_dark_r1_c1,71.0409967845659,38.8068272552614,-0.177483819336632,-0.00457352048311469
32,13,dark_left_edge,68.8933547695606,35.7465282866953,-0.195704615528282,-0.00547478664106026
32,14,dark_right_edge,70.761655948553,36.1981851183191,-0.221729276180691,-0.00612542522383196
32,15,grid_dark_r3_c2,68.688370846731,35.7349800212935,-0.134188090285256,-0.003755090676007
32,16,column_dark_std,22.5358380646541,9.33625713056298,0.127492276373994,0.013655608943828
32,17,dark_left,69.7151301370959,33.3106843996979,-0.169989657373275,-0.0051031571532291
32,18,longest_white_run_mean,22.6676714898178,25.19831774387,0.2029213914743,0.00805297375550653
32,19,white_right_border_max,22.6736334405145,36.3132262314459,0.213948912358282,0.00589176271462795
32,20,center_row_dark_max,89.6338244468973,14.9446362787665,-0.118771472157557,-0.00794743143573918
32,21,grid_dark_r2_c3,65.4756162915327,34.9239587340865,-0.0995224260692364,-0.00284968914397727
32,22,dark_bottom_half,70.8528938906752,26.1984377376948,-0.229957868693616,-0.00877754127921713
32,23,dark_all,69.7559619506967,26.9620729239955,-0.195973941455671,-0.00726850424327943
32,24,dark_right,70.8481519373802,31.8037392051152,-0.200908345516684,-0.00631712970040865
32,25,grid_dark_r4_c1,72.2668810289389,35.0570343790245,-0.204206392142761,-0.00582497623543829
32,26,grid_dark_r2_c4,71.3102893890675,36.5364753116054,-0.126511957174499,-0.00346262073983676
32,27,dark_top_half,68.6590300107181,30.8048530331052,-0.147482946642078,-0.00478765298713102
32,28,grid_dark_r1_c4,70.9311361200429,35.5234464396234,-0.160295920947922,-0.00451239778269728
32,29,white_top_border_mean,19.3938236870311,24.1117264908847,0.145680416187625,0.00604189070586456
32,30,column_dark_min,4.55519828510182,13.7955335593864,0.0222527725721707,0.00161304182084571
32,31,bottom_edge_residual,16.9846486556549,8.78895683720093,-0.145175745522963,-0.016517972293194
32,32,white_cov_yy,825.363722882957,179.961550539243,-0.0921188019678949,-0.000511880463865013
48,1,center_column_dark_min,11.6961414790997,22.5358441555257,0.442122107647291,0.0196186175497173
48,2,white_cov_xx,675.761063832636,232.407154909154,0.326470502896934,0.00140473516413274
48,3,grid_dark_r3_c1,69.0139335476956,38.7717753898209,-0.278001124163048,-0.00717019330087304
48,4,grid_dark_r1_c5,67.8912111468382,40.3123434621471,-0.271009821928216,-0.00672275037006202
48,5,left_edge_valid_percent,26.2325830653805,33.2111205218524,0.298939186223796,0.00900117736247709
48,6,right_edge_valid_percent,25.2679528403001,34.319023196751,0.280249058376347,0.00816599752183152
48,7,left_edge_slope,-0.0667789996372537,0.706261934371931,0.179855054930647,0.254657721416899
48,8,white_centroid_y,50.3648174115896,8.33766786669868,-0.167658317261548,-0.0201085387355365
48,9,left_edge_residual,2.01256015905937,6.07440346651674,-0.181236066177859,-0.0298360270562972
48,10,row_dark_max,83.8553054662379,19.2139053095694,-0.226260743865694,-0.0117758852362516
48,11,center_column_dark_std,20.2577578100082,10.2803915502392,-0.248951587077094,-0.0242161580967509
48,12,grid_dark_r1_c1,71.0409967845659,38.8068272552614,-0.229946330612138,-0.00592540918379154
48,13,dark_left_edge,68.8933547695606,35.7465282866953,-0.233865345454651,-0.00654232331539995
48,14,dark_right_edge,70.761655948553,36.1981851183191,-0.218573850215093,-0.00603825439039699
48,15,grid_dark_r3_c2,68.688370846731,35.7349800212935,-0.181336608512115,-0.00507448467591311
48,16,column_dark_std,22.5358380646541,9.33625713056298,0.155127586560901,0.0166156077742416
48,17,dark_left,69.7151301370959,33.3106843996979,-0.190017401604917,-0.00570439800410227
48,18,longest_white_run_mean,22.6676714898178,25.19831774387,0.178531373054623,0.00708505126688681
48,19,white_right_border_max,22.6736334405145,36.3132262314459,0.163403318171589,0.00449982926689361
48,20,center_row_dark_max,89.6338244468973,14.9446362787665,-0.152202746786899,-0.0101844396844338
48,21,grid_dark_r2_c3,65.4756162915327,34.9239587340865,-0.130835084219316,-0.00374628446950999
48,22,dark_bottom_half,70.8528938906752,26.1984377376948,-0.180899478712642,-0.00690497198817167
48,23,dark_all,69.7559619506967,26.9620729239955,-0.174609153054351,-0.00647610269234728
48,24,dark_right,70.8481519373802,31.8037392051152,-0.163456595324862,-0.00513954017389791
48,25,grid_dark_r4_c1,72.2668810289389,35.0570343790245,-0.169798041053652,-0.00484347989102143
48,26,grid_dark_r2_c4,71.3102893890675,36.5364753116054,-0.127964994153519,-0.00350239022954884
48,27,dark_top_half,68.6590300107181,30.8048530331052,-0.151806135898028,-0.00492799416166297
48,28,grid_dark_r1_c4,70.9311361200429,35.5234464396234,-0.148913151933089,-0.00419196803401903
48,29,white_top_border_mean,19.3938236870311,24.1117264908847,0.143889745449836,0.00596762515136493
48,30,column_dark_min,4.55519828510182,13.7955335593864,-0.0328476789551886,-0.00238103722583744
48,31,bottom_edge_residual,16.9846486556549,8.78895683720093,-0.158016104489474,-0.0179789373661093
48,32,white_cov_yy,825.363722882957,179.961550539243,-0.0883652120378512,-0.000491022731094894
48,33,bottom4_dark_right,72.8222741888337,31.5729772674909,-0.135313863167994,-0.00428574923491045
48,34,white_bottom_border_mean,16.0121248660236,20.2980324704304,0.128663364887915,0.00633871115712068
48,35,bottom_white_run_mean,16.0121248660236,20.2980324704304,0.128663364887915,0.00633871115712068
48,36,grid_dark_r4_c5,72.3620042872455,33.48900885149,-0.133487494796244,-0.00398600912282014
48,37,white_right_border_mean,12.0100482315113,21.1811845523069,0.120809236029202,0.00570361094446178
48,38,row_transition_max,13.6141479099678,4.69306205467388,-0.121649649940664,-0.0259211679972379
48,39,longest_white_run_max,37.7154340836013,33.2967384780958,0.12458807183983,0.00374175001920354
48,40,bottom4_dark_left,71.0610932475884,33.8789688894628,-0.147782368779622,-0.00436206808010576
48,41,white_left_border_max,25.6913183279743,37.4737485129423,0.115989925759975,0.00309523147170386
48,42,white_centroid_x,49.3252715822529,8.76574992712647,-0.0758913291346132,-0.00865771095063528
48,43,bottom_white_run_std,22.3541708264501,12.3330680227559,0.0894515105821035,0.00725298120605964
48,44,grid_dark_r2_c5,68.2368703108253,39.9692515328295,-0.120926208979763,-0.00302548094703343
48,45,grid_dark_r3_c4,72.569667738478,35.0184707523315,-0.115298578273356,-0.00329250751949754
48,46,grid_dark_r3_c5,71.8716505894962,34.726528020778,-0.119722566403052,-0.0034475823880642
48,47,vertical_white_columns_75,22.1511254019293,28.2917631411089,0.0974186423437898,0.00344335705971739
48,48,bottom_edge_valid_percent,18.8327974276527,24.0703475366737,0.115504115502489,0.00479860605778571
64,1,center_column_dark_min,11.6961414790997,22.5358441555257,0.415355569577265,0.0184308857795958
64,2,white_cov_xx,675.761063832636,232.407154909154,0.319078619320225,0.00137292941538289
64,3,grid_dark_r3_c1,69.0139335476956,38.7717753898209,-0.272103175457083,-0.00701807365593376
64,4,grid_dark_r1_c5,67.8912111468382,40.3123434621471,-0.272037970042456,-0.00674825491844445
64,5,left_edge_valid_percent,26.2325830653805,33.2111205218524,0.294775125992531,0.00887579585875683
64,6,right_edge_valid_percent,25.2679528403001,34.319023196751,0.27713341444344,0.00807521277207204
64,7,left_edge_slope,-0.0667789996372537,0.706261934371931,0.179911168990678,0.254737173610625
64,8,white_centroid_y,50.3648174115896,8.33766786669868,-0.180619181530273,-0.0216630338864518
64,9,left_edge_residual,2.01256015905937,6.07440346651674,-0.178232150919802,-0.0293415068495617
64,10,row_dark_max,83.8553054662379,19.2139053095694,-0.217294067645443,-0.0113092088331059
64,11,center_column_dark_std,20.2577578100082,10.2803915502392,-0.227490610552021,-0.0221285939781864
64,12,grid_dark_r1_c1,71.0409967845659,38.8068272552614,-0.222895593207023,-0.00574372111744339
64,13,dark_left_edge,68.8933547695606,35.7465282866953,-0.223325329459163,-0.0062474690595977
64,14,dark_right_edge,70.761655948553,36.1981851183191,-0.219865069120788,-0.00607392520929229
64,15,grid_dark_r3_c2,68.688370846731,35.7349800212935,-0.167132738295721,-0.00467700662477301
64,16,column_dark_std,22.5358380646541,9.33625713056298,0.17305627963184,0.0185359376045168
64,17,dark_left,69.7151301370959,33.3106843996979,-0.176672275770636,-0.00530377201653168
64,18,longest_white_run_mean,22.6676714898178,25.19831774387,0.161719034211031,0.00641785042377966
64,19,white_right_border_max,22.6736334405145,36.3132262314459,0.150496072073859,0.00414438725754241
64,20,center_row_dark_max,89.6338244468973,14.9446362787665,-0.134388873956054,-0.00899244862499567
64,21,grid_dark_r2_c3,65.4756162915327,34.9239587340865,-0.120515885229918,-0.00345080825880978
64,22,dark_bottom_half,70.8528938906752,26.1984377376948,-0.159207010545564,-0.00607696581527432
64,23,dark_all,69.7559619506967,26.9620729239955,-0.158426697147605,-0.00587590937811792
64,24,dark_right,70.8481519373802,31.8037392051152,-0.157596176286426,-0.00495527193422208
64,25,grid_dark_r4_c1,72.2668810289389,35.0570343790245,-0.151196960943662,-0.00431288509201814
64,26,grid_dark_r2_c4,71.3102893890675,36.5364753116054,-0.120046257106395,-0.00328565511814062
64,27,dark_top_half,68.6590300107181,30.8048530331052,-0.141927291953699,-0.00460730300518471
64,28,grid_dark_r1_c4,70.9311361200429,35.5234464396234,-0.134437236943562,-0.00378446492155695
64,29,white_top_border_mean,19.3938236870311,24.1117264908847,0.137535769707428,0.00570410292931209
64,30,column_dark_min,4.55519828510182,13.7955335593864,-0.0830386131690231,-0.00601923896684115
64,31,bottom_edge_residual,16.9846486556549,8.78895683720093,-0.121353393547312,-0.0138074854382788
64,32,white_cov_yy,825.363722882957,179.961550539243,-0.0809696210383884,-0.000449927336121344
64,33,bottom4_dark_right,72.8222741888337,31.5729772674909,-0.125861209392406,-0.00398635859792668
64,34,white_bottom_border_mean,16.0121248660236,20.2980324704304,0.117432019829359,0.00578538929822042
64,35,bottom_white_run_mean,16.0121248660236,20.2980324704304,0.117432019829359,0.00578538929822042
64,36,grid_dark_r4_c5,72.3620042872455,33.48900885149,-0.132726119315741,-0.00396327403729167
64,37,white_right_border_mean,12.0100482315113,21.1811845523069,0.115657611178593,0.00546039391201077
64,38,row_transition_max,13.6141479099678,4.69306205467388,-0.117426407841444,-0.025021277467341
64,39,longest_white_run_max,37.7154340836013,33.2967384780958,0.109584207555624,0.00329113938975476
64,40,bottom4_dark_left,71.0610932475884,33.8789688894628,-0.121436175492588,-0.0035844117891781
64,41,white_left_border_max,25.6913183279743,37.4737485129423,0.103541918153235,0.00276305206343249
64,42,white_centroid_x,49.3252715822529,8.76574992712647,-0.0777780851982703,-0.0088729527815502
64,43,bottom_white_run_std,22.3541708264501,12.3330680227559,0.106730706225088,0.00865402720784142
64,44,grid_dark_r2_c5,68.2368703108253,39.9692515328295,-0.122808282286226,-0.00307256897681346
64,45,grid_dark_r3_c4,72.569667738478,35.0184707523315,-0.0984383194140447,-0.00281103992547963
64,46,grid_dark_r3_c5,71.8716505894962,34.726528020778,-0.116015052925431,-0.00334081923928634
64,47,vertical_white_columns_75,22.1511254019293,28.2917631411089,0.092101301050786,0.00325541043841695
64,48,bottom_edge_valid_percent,18.8327974276527,24.0703475366737,0.0887995897898236,0.00368916940873115
64,49,grid_dark_r1_c3,65.7033762057878,33.9498822353987,0.0300480267929079,0.000885070133220598
64,50,row_dark_min,52.9549839228296,31.6028464303414,-0.0834104607073346,-0.00263933379833956
64,51,center_column_dark_max,85.4769560557342,26.1878262756081,-0.0785717352711501,-0.00300031527795544
64,52,internal_white_mean,17.8275053590568,16.7952764112757,0.0741356833518737,0.00441407938377851
64,53,grid_dark_r4_c4,74.5578778135048,33.5910387584617,-0.0682429234911728,-0.00203158121967818
64,54,dark_center,68.7209051206988,27.0709733555944,-0.071233812334258,-0.0026313724075805
64,55,white_left_border_mean,13.5361736334405,23.1347837356906,0.0728078350149156,0.00314711543651014
64,56,white_top_border_max,92.6714898177921,21.821860934737,-0.0577778042196213,-0.00264770288805424
64,57,grid_dark_r3_c3,65.5533226152197,33.1362837228386,-0.063385348259121,-0.0019128683466527
64,58,grid_dark_r2_c1,67.1235262593784,39.3214818499132,-0.089105954251794,-0.00226608840917807
64,59,white_bottom_border_max,92.9260450160772,19.5313431710141,-0.0759784819564398,-0.0038900797191049
64,60,bottom_white_run_max,92.9260450160772,19.5313431710141,-0.0759784819564398,-0.0038900797191049
64,61,center_row_dark_std,15.086253956279,12.0621735681342,-0.0271473952126002,-0.00225062216683053
64,62,right_edge_residual,1.21356249275136,3.41322914119808,-0.0101962226546235,-0.00298726579225342
64,63,dark_bbox_width,94.9565916398714,11.9658336170974,-0.059000472484524,-0.00493074485008892
64,64,grid_dark_r4_c2,69.4011254019293,33.3494125141303,-0.0610587238698035,-0.0018308785452797
78,1,center_column_dark_min,11.6961414790997,22.5358441555257,0.418718962628637,0.0185801321547553
78,2,white_cov_xx,675.761063832636,232.407154909154,0.3225930054449,0.00138805109322473
78,3,grid_dark_r3_c1,69.0139335476956,38.7717753898209,-0.270889690730141,-0.00698677550889919
78,4,grid_dark_r1_c5,67.8912111468382,40.3123434621471,-0.274926107603689,-0.00681989891909514
78,5,left_edge_valid_percent,26.2325830653805,33.2111205218524,0.294903695541937,0.00887966713883971
78,6,right_edge_valid_percent,25.2679528403001,34.319023196751,0.278567467504514,0.00811699872422028
78,7,left_edge_slope,-0.0667789996372537,0.706261934371931,0.181737525181284,0.257323120979047
78,8,white_centroid_y,50.3648174115896,8.33766786669868,-0.188197690380659,-0.0225719821645014
78,9,left_edge_residual,2.01256015905937,6.07440346651674,-0.177752768842145,-0.0292625884701192
78,10,row_dark_max,83.8553054662379,19.2139053095694,-0.215401264122051,-0.0112106966622122
78,11,center_column_dark_std,20.2577578100082,10.2803915502392,-0.227078798543838,-0.0220885359700677
78,12,grid_dark_r1_c1,71.0409967845659,38.8068272552614,-0.222096700199936,-0.00572313471387497
78,13,dark_left_edge,68.8933547695606,35.7465282866953,-0.221375600529887,-0.006192925890716
78,14,dark_right_edge,70.761655948553,36.1981851183191,-0.220424634720808,-0.00608938359755655
78,15,grid_dark_r3_c2,68.688370846731,35.7349800212935,-0.162072807200333,-0.00453541060058682
78,16,column_dark_std,22.5358380646541,9.33625713056298,0.173604081700745,0.018594612302658
78,17,dark_left,69.7151301370959,33.3106843996979,-0.172187316486587,-0.00516913175425926
78,18,longest_white_run_mean,22.6676714898178,25.19831774387,0.157964066160103,0.00626883380730967
78,19,white_right_border_max,22.6736334405145,36.3132262314459,0.148082099493784,0.0040779108567762
78,20,center_row_dark_max,89.6338244468973,14.9446362787665,-0.131041189574331,-0.00876844288010649
78,21,grid_dark_r2_c3,65.4756162915327,34.9239587340865,-0.119873732686246,-0.00343242109518492
78,22,dark_bottom_half,70.8528938906752,26.1984377376948,-0.153259153488923,-0.0058499348328855
78,23,dark_all,69.7559619506967,26.9620729239955,-0.154653628199959,-0.00573596950931476
78,24,dark_right,70.8481519373802,31.8037392051152,-0.157424156449204,-0.0049498631413719
78,25,grid_dark_r4_c1,72.2668810289389,35.0570343790245,-0.144557644116043,-0.00412349894041624
78,26,grid_dark_r2_c4,71.3102893890675,36.5364753116054,-0.120862666461768,-0.00330800016780429
78,27,dark_top_half,68.6590300107181,30.8048530331052,-0.140380946077455,-0.00455710487976005
78,28,grid_dark_r1_c4,70.9311361200429,35.5234464396234,-0.134904177698706,-0.00379760950075587
78,29,white_top_border_mean,19.3938236870311,24.1117264908847,0.136349157446234,0.00565488985194735
78,30,column_dark_min,4.55519828510182,13.7955335593864,-0.0841408366766078,-0.00609913609462094
78,31,bottom_edge_residual,16.9846486556549,8.78895683720093,-0.121228138719829,-0.0137932340510205
78,32,white_cov_yy,825.363722882957,179.961550539243,-0.0777074059136745,-0.000431800046625677
78,33,bottom4_dark_right,72.8222741888337,31.5729772674909,-0.123158820960332,-0.00390076678283812
78,34,white_bottom_border_mean,16.0121248660236,20.2980324704304,0.113728598025185,0.00560293704283216
78,35,bottom_white_run_mean,16.0121248660236,20.2980324704304,0.113728598025185,0.00560293704283216
78,36,grid_dark_r4_c5,72.3620042872455,33.48900885149,-0.131599258572256,-0.00392962536323021
78,37,white_right_border_mean,12.0100482315113,21.1811845523069,0.114170899422195,0.00539020370368098
78,38,row_transition_max,13.6141479099678,4.69306205467388,-0.114256000280801,-0.0243457254452906
78,39,longest_white_run_max,37.7154340836013,33.2967384780958,0.105748940646123,0.0031759549277083
78,40,bottom4_dark_left,71.0610932475884,33.8789688894628,-0.113781830381851,-0.00335847973275362
78,41,white_left_border_max,25.6913183279743,37.4737485129423,0.0991638006069718,0.00264622047545427
78,42,white_centroid_x,49.3252715822529,8.76574992712647,-0.0726171527944737,-0.00828419170044457
78,43,bottom_white_run_std,22.3541708264501,12.3330680227559,0.104575792879992,0.00847930074552724
78,44,grid_dark_r2_c5,68.2368703108253,39.9692515328295,-0.124089922559232,-0.00310463463288294
78,45,grid_dark_r3_c4,72.569667738478,35.0184707523315,-0.0954816823910129,-0.00272660913911141
78,46,grid_dark_r3_c5,71.8716505894962,34.726528020778,-0.1146594840346,-0.00330178369591096
78,47,vertical_white_columns_75,22.1511254019293,28.2917631411089,0.0905080227322582,0.003199094460138
78,48,bottom_edge_valid_percent,18.8327974276527,24.0703475366737,0.0813182467071122,0.00337835781486808
78,49,grid_dark_r1_c3,65.7033762057878,33.9498822353987,0.0325536598282487,0.000958874013244908
78,50,row_dark_min,52.9549839228296,31.6028464303414,-0.0787221956921753,-0.00249098434426449
78,51,center_column_dark_max,85.4769560557342,26.1878262756081,-0.0748283266641982,-0.00285737066821368
78,52,internal_white_mean,17.8275053590568,16.7952764112757,0.0674839575324702,0.00401803196803383
78,53,grid_dark_r4_c4,74.5578778135048,33.5910387584617,-0.0624493373709286,-0.00185910706185582
78,54,dark_center,68.7209051206988,27.0709733555944,-0.0657340232688471,-0.00242821055620679
78,55,white_left_border_mean,13.5361736334405,23.1347837356906,0.0700472314770639,0.00302778847113234
78,56,white_top_border_max,92.6714898177921,21.821860934737,-0.0561528705845722,-0.00257323931962124
78,57,grid_dark_r3_c3,65.5533226152197,33.1362837228386,-0.0591048760021063,-0.00178369054588247
78,58,grid_dark_r2_c1,67.1235262593784,39.3214818499132,-0.0868984804908233,-0.00220994927969672
78,59,white_bottom_border_max,92.9260450160772,19.5313431710141,-0.0775447328438594,-0.00397027138199801
78,60,bottom_white_run_max,92.9260450160772,19.5313431710141,-0.0775447328438594,-0.00397027138199801
78,61,center_row_dark_std,15.086253956279,12.0621735681342,-0.0340518320631208,-0.00282302620425549
78,62,right_edge_residual,1.21356249275136,3.41322914119808,-0.00926593939367708,-0.00271471354847997
78,63,dark_bbox_width,94.9565916398714,11.9658336170974,-0.0590515003715848,-0.00493500931579132
78,64,grid_dark_r4_c2,69.4011254019293,33.3494125141303,-0.0524104504180765,-0.00157155543282419
78,65,row_dark_std,9.81927467151223,10.7099758934092,-0.0286504814822452,-0.00267512100562956
78,66,grid_dark_r2_c2,68.1752411575562,36.3623523712168,-0.0405195966420986,-0.00111432825435608
78,67,grid_dark_r4_c3,72.2441050375134,29.0465238466601,-0.0431242662023612,-0.00148466186281082
78,68,column_dark_max,91.8810289389067,18.5784820094802,-0.0281242264811159,-0.00151380648143183
78,69,bottom_edge_slope,-0.0887196841400481,3.3190967894751,0.0225091004894107,0.00678169451423874
78,70,grid_dark_r1_c2,70.7020364415863,35.5814251126038,-0.0394246275373912,-0.0011080114810642
78,71,dark_bbox_height,93.7165058949625,17.0614039414802,-0.0293737910767195,-0.00172165146417436
78,72,internal_white_max,38.2668810289389,30.7476644208534,0.0162162663119667,0.000527398311950116
78,73,right_edge_slope,0.0892057241095904,0.507093408285124,0.0213816231438254,0.0421650583393171
78,74,center_row_dark_min,43.4563516821039,33.0165108563975,-0.0095135719335208,-0.000288145890851376
78,75,row_transition_mean,8.34324758842444,3.70616735726806,-0.0126745876406802,-0.00341986381587018
78,76,bottom4_dark_center,74.1133560493353,29.6885109277487,-0.0236326687185703,-0.000796020682077448
78,77,horizontal_white_rows_75,11.9506966773848,26.6582594014677,0.00723852310347859,0.000271530222377537
78,78,white_cov_xy,-13.1280591709908,140.106568038272,-0.0025456694205914,-1.81695223588377e-05
