feature_count,feature_name,selected_outer_folds,selection_frequency
4,dark_all,0,0
4,dark_left,0,0
4,dark_center,0,0
4,dark_right,0,0
4,dark_top_half,0,0
4,dark_bottom_half,0,0
4,dark_left_edge,0,0
4,dark_right_edge,0,0
4,row_dark_min,0,0
4,row_dark_max,1,0.0769230769230769
4,row_dark_std,0,0
4,column_dark_min,0,0
4,column_dark_max,0,0
4,column_dark_std,0,0
4,center_row_dark_min,0,0
4,center_row_dark_max,0,0
4,center_row_dark_std,0,0
4,center_column_dark_min,13,1
4,center_column_dark_max,0,0
4,center_column_dark_std,0,0
4,white_left_border_mean,0,0
4,white_left_border_max,0,0
4,white_right_border_mean,0,0
4,white_right_border_max,0,0
4,white_top_border_mean,0,0
4,white_top_border_max,0,0
4,white_bottom_border_mean,0,0
4,white_bottom_border_max,0,0
4,internal_white_mean,0,0
4,internal_white_max,0,0
4,row_transition_mean,0,0
4,row_transition_max,0,0
4,longest_white_run_mean,0,0
4,longest_white_run_max,0,0
4,vertical_white_columns_75,0,0
4,horizontal_white_rows_75,0,0
4,dark_bbox_width,0,0
4,dark_bbox_height,0,0
4,white_centroid_x,0,0
4,white_centroid_y,0,0
4,white_cov_xx,12,0.923076923076923
4,white_cov_yy,0,0
4,white_cov_xy,0,0
4,bottom4_dark_left,0,0
4,bottom4_dark_center,0,0
4,bottom4_dark_right,0,0
4,bottom_white_run_mean,0,0
4,bottom_white_run_max,0,0
4,bottom_white_run_std,0,0
4,bottom_edge_valid_percent,0,0
4,bottom_edge_slope,0,0
4,bottom_edge_residual,0,0
4,left_edge_valid_percent,5,0.384615384615385
4,left_edge_slope,1,0.0769230769230769
4,left_edge_residual,0,0
4,right_edge_valid_percent,1,0.0769230769230769
4,right_edge_slope,0,0
4,right_edge_residual,0,0
4,grid_dark_r1_c1,0,0
4,grid_dark_r1_c2,0,0
4,grid_dark_r1_c3,0,0
4,grid_dark_r1_c4,0,0
4,grid_dark_r1_c5,8,0.615384615384615
4,grid_dark_r2_c1,0,0
4,grid_dark_r2_c2,0,0
4,grid_dark_r2_c3,0,0
4,grid_dark_r2_c4,0,0
4,grid_dark_r2_c5,0,0
4,grid_dark_r3_c1,11,0.846153846153846
4,grid_dark_r3_c2,0,0
4,grid_dark_r3_c3,0,0
4,grid_dark_r3_c4,0,0
4,grid_dark_r3_c5,0,0
4,grid_dark_r4_c1,0,0
4,grid_dark_r4_c2,0,0
4,grid_dark_r4_c3,0,0
4,grid_dark_r4_c4,0,0
4,grid_dark_r4_c5,0,0
6,dark_all,0,0
6,dark_left,0,0
6,dark_center,0,0
6,dark_right,0,0
6,dark_top_half,0,0
6,dark_bottom_half,0,0
6,dark_left_edge,0,0
6,dark_right_edge,0,0
6,row_dark_min,0,0
6,row_dark_max,1,0.0769230769230769
6,row_dark_std,0,0
6,column_dark_min,0,0
6,column_dark_max,0,0
6,column_dark_std,0,0
6,center_row_dark_min,0,0
6,center_row_dark_max,0,0
6,center_row_dark_std,0,0
6,center_column_dark_min,13,1
6,center_column_dark_max,0,0
6,center_column_dark_std,0,0
6,white_left_border_mean,0,0
6,white_left_border_max,0,0
6,white_right_border_mean,0,0
6,white_right_border_max,0,0
6,white_top_border_mean,0,0
6,white_top_border_max,0,0
6,white_bottom_border_mean,0,0
6,white_bottom_border_max,0,0
6,internal_white_mean,0,0
6,internal_white_max,0,0
6,row_transition_mean,0,0
6,row_transition_max,0,0
6,longest_white_run_mean,0,0
6,longest_white_run_max,0,0
6,vertical_white_columns_75,0,0
6,horizontal_white_rows_75,0,0
6,dark_bbox_width,0,0
6,dark_bbox_height,0,0
6,white_centroid_x,0,0
6,white_centroid_y,3,0.230769230769231
6,white_cov_xx,13,1
6,white_cov_yy,0,0
6,white_cov_xy,0,0
6,bottom4_dark_left,0,0
6,bottom4_dark_center,0,0
6,bottom4_dark_right,0,0
6,bottom_white_run_mean,0,0
6,bottom_white_run_max,0,0
6,bottom_white_run_std,0,0
6,bottom_edge_valid_percent,0,0
6,bottom_edge_slope,0,0
6,bottom_edge_residual,0,0
6,left_edge_valid_percent,13,1
6,left_edge_slope,3,0.230769230769231
6,left_edge_residual,0,0
6,right_edge_valid_percent,9,0.692307692307692
6,right_edge_slope,0,0
6,right_edge_residual,0,0
6,grid_dark_r1_c1,0,0
6,grid_dark_r1_c2,0,0
6,grid_dark_r1_c3,0,0
6,grid_dark_r1_c4,0,0
6,grid_dark_r1_c5,12,0.923076923076923
6,grid_dark_r2_c1,0,0
6,grid_dark_r2_c2,0,0
6,grid_dark_r2_c3,0,0
6,grid_dark_r2_c4,0,0
6,grid_dark_r2_c5,0,0
6,grid_dark_r3_c1,11,0.846153846153846
6,grid_dark_r3_c2,0,0
6,grid_dark_r3_c3,0,0
6,grid_dark_r3_c4,0,0
6,grid_dark_r3_c5,0,0
6,grid_dark_r4_c1,0,0
6,grid_dark_r4_c2,0,0
6,grid_dark_r4_c3,0,0
6,grid_dark_r4_c4,0,0
6,grid_dark_r4_c5,0,0
8,dark_all,0,0
8,dark_left,0,0
8,dark_center,0,0
8,dark_right,0,0
8,dark_top_half,0,0
8,dark_bottom_half,0,0
8,dark_left_edge,1,0.0769230769230769
8,dark_right_edge,0,0
8,row_dark_min,0,0
8,row_dark_max,2,0.153846153846154
8,row_dark_std,0,0
8,column_dark_min,0,0
8,column_dark_max,0,0
8,column_dark_std,1,0.0769230769230769
8,center_row_dark_min,0,0
8,center_row_dark_max,0,0
8,center_row_dark_std,0,0
8,center_column_dark_min,13,1
8,center_column_dark_max,0,0
8,center_column_dark_std,0,0
8,white_left_border_mean,0,0
8,white_left_border_max,0,0
8,white_right_border_mean,0,0
8,white_right_border_max,0,0
8,white_top_border_mean,0,0
8,white_top_border_max,0,0
8,white_bottom_border_mean,0,0
8,white_bottom_border_max,0,0
8,internal_white_mean,0,0
8,internal_white_max,0,0
8,row_transition_mean,0,0
8,row_transition_max,0,0
8,longest_white_run_mean,0,0
8,longest_white_run_max,0,0
8,vertical_white_columns_75,0,0
8,horizontal_white_rows_75,0,0
8,dark_bbox_width,0,0
8,dark_bbox_height,0,0
8,white_centroid_x,0,0
8,white_centroid_y,7,0.538461538461538
8,white_cov_xx,13,1
8,white_cov_yy,0,0
8,white_cov_xy,0,0
8,bottom4_dark_left,0,0
8,bottom4_dark_center,0,0
8,bottom4_dark_right,0,0
8,bottom_white_run_mean,0,0
8,bottom_white_run_max,0,0
8,bottom_white_run_std,0,0
8,bottom_edge_valid_percent,0,0
8,bottom_edge_slope,0,0
8,bottom_edge_residual,0,0
8,left_edge_valid_percent,13,1
8,left_edge_slope,10,0.769230769230769
8,left_edge_residual,5,0.384615384615385
8,right_edge_valid_percent,13,1
8,right_edge_slope,0,0
8,right_edge_residual,0,0
8,grid_dark_r1_c1,1,0.0769230769230769
8,grid_dark_r1_c2,0,0
8,grid_dark_r1_c3,0,0
8,grid_dark_r1_c4,0,0
8,grid_dark_r1_c5,13,1
8,grid_dark_r2_c1,0,0
8,grid_dark_r2_c2,0,0
8,grid_dark_r2_c3,0,0
8,grid_dark_r2_c4,0,0
8,grid_dark_r2_c5,0,0
8,grid_dark_r3_c1,12,0.923076923076923
8,grid_dark_r3_c2,0,0
8,grid_dark_r3_c3,0,0
8,grid_dark_r3_c4,0,0
8,grid_dark_r3_c5,0,0
8,grid_dark_r4_c1,0,0
8,grid_dark_r4_c2,0,0
8,grid_dark_r4_c3,0,0
8,grid_dark_r4_c4,0,0
8,grid_dark_r4_c5,0,0
12,dark_all,0,0
12,dark_left,0,0
12,dark_center,0,0
12,dark_right,0,0
12,dark_top_half,0,0
12,dark_bottom_half,0,0
12,dark_left_edge,8,0.615384615384615
12,dark_right_edge,3,0.230769230769231
12,row_dark_min,0,0
12,row_dark_max,9,0.692307692307692
12,row_dark_std,0,0
12,column_dark_min,0,0
12,column_dark_max,0,0
12,column_dark_std,1,0.0769230769230769
12,center_row_dark_min,0,0
12,center_row_dark_max,0,0
12,center_row_dark_std,0,0
12,center_column_dark_min,13,1
12,center_column_dark_max,0,0
12,center_column_dark_std,11,0.846153846153846
12,white_left_border_mean,0,0
12,white_left_border_max,0,0
12,white_right_border_mean,0,0
12,white_right_border_max,0,0
12,white_top_border_mean,0,0
12,white_top_border_max,0,0
12,white_bottom_border_mean,0,0
12,white_bottom_border_max,0,0
12,internal_white_mean,0,0
12,internal_white_max,0,0
12,row_transition_mean,0,0
12,row_transition_max,0,0
12,longest_white_run_mean,0,0
12,longest_white_run_max,0,0
12,vertical_white_columns_75,0,0
12,horizontal_white_rows_75,0,0
12,dark_bbox_width,0,0
12,dark_bbox_height,0,0
12,white_centroid_x,0,0
12,white_centroid_y,12,0.923076923076923
12,white_cov_xx,13,1
12,white_cov_yy,0,0
12,white_cov_xy,0,0
12,bottom4_dark_left,0,0
12,bottom4_dark_center,0,0
12,bottom4_dark_right,0,0
12,bottom_white_run_mean,0,0
12,bottom_white_run_max,0,0
12,bottom_white_run_std,0,0
12,bottom_edge_valid_percent,0,0
12,bottom_edge_slope,0,0
12,bottom_edge_residual,0,0
12,left_edge_valid_percent,13,1
12,left_edge_slope,12,0.923076923076923
12,left_edge_residual,10,0.769230769230769
12,right_edge_valid_percent,13,1
12,right_edge_slope,0,0
12,right_edge_residual,0,0
12,grid_dark_r1_c1,10,0.769230769230769
12,grid_dark_r1_c2,0,0
12,grid_dark_r1_c3,0,0
12,grid_dark_r1_c4,0,0
12,grid_dark_r1_c5,13,1
12,grid_dark_r2_c1,0,0
12,grid_dark_r2_c2,0,0
12,grid_dark_r2_c3,0,0
12,grid_dark_r2_c4,0,0
12,grid_dark_r2_c5,0,0
12,grid_dark_r3_c1,13,1
12,grid_dark_r3_c2,1,0.0769230769230769
12,grid_dark_r3_c3,0,0
12,grid_dark_r3_c4,0,0
12,grid_dark_r3_c5,0,0
12,grid_dark_r4_c1,1,0.0769230769230769
12,grid_dark_r4_c2,0,0
12,grid_dark_r4_c3,0,0
12,grid_dark_r4_c4,0,0
12,grid_dark_r4_c5,0,0
16,dark_all,0,0
16,dark_left,3,0.230769230769231
16,dark_center,0,0
16,dark_right,0,0
16,dark_top_half,0,0
16,dark_bottom_half,0,0
16,dark_left_edge,13,1
16,dark_right_edge,13,1
16,row_dark_min,0,0
16,row_dark_max,13,1
16,row_dark_std,0,0
16,column_dark_min,1,0.0769230769230769
16,column_dark_max,0,0
16,column_dark_std,10,0.769230769230769
16,center_row_dark_min,0,0
16,center_row_dark_max,0,0
16,center_row_dark_std,0,0
16,center_column_dark_min,13,1
16,center_column_dark_max,0,0
16,center_column_dark_std,13,1
16,white_left_border_mean,0,0
16,white_left_border_max,0,0
16,white_right_border_mean,0,0
16,white_right_border_max,0,0
16,white_top_border_mean,0,0
16,white_top_border_max,0,0
16,white_bottom_border_mean,0,0
16,white_bottom_border_max,0,0
16,internal_white_mean,0,0
16,internal_white_max,0,0
16,row_transition_mean,0,0
16,row_transition_max,0,0
16,longest_white_run_mean,0,0
16,longest_white_run_max,0,0
16,vertical_white_columns_75,0,0
16,horizontal_white_rows_75,0,0
16,dark_bbox_width,0,0
16,dark_bbox_height,0,0
16,white_centroid_x,0,0
16,white_centroid_y,12,0.923076923076923
16,white_cov_xx,13,1
16,white_cov_yy,0,0
16,white_cov_xy,0,0
16,bottom4_dark_left,0,0
16,bottom4_dark_center,0,0
16,bottom4_dark_right,0,0
16,bottom_white_run_mean,0,0
16,bottom_white_run_max,0,0
16,bottom_white_run_std,0,0
16,bottom_edge_valid_percent,0,0
16,bottom_edge_slope,0,0
16,bottom_edge_residual,2,0.153846153846154
16,left_edge_valid_percent,13,1
16,left_edge_slope,12,0.923076923076923
16,left_edge_residual,11,0.846153846153846
16,right_edge_valid_percent,13,1
16,right_edge_slope,0,0
16,right_edge_residual,0,0
16,grid_dark_r1_c1,13,1
16,grid_dark_r1_c2,0,0
16,grid_dark_r1_c3,0,0
16,grid_dark_r1_c4,0,0
16,grid_dark_r1_c5,13,1
16,grid_dark_r2_c1,1,0.0769230769230769
16,grid_dark_r2_c2,0,0
16,grid_dark_r2_c3,1,0.0769230769230769
16,grid_dark_r2_c4,0,0
16,grid_dark_r2_c5,1,0.0769230769230769
16,grid_dark_r3_c1,13,1
16,grid_dark_r3_c2,10,0.769230769230769
16,grid_dark_r3_c3,0,0
16,grid_dark_r3_c4,0,0
16,grid_dark_r3_c5,0,0
16,grid_dark_r4_c1,1,0.0769230769230769
16,grid_dark_r4_c2,0,0
16,grid_dark_r4_c3,0,0
16,grid_dark_r4_c4,0,0
16,grid_dark_r4_c5,0,0
24,dark_all,12,0.923076923076923
24,dark_left,13,1
24,dark_center,0,0
24,dark_right,12,0.923076923076923
24,dark_top_half,1,0.0769230769230769
24,dark_bottom_half,11,0.846153846153846
24,dark_left_edge,13,1
24,dark_right_edge,13,1
24,row_dark_min,0,0
24,row_dark_max,13,1
24,row_dark_std,0,0
24,column_dark_min,2,0.153846153846154
24,column_dark_max,0,0
24,column_dark_std,12,0.923076923076923
24,center_row_dark_min,0,0
24,center_row_dark_max,9,0.692307692307692
24,center_row_dark_std,0,0
24,center_column_dark_min,13,1
24,center_column_dark_max,0,0
24,center_column_dark_std,13,1
24,white_left_border_mean,0,0
24,white_left_border_max,0,0
24,white_right_border_mean,0,0
24,white_right_border_max,11,0.846153846153846
24,white_top_border_mean,2,0.153846153846154
24,white_top_border_max,0,0
24,white_bottom_border_mean,0,0
24,white_bottom_border_max,0,0
24,internal_white_mean,0,0
24,internal_white_max,0,0
24,row_transition_mean,0,0
24,row_transition_max,0,0
24,longest_white_run_mean,12,0.923076923076923
24,longest_white_run_max,0,0
24,vertical_white_columns_75,0,0
24,horizontal_white_rows_75,0,0
24,dark_bbox_width,0,0
24,dark_bbox_height,0,0
24,white_centroid_x,0,0
24,white_centroid_y,13,1
24,white_cov_xx,13,1
24,white_cov_yy,0,0
24,white_cov_xy,1,0.0769230769230769
24,bottom4_dark_left,1,0.0769230769230769
24,bottom4_dark_center,0,0
24,bottom4_dark_right,0,0
24,bottom_white_run_mean,0,0
24,bottom_white_run_max,0,0
24,bottom_white_run_std,1,0.0769230769230769
24,bottom_edge_valid_percent,0,0
24,bottom_edge_slope,0,0
24,bottom_edge_residual,2,0.153846153846154
24,left_edge_valid_percent,13,1
24,left_edge_slope,12,0.923076923076923
24,left_edge_residual,13,1
24,right_edge_valid_percent,13,1
24,right_edge_slope,0,0
24,right_edge_residual,0,0
24,grid_dark_r1_c1,13,1
24,grid_dark_r1_c2,0,0
24,grid_dark_r1_c3,0,0
24,grid_dark_r1_c4,3,0.230769230769231
24,grid_dark_r1_c5,13,1
24,grid_dark_r2_c1,1,0.0769230769230769
24,grid_dark_r2_c2,0,0
24,grid_dark_r2_c3,10,0.769230769230769
24,grid_dark_r2_c4,1,0.0769230769230769
24,grid_dark_r2_c5,1,0.0769230769230769
24,grid_dark_r3_c1,13,1
24,grid_dark_r3_c2,11,0.846153846153846
24,grid_dark_r3_c3,0,0
24,grid_dark_r3_c4,0,0
24,grid_dark_r3_c5,0,0
24,grid_dark_r4_c1,2,0.153846153846154
24,grid_dark_r4_c2,0,0
24,grid_dark_r4_c3,0,0
24,grid_dark_r4_c4,0,0
24,grid_dark_r4_c5,0,0
32,dark_all,13,1
32,dark_left,13,1
32,dark_center,0,0
32,dark_right,13,1
32,dark_top_half,13,1
32,dark_bottom_half,12,0.923076923076923
32,dark_left_edge,13,1
32,dark_right_edge,13,1
32,row_dark_min,0,0
32,row_dark_max,13,1
32,row_dark_std,0,0
32,column_dark_min,10,0.769230769230769
32,column_dark_max,0,0
32,column_dark_std,13,1
32,center_row_dark_min,0,0
32,center_row_dark_max,12,0.923076923076923
32,center_row_dark_std,0,0
32,center_column_dark_min,13,1
32,center_column_dark_max,0,0
32,center_column_dark_std,13,1
32,white_left_border_mean,0,0
32,white_left_border_max,0,0
32,white_right_border_mean,3,0.230769230769231
32,white_right_border_max,12,0.923076923076923
32,white_top_border_mean,13,1
32,white_top_border_max,0,0
32,white_bottom_border_mean,1,0.0769230769230769
32,white_bottom_border_max,0,0
32,internal_white_mean,0,0
32,internal_white_max,0,0
32,row_transition_mean,0,0
32,row_transition_max,2,0.153846153846154
32,longest_white_run_mean,13,1
32,longest_white_run_max,1,0.0769230769230769
32,vertical_white_columns_75,0,0
32,horizontal_white_rows_75,0,0
32,dark_bbox_width,1,0.0769230769230769
32,dark_bbox_height,0,0
32,white_centroid_x,1,0.0769230769230769
32,white_centroid_y,13,1
32,white_cov_xx,13,1
32,white_cov_yy,9,0.692307692307692
32,white_cov_xy,1,0.0769230769230769
32,bottom4_dark_left,2,0.153846153846154
32,bottom4_dark_center,0,0
32,bottom4_dark_right,3,0.230769230769231
32,bottom_white_run_mean,0,0
32,bottom_white_run_max,0,0
32,bottom_white_run_std,1,0.0769230769230769
32,bottom_edge_valid_percent,0,0
32,bottom_edge_slope,1,0.0769230769230769
32,bottom_edge_residual,10,0.769230769230769
32,left_edge_valid_percent,13,1
32,left_edge_slope,12,0.923076923076923
32,left_edge_residual,13,1
32,right_edge_valid_percent,13,1
32,right_edge_slope,0,0
32,right_edge_residual,0,0
32,grid_dark_r1_c1,13,1
32,grid_dark_r1_c2,0,0
32,grid_dark_r1_c3,0,0
32,grid_dark_r1_c4,11,0.846153846153846
32,grid_dark_r1_c5,13,1
32,grid_dark_r2_c1,1,0.0769230769230769
32,grid_dark_r2_c2,0,0
32,grid_dark_r2_c3,12,0.923076923076923
32,grid_dark_r2_c4,10,0.769230769230769
32,grid_dark_r2_c5,1,0.0769230769230769
32,grid_dark_r3_c1,13,1
32,grid_dark_r3_c2,12,0.923076923076923
32,grid_dark_r3_c3,0,0
32,grid_dark_r3_c4,0,0
32,grid_dark_r3_c5,1,0.0769230769230769
32,grid_dark_r4_c1,12,0.923076923076923
32,grid_dark_r4_c2,0,0
32,grid_dark_r4_c3,0,0
32,grid_dark_r4_c4,1,0.0769230769230769
32,grid_dark_r4_c5,1,0.0769230769230769
48,dark_all,13,1
48,dark_left,13,1
48,dark_center,1,0.0769230769230769
48,dark_right,13,1
48,dark_top_half,13,1
48,dark_bottom_half,13,1
48,dark_left_edge,13,1
48,dark_right_edge,13,1
48,row_dark_min,3,0.230769230769231
48,row_dark_max,13,1
48,row_dark_std,0,0
48,column_dark_min,12,0.923076923076923
48,column_dark_max,0,0
48,column_dark_std,13,1
48,center_row_dark_min,0,0
48,center_row_dark_max,13,1
48,center_row_dark_std,0,0
48,center_column_dark_min,13,1
48,center_column_dark_max,1,0.0769230769230769
48,center_column_dark_std,13,1
48,white_left_border_mean,1,0.0769230769230769
48,white_left_border_max,11,0.846153846153846
48,white_right_border_mean,13,1
48,white_right_border_max,13,1
48,white_top_border_mean,13,1
48,white_top_border_max,0,0
48,white_bottom_border_mean,13,1
48,white_bottom_border_max,1,0.0769230769230769
48,internal_white_mean,3,0.230769230769231
48,internal_white_max,0,0
48,row_transition_mean,1,0.0769230769230769
48,row_transition_max,12,0.923076923076923
48,longest_white_run_mean,13,1
48,longest_white_run_max,13,1
48,vertical_white_columns_75,10,0.769230769230769
48,horizontal_white_rows_75,0,0
48,dark_bbox_width,1,0.0769230769230769
48,dark_bbox_height,0,0
48,white_centroid_x,11,0.846153846153846
48,white_centroid_y,13,1
48,white_cov_xx,13,1
48,white_cov_yy,12,0.923076923076923
48,white_cov_xy,2,0.153846153846154
48,bottom4_dark_left,12,0.923076923076923
48,bottom4_dark_center,0,0
48,bottom4_dark_right,13,1
48,bottom_white_run_mean,13,1
48,bottom_white_run_max,1,0.0769230769230769
48,bottom_white_run_std,13,1
48,bottom_edge_valid_percent,7,0.538461538461538
48,bottom_edge_slope,1,0.0769230769230769
48,bottom_edge_residual,12,0.923076923076923
48,left_edge_valid_percent,13,1
48,left_edge_slope,13,1
48,left_edge_residual,13,1
48,right_edge_valid_percent,13,1
48,right_edge_slope,0,0
48,right_edge_residual,0,0
48,grid_dark_r1_c1,13,1
48,grid_dark_r1_c2,0,0
48,grid_dark_r1_c3,5,0.384615384615385
48,grid_dark_r1_c4,12,0.923076923076923
48,grid_dark_r1_c5,13,1
48,grid_dark_r2_c1,1,0.0769230769230769
48,grid_dark_r2_c2,0,0
48,grid_dark_r2_c3,12,0.923076923076923
48,grid_dark_r2_c4,13,1
48,grid_dark_r2_c5,12,0.923076923076923
48,grid_dark_r3_c1,13,1
48,grid_dark_r3_c2,13,1
48,grid_dark_r3_c3,1,0.0769230769230769
48,grid_dark_r3_c4,11,0.846153846153846
48,grid_dark_r3_c5,11,0.846153846153846
48,grid_dark_r4_c1,12,0.923076923076923
48,grid_dark_r4_c2,1,0.0769230769230769
48,grid_dark_r4_c3,1,0.0769230769230769
48,grid_dark_r4_c4,1,0.0769230769230769
48,grid_dark_r4_c5,13,1
64,dark_all,13,1
64,dark_left,13,1
64,dark_center,13,1
64,dark_right,13,1
64,dark_top_half,13,1
64,dark_bottom_half,13,1
64,dark_left_edge,13,1
64,dark_right_edge,13,1
64,row_dark_min,13,1
64,row_dark_max,13,1
64,row_dark_std,6,0.461538461538462
64,column_dark_min,12,0.923076923076923
64,column_dark_max,1,0.0769230769230769
64,column_dark_std,13,1
64,center_row_dark_min,2,0.153846153846154
64,center_row_dark_max,13,1
64,center_row_dark_std,12,0.923076923076923
64,center_column_dark_min,13,1
64,center_column_dark_max,13,1
64,center_column_dark_std,13,1
64,white_left_border_mean,13,1
64,white_left_border_max,13,1
64,white_right_border_mean,13,1
64,white_right_border_max,13,1
64,white_top_border_mean,13,1
64,white_top_border_max,10,0.769230769230769
64,white_bottom_border_mean,13,1
64,white_bottom_border_max,12,0.923076923076923
64,internal_white_mean,12,0.923076923076923
64,internal_white_max,2,0.153846153846154
64,row_transition_mean,4,0.307692307692308
64,row_transition_max,12,0.923076923076923
64,longest_white_run_mean,13,1
64,longest_white_run_max,13,1
64,vertical_white_columns_75,13,1
64,horizontal_white_rows_75,0,0
64,dark_bbox_width,11,0.846153846153846
64,dark_bbox_height,0,0
64,white_centroid_x,13,1
64,white_centroid_y,13,1
64,white_cov_xx,13,1
64,white_cov_yy,12,0.923076923076923
64,white_cov_xy,2,0.153846153846154
64,bottom4_dark_left,12,0.923076923076923
64,bottom4_dark_center,2,0.153846153846154
64,bottom4_dark_right,13,1
64,bottom_white_run_mean,13,1
64,bottom_white_run_max,11,0.846153846153846
64,bottom_white_run_std,13,1
64,bottom_edge_valid_percent,13,1
64,bottom_edge_slope,2,0.153846153846154
64,bottom_edge_residual,13,1
64,left_edge_valid_percent,13,1
64,left_edge_slope,13,1
64,left_edge_residual,13,1
64,right_edge_valid_percent,13,1
64,right_edge_slope,0,0
64,right_edge_residual,11,0.846153846153846
64,grid_dark_r1_c1,13,1
64,grid_dark_r1_c2,2,0.153846153846154
64,grid_dark_r1_c3,12,0.923076923076923
64,grid_dark_r1_c4,13,1
64,grid_dark_r1_c5,13,1
64,grid_dark_r2_c1,10,0.769230769230769
64,grid_dark_r2_c2,4,0.307692307692308
64,grid_dark_r2_c3,12,0.923076923076923
64,grid_dark_r2_c4,13,1
64,grid_dark_r2_c5,13,1
64,grid_dark_r3_c1,13,1
64,grid_dark_r3_c2,13,1
64,grid_dark_r3_c3,11,0.846153846153846
64,grid_dark_r3_c4,13,1
64,grid_dark_r3_c5,13,1
64,grid_dark_r4_c1,13,1
64,grid_dark_r4_c2,8,0.615384615384615
64,grid_dark_r4_c3,2,0.153846153846154
64,grid_dark_r4_c4,12,0.923076923076923
64,grid_dark_r4_c5,13,1
78,dark_all,13,1
78,dark_left,13,1
78,dark_center,13,1
78,dark_right,13,1
78,dark_top_half,13,1
78,dark_bottom_half,13,1
78,dark_left_edge,13,1
78,dark_right_edge,13,1
78,row_dark_min,13,1
78,row_dark_max,13,1
78,row_dark_std,13,1
78,column_dark_min,13,1
78,column_dark_max,13,1
78,column_dark_std,13,1
78,center_row_dark_min,13,1
78,center_row_dark_max,13,1
78,center_row_dark_std,13,1
78,center_column_dark_min,13,1
78,center_column_dark_max,13,1
78,center_column_dark_std,13,1
78,white_left_border_mean,13,1
78,white_left_border_max,13,1
78,white_right_border_mean,13,1
78,white_right_border_max,13,1
78,white_top_border_mean,13,1
78,white_top_border_max,13,1
78,white_bottom_border_mean,13,1
78,white_bottom_border_max,13,1
78,internal_white_mean,13,1
78,internal_white_max,13,1
78,row_transition_mean,13,1
78,row_transition_max,13,1
78,longest_white_run_mean,13,1
78,longest_white_run_max,13,1
78,vertical_white_columns_75,13,1
78,horizontal_white_rows_75,13,1
78,dark_bbox_width,13,1
78,dark_bbox_height,13,1
78,white_centroid_x,13,1
78,white_centroid_y,13,1
78,white_cov_xx,13,1
78,white_cov_yy,13,1
78,white_cov_xy,13,1
78,bottom4_dark_left,13,1
78,bottom4_dark_center,13,1
78,bottom4_dark_right,13,1
78,bottom_white_run_mean,13,1
78,bottom_white_run_max,13,1
78,bottom_white_run_std,13,1
78,bottom_edge_valid_percent,13,1
78,bottom_edge_slope,13,1
78,bottom_edge_residual,13,1
78,left_edge_valid_percent,13,1
78,left_edge_slope,13,1
78,left_edge_residual,13,1
78,right_edge_valid_percent,13,1
78,right_edge_slope,13,1
78,right_edge_residual,13,1
78,grid_dark_r1_c1,13,1
78,grid_dark_r1_c2,13,1
78,grid_dark_r1_c3,13,1
78,grid_dark_r1_c4,13,1
78,grid_dark_r1_c5,13,1
78,grid_dark_r2_c1,13,1
78,grid_dark_r2_c2,13,1
78,grid_dark_r2_c3,13,1
78,grid_dark_r2_c4,13,1
78,grid_dark_r2_c5,13,1
78,grid_dark_r3_c1,13,1
78,grid_dark_r3_c2,13,1
78,grid_dark_r3_c3,13,1
78,grid_dark_r3_c4,13,1
78,grid_dark_r3_c5,13,1
78,grid_dark_r4_c1,13,1
78,grid_dark_r4_c2,13,1
78,grid_dark_r4_c3,13,1
78,grid_dark_r4_c4,13,1
78,grid_dark_r4_c5,13,1
