threshold,evaluated_count,true_danger,missed_danger,false_danger,true_safe,danger_recall,safe_recall,balanced_accuracy
0,311,114,0,197,0,1,0,0.5
0.001,311,114,0,197,0,1,0,0.5
0.002,311,114,0,197,0,1,0,0.5
0.003,311,114,0,197,0,1,0,0.5
0.004,311,114,0,197,0,1,0,0.5
0.005,311,114,0,197,0,1,0,0.5
0.006,311,112,2,155,42,0.982456140350877,0.213197969543147,0.597827054947012
0.007,311,111,3,75,122,0.973684210526316,0.619289340101523,0.796486775313919
0.008,311,111,3,33,164,0.973684210526316,0.83248730964467,0.903085760085493
0.009,311,111,3,33,164,0.973684210526316,0.83248730964467,0.903085760085493
0.01,311,111,3,33,164,0.973684210526316,0.83248730964467,0.903085760085493
0.011,311,111,3,33,164,0.973684210526316,0.83248730964467,0.903085760085493
0.012,311,111,3,33,164,0.973684210526316,0.83248730964467,0.903085760085493
0.013,311,111,3,33,164,0.973684210526316,0.83248730964467,0.903085760085493
0.014,311,111,3,33,164,0.973684210526316,0.83248730964467,0.903085760085493
0.015,311,111,3,33,164,0.973684210526316,0.83248730964467,0.903085760085493
0.016,311,111,3,33,164,0.973684210526316,0.83248730964467,0.903085760085493
0.017,311,111,3,33,164,0.973684210526316,0.83248730964467,0.903085760085493
0.018,311,111,3,33,164,0.973684210526316,0.83248730964467,0.903085760085493
0.019,311,111,3,33,164,0.973684210526316,0.83248730964467,0.903085760085493
0.02,311,111,3,33,164,0.973684210526316,0.83248730964467,0.903085760085493
0.021,311,111,3,33,164,0.973684210526316,0.83248730964467,0.903085760085493
0.022,311,111,3,33,164,0.973684210526316,0.83248730964467,0.903085760085493
0.023,311,111,3,33,164,0.973684210526316,0.83248730964467,0.903085760085493
0.024,311,111,3,33,164,0.973684210526316,0.83248730964467,0.903085760085493
0.025,311,111,3,33,164,0.973684210526316,0.83248730964467,0.903085760085493
0.026,311,111,3,33,164,0.973684210526316,0.83248730964467,0.903085760085493
0.027,311,111,3,33,164,0.973684210526316,0.83248730964467,0.903085760085493
0.028,311,111,3,33,164,0.973684210526316,0.83248730964467,0.903085760085493
0.029,311,111,3,33,164,0.973684210526316,0.83248730964467,0.903085760085493
0.03,311,111,3,33,164,0.973684210526316,0.83248730964467,0.903085760085493
0.031,311,111,3,33,164,0.973684210526316,0.83248730964467,0.903085760085493
0.032,311,111,3,33,164,0.973684210526316,0.83248730964467,0.903085760085493
0.033,311,111,3,33,164,0.973684210526316,0.83248730964467,0.903085760085493
0.034,311,111,3,33,164,0.973684210526316,0.83248730964467,0.903085760085493
0.035,311,111,3,33,164,0.973684210526316,0.83248730964467,0.903085760085493
0.036,311,111,3,33,164,0.973684210526316,0.83248730964467,0.903085760085493
0.037,311,111,3,33,164,0.973684210526316,0.83248730964467,0.903085760085493
0.038,311,111,3,33,164,0.973684210526316,0.83248730964467,0.903085760085493
0.039,311,111,3,33,164,0.973684210526316,0.83248730964467,0.903085760085493
0.04,311,111,3,33,164,0.973684210526316,0.83248730964467,0.903085760085493
0.041,311,111,3,33,164,0.973684210526316,0.83248730964467,0.903085760085493
0.042,311,111,3,33,164,0.973684210526316,0.83248730964467,0.903085760085493
0.043,311,111,3,33,164,0.973684210526316,0.83248730964467,0.903085760085493
0.044,311,111,3,33,164,0.973684210526316,0.83248730964467,0.903085760085493
0.045,311,111,3,33,164,0.973684210526316,0.83248730964467,0.903085760085493
0.046,311,111,3,33,164,0.973684210526316,0.83248730964467,0.903085760085493
0.047,311,111,3,33,164,0.973684210526316,0.83248730964467,0.903085760085493
0.048,311,111,3,33,164,0.973684210526316,0.83248730964467,0.903085760085493
0.049,311,111,3,33,164,0.973684210526316,0.83248730964467,0.903085760085493
0.05,311,111,3,33,164,0.973684210526316,0.83248730964467,0.903085760085493
0.051,311,111,3,33,164,0.973684210526316,0.83248730964467,0.903085760085493
0.052,311,111,3,33,164,0.973684210526316,0.83248730964467,0.903085760085493
0.053,311,111,3,33,164,0.973684210526316,0.83248730964467,0.903085760085493
0.054,311,111,3,33,164,0.973684210526316,0.83248730964467,0.903085760085493
0.055,311,111,3,33,164,0.973684210526316,0.83248730964467,0.903085760085493
0.056,311,111,3,33,164,0.973684210526316,0.83248730964467,0.903085760085493
0.057,311,111,3,33,164,0.973684210526316,0.83248730964467,0.903085760085493
0.058,311,111,3,33,164,0.973684210526316,0.83248730964467,0.903085760085493
0.059,311,111,3,33,164,0.973684210526316,0.83248730964467,0.903085760085493
0.06,311,111,3,33,164,0.973684210526316,0.83248730964467,0.903085760085493
0.061,311,111,3,33,164,0.973684210526316,0.83248730964467,0.903085760085493
0.062,311,111,3,33,164,0.973684210526316,0.83248730964467,0.903085760085493
0.063,311,111,3,33,164,0.973684210526316,0.83248730964467,0.903085760085493
0.064,311,111,3,33,164,0.973684210526316,0.83248730964467,0.903085760085493
0.065,311,111,3,33,164,0.973684210526316,0.83248730964467,0.903085760085493
0.066,311,111,3,33,164,0.973684210526316,0.83248730964467,0.903085760085493
0.067,311,111,3,33,164,0.973684210526316,0.83248730964467,0.903085760085493
0.068,311,111,3,33,164,0.973684210526316,0.83248730964467,0.903085760085493
0.069,311,111,3,33,164,0.973684210526316,0.83248730964467,0.903085760085493
0.07,311,111,3,33,164,0.973684210526316,0.83248730964467,0.903085760085493
0.071,311,111,3,33,164,0.973684210526316,0.83248730964467,0.903085760085493
0.072,311,111,3,33,164,0.973684210526316,0.83248730964467,0.903085760085493
0.073,311,111,3,33,164,0.973684210526316,0.83248730964467,0.903085760085493
0.074,311,111,3,33,164,0.973684210526316,0.83248730964467,0.903085760085493
0.075,311,111,3,33,164,0.973684210526316,0.83248730964467,0.903085760085493
0.076,311,111,3,33,164,0.973684210526316,0.83248730964467,0.903085760085493
0.077,311,111,3,33,164,0.973684210526316,0.83248730964467,0.903085760085493
0.078,311,111,3,33,164,0.973684210526316,0.83248730964467,0.903085760085493
0.079,311,111,3,33,164,0.973684210526316,0.83248730964467,0.903085760085493
0.08,311,111,3,33,164,0.973684210526316,0.83248730964467,0.903085760085493
0.081,311,111,3,33,164,0.973684210526316,0.83248730964467,0.903085760085493
0.082,311,111,3,33,164,0.973684210526316,0.83248730964467,0.903085760085493
0.083,311,111,3,33,164,0.973684210526316,0.83248730964467,0.903085760085493
0.084,311,111,3,33,164,0.973684210526316,0.83248730964467,0.903085760085493
0.085,311,111,3,33,164,0.973684210526316,0.83248730964467,0.903085760085493
0.086,311,111,3,33,164,0.973684210526316,0.83248730964467,0.903085760085493
0.087,311,111,3,33,164,0.973684210526316,0.83248730964467,0.903085760085493
0.088,311,111,3,33,164,0.973684210526316,0.83248730964467,0.903085760085493
0.089,311,111,3,33,164,0.973684210526316,0.83248730964467,0.903085760085493
0.09,311,111,3,33,164,0.973684210526316,0.83248730964467,0.903085760085493
0.091,311,97,17,33,164,0.850877192982456,0.83248730964467,0.841682251313563
0.092,311,97,17,33,164,0.850877192982456,0.83248730964467,0.841682251313563
0.093,311,97,17,33,164,0.850877192982456,0.83248730964467,0.841682251313563
0.094,311,97,17,33,164,0.850877192982456,0.83248730964467,0.841682251313563
0.095,311,97,17,33,164,0.850877192982456,0.83248730964467,0.841682251313563
0.096,311,97,17,33,164,0.850877192982456,0.83248730964467,0.841682251313563
0.097,311,97,17,33,164,0.850877192982456,0.83248730964467,0.841682251313563
0.098,311,97,17,33,164,0.850877192982456,0.83248730964467,0.841682251313563
0.099,311,97,17,33,164,0.850877192982456,0.83248730964467,0.841682251313563
0.1,311,97,17,33,164,0.850877192982456,0.83248730964467,0.841682251313563
0.101,311,97,17,33,164,0.850877192982456,0.83248730964467,0.841682251313563
0.102,311,97,17,33,164,0.850877192982456,0.83248730964467,0.841682251313563
0.103,311,97,17,33,164,0.850877192982456,0.83248730964467,0.841682251313563
0.104,311,97,17,33,164,0.850877192982456,0.83248730964467,0.841682251313563
0.105,311,97,17,33,164,0.850877192982456,0.83248730964467,0.841682251313563
0.106,311,97,17,33,164,0.850877192982456,0.83248730964467,0.841682251313563
0.107,311,97,17,33,164,0.850877192982456,0.83248730964467,0.841682251313563
0.108,311,97,17,33,164,0.850877192982456,0.83248730964467,0.841682251313563
0.109,311,97,17,33,164,0.850877192982456,0.83248730964467,0.841682251313563
0.11,311,97,17,33,164,0.850877192982456,0.83248730964467,0.841682251313563
0.111,311,97,17,33,164,0.850877192982456,0.83248730964467,0.841682251313563
0.112,311,97,17,33,164,0.850877192982456,0.83248730964467,0.841682251313563
0.113,311,97,17,33,164,0.850877192982456,0.83248730964467,0.841682251313563
0.114,311,97,17,33,164,0.850877192982456,0.83248730964467,0.841682251313563
0.115,311,97,17,33,164,0.850877192982456,0.83248730964467,0.841682251313563
0.116,311,97,17,33,164,0.850877192982456,0.83248730964467,0.841682251313563
0.117,311,97,17,33,164,0.850877192982456,0.83248730964467,0.841682251313563
0.118,311,97,17,33,164,0.850877192982456,0.83248730964467,0.841682251313563
0.119,311,97,17,33,164,0.850877192982456,0.83248730964467,0.841682251313563
0.12,311,97,17,33,164,0.850877192982456,0.83248730964467,0.841682251313563
0.121,311,97,17,33,164,0.850877192982456,0.83248730964467,0.841682251313563
0.122,311,97,17,33,164,0.850877192982456,0.83248730964467,0.841682251313563
0.123,311,97,17,33,164,0.850877192982456,0.83248730964467,0.841682251313563
0.124,311,97,17,33,164,0.850877192982456,0.83248730964467,0.841682251313563
0.125,311,97,17,33,164,0.850877192982456,0.83248730964467,0.841682251313563
0.126,311,97,17,33,164,0.850877192982456,0.83248730964467,0.841682251313563
0.127,311,97,17,33,164,0.850877192982456,0.83248730964467,0.841682251313563
0.128,311,97,17,33,164,0.850877192982456,0.83248730964467,0.841682251313563
0.129,311,97,17,33,164,0.850877192982456,0.83248730964467,0.841682251313563
0.13,311,97,17,33,164,0.850877192982456,0.83248730964467,0.841682251313563
0.131,311,97,17,33,164,0.850877192982456,0.83248730964467,0.841682251313563
0.132,311,97,17,33,164,0.850877192982456,0.83248730964467,0.841682251313563
0.133,311,97,17,33,164,0.850877192982456,0.83248730964467,0.841682251313563
0.134,311,97,17,33,164,0.850877192982456,0.83248730964467,0.841682251313563
0.135,311,97,17,33,164,0.850877192982456,0.83248730964467,0.841682251313563
0.136,311,97,17,33,164,0.850877192982456,0.83248730964467,0.841682251313563
0.137,311,97,17,33,164,0.850877192982456,0.83248730964467,0.841682251313563
0.138,311,97,17,33,164,0.850877192982456,0.83248730964467,0.841682251313563
0.139,311,97,17,33,164,0.850877192982456,0.83248730964467,0.841682251313563
0.14,311,97,17,33,164,0.850877192982456,0.83248730964467,0.841682251313563
0.141,311,97,17,33,164,0.850877192982456,0.83248730964467,0.841682251313563
0.142,311,97,17,33,164,0.850877192982456,0.83248730964467,0.841682251313563
0.143,311,97,17,33,164,0.850877192982456,0.83248730964467,0.841682251313563
0.144,311,97,17,33,164,0.850877192982456,0.83248730964467,0.841682251313563
0.145,311,97,17,33,164,0.850877192982456,0.83248730964467,0.841682251313563
0.146,311,97,17,33,164,0.850877192982456,0.83248730964467,0.841682251313563
0.147,311,97,17,33,164,0.850877192982456,0.83248730964467,0.841682251313563
0.148,311,97,17,33,164,0.850877192982456,0.83248730964467,0.841682251313563
0.149,311,97,17,33,164,0.850877192982456,0.83248730964467,0.841682251313563
0.15,311,97,17,33,164,0.850877192982456,0.83248730964467,0.841682251313563
0.151,311,97,17,33,164,0.850877192982456,0.83248730964467,0.841682251313563
0.152,311,97,17,33,164,0.850877192982456,0.83248730964467,0.841682251313563
0.153,311,97,17,33,164,0.850877192982456,0.83248730964467,0.841682251313563
0.154,311,97,17,33,164,0.850877192982456,0.83248730964467,0.841682251313563
0.155,311,97,17,33,164,0.850877192982456,0.83248730964467,0.841682251313563
0.156,311,97,17,33,164,0.850877192982456,0.83248730964467,0.841682251313563
0.157,311,97,17,33,164,0.850877192982456,0.83248730964467,0.841682251313563
0.158,311,97,17,33,164,0.850877192982456,0.83248730964467,0.841682251313563
0.159,311,97,17,33,164,0.850877192982456,0.83248730964467,0.841682251313563
0.16,311,97,17,33,164,0.850877192982456,0.83248730964467,0.841682251313563
0.161,311,97,17,33,164,0.850877192982456,0.83248730964467,0.841682251313563
0.162,311,97,17,33,164,0.850877192982456,0.83248730964467,0.841682251313563
0.163,311,97,17,33,164,0.850877192982456,0.83248730964467,0.841682251313563
0.164,311,97,17,33,164,0.850877192982456,0.83248730964467,0.841682251313563
0.165,311,97,17,33,164,0.850877192982456,0.83248730964467,0.841682251313563
0.166,311,97,17,33,164,0.850877192982456,0.83248730964467,0.841682251313563
0.167,311,89,25,33,164,0.780701754385965,0.83248730964467,0.806594532015318
0.168,311,89,25,33,164,0.780701754385965,0.83248730964467,0.806594532015318
0.169,311,89,25,33,164,0.780701754385965,0.83248730964467,0.806594532015318
0.17,311,89,25,33,164,0.780701754385965,0.83248730964467,0.806594532015318
0.171,311,89,25,33,164,0.780701754385965,0.83248730964467,0.806594532015318
0.172,311,89,25,33,164,0.780701754385965,0.83248730964467,0.806594532015318
0.173,311,89,25,33,164,0.780701754385965,0.83248730964467,0.806594532015318
0.174,311,89,25,33,164,0.780701754385965,0.83248730964467,0.806594532015318
0.175,311,89,25,33,164,0.780701754385965,0.83248730964467,0.806594532015318
0.176,311,89,25,33,164,0.780701754385965,0.83248730964467,0.806594532015318
0.177,311,89,25,33,164,0.780701754385965,0.83248730964467,0.806594532015318
0.178,311,89,25,33,164,0.780701754385965,0.83248730964467,0.806594532015318
0.179,311,89,25,33,164,0.780701754385965,0.83248730964467,0.806594532015318
0.18,311,89,25,33,164,0.780701754385965,0.83248730964467,0.806594532015318
0.181,311,89,25,33,164,0.780701754385965,0.83248730964467,0.806594532015318
0.182,311,89,25,33,164,0.780701754385965,0.83248730964467,0.806594532015318
0.183,311,89,25,33,164,0.780701754385965,0.83248730964467,0.806594532015318
0.184,311,89,25,33,164,0.780701754385965,0.83248730964467,0.806594532015318
0.185,311,89,25,33,164,0.780701754385965,0.83248730964467,0.806594532015318
0.186,311,89,25,33,164,0.780701754385965,0.83248730964467,0.806594532015318
0.187,311,89,25,33,164,0.780701754385965,0.83248730964467,0.806594532015318
0.188,311,89,25,33,164,0.780701754385965,0.83248730964467,0.806594532015318
0.189,311,89,25,33,164,0.780701754385965,0.83248730964467,0.806594532015318
0.19,311,89,25,33,164,0.780701754385965,0.83248730964467,0.806594532015318
0.191,311,89,25,33,164,0.780701754385965,0.83248730964467,0.806594532015318
0.192,311,89,25,33,164,0.780701754385965,0.83248730964467,0.806594532015318
0.193,311,89,25,33,164,0.780701754385965,0.83248730964467,0.806594532015318
0.194,311,89,25,33,164,0.780701754385965,0.83248730964467,0.806594532015318
0.195,311,89,25,33,164,0.780701754385965,0.83248730964467,0.806594532015318
0.196,311,89,25,33,164,0.780701754385965,0.83248730964467,0.806594532015318
0.197,311,89,25,33,164,0.780701754385965,0.83248730964467,0.806594532015318
0.198,311,89,25,33,164,0.780701754385965,0.83248730964467,0.806594532015318
0.199,311,89,25,33,164,0.780701754385965,0.83248730964467,0.806594532015318
0.2,311,89,25,33,164,0.780701754385965,0.83248730964467,0.806594532015318
0.201,311,89,25,33,164,0.780701754385965,0.83248730964467,0.806594532015318
0.202,311,89,25,33,164,0.780701754385965,0.83248730964467,0.806594532015318
0.203,311,89,25,33,164,0.780701754385965,0.83248730964467,0.806594532015318
0.204,311,89,25,33,164,0.780701754385965,0.83248730964467,0.806594532015318
0.205,311,89,25,33,164,0.780701754385965,0.83248730964467,0.806594532015318
0.206,311,89,25,33,164,0.780701754385965,0.83248730964467,0.806594532015318
0.207,311,89,25,33,164,0.780701754385965,0.83248730964467,0.806594532015318
0.208,311,89,25,33,164,0.780701754385965,0.83248730964467,0.806594532015318
0.209,311,89,25,33,164,0.780701754385965,0.83248730964467,0.806594532015318
0.21,311,89,25,33,164,0.780701754385965,0.83248730964467,0.806594532015318
0.211,311,89,25,33,164,0.780701754385965,0.83248730964467,0.806594532015318
0.212,311,89,25,33,164,0.780701754385965,0.83248730964467,0.806594532015318
0.213,311,89,25,33,164,0.780701754385965,0.83248730964467,0.806594532015318
0.214,311,89,25,33,164,0.780701754385965,0.83248730964467,0.806594532015318
0.215,311,89,25,33,164,0.780701754385965,0.83248730964467,0.806594532015318
0.216,311,89,25,33,164,0.780701754385965,0.83248730964467,0.806594532015318
0.217,311,89,25,33,164,0.780701754385965,0.83248730964467,0.806594532015318
0.218,311,89,25,33,164,0.780701754385965,0.83248730964467,0.806594532015318
0.219,311,89,25,33,164,0.780701754385965,0.83248730964467,0.806594532015318
0.22,311,89,25,33,164,0.780701754385965,0.83248730964467,0.806594532015318
0.221,311,89,25,33,164,0.780701754385965,0.83248730964467,0.806594532015318
0.222,311,89,25,33,164,0.780701754385965,0.83248730964467,0.806594532015318
0.223,311,89,25,33,164,0.780701754385965,0.83248730964467,0.806594532015318
0.224,311,89,25,33,164,0.780701754385965,0.83248730964467,0.806594532015318
0.225,311,89,25,33,164,0.780701754385965,0.83248730964467,0.806594532015318
0.226,311,89,25,33,164,0.780701754385965,0.83248730964467,0.806594532015318
0.227,311,89,25,33,164,0.780701754385965,0.83248730964467,0.806594532015318
0.228,311,89,25,33,164,0.780701754385965,0.83248730964467,0.806594532015318
0.229,311,89,25,33,164,0.780701754385965,0.83248730964467,0.806594532015318
0.23,311,89,25,33,164,0.780701754385965,0.83248730964467,0.806594532015318
0.231,311,89,25,33,164,0.780701754385965,0.83248730964467,0.806594532015318
0.232,311,89,25,33,164,0.780701754385965,0.83248730964467,0.806594532015318
0.233,311,89,25,33,164,0.780701754385965,0.83248730964467,0.806594532015318
0.234,311,89,25,33,164,0.780701754385965,0.83248730964467,0.806594532015318
0.235,311,89,25,33,164,0.780701754385965,0.83248730964467,0.806594532015318
0.236,311,89,25,33,164,0.780701754385965,0.83248730964467,0.806594532015318
0.237,311,89,25,33,164,0.780701754385965,0.83248730964467,0.806594532015318
0.238,311,89,25,33,164,0.780701754385965,0.83248730964467,0.806594532015318
0.239,311,89,25,33,164,0.780701754385965,0.83248730964467,0.806594532015318
0.24,311,89,25,33,164,0.780701754385965,0.83248730964467,0.806594532015318
0.241,311,89,25,33,164,0.780701754385965,0.83248730964467,0.806594532015318
0.242,311,89,25,33,164,0.780701754385965,0.83248730964467,0.806594532015318
0.243,311,89,25,33,164,0.780701754385965,0.83248730964467,0.806594532015318
0.244,311,89,25,33,164,0.780701754385965,0.83248730964467,0.806594532015318
0.245,311,89,25,33,164,0.780701754385965,0.83248730964467,0.806594532015318
0.246,311,89,25,33,164,0.780701754385965,0.83248730964467,0.806594532015318
0.247,311,89,25,33,164,0.780701754385965,0.83248730964467,0.806594532015318
0.248,311,89,25,33,164,0.780701754385965,0.83248730964467,0.806594532015318
0.249,311,89,25,33,164,0.780701754385965,0.83248730964467,0.806594532015318
0.25,311,89,25,33,164,0.780701754385965,0.83248730964467,0.806594532015318
0.251,311,89,25,33,164,0.780701754385965,0.83248730964467,0.806594532015318
0.252,311,89,25,33,164,0.780701754385965,0.83248730964467,0.806594532015318
0.253,311,89,25,33,164,0.780701754385965,0.83248730964467,0.806594532015318
0.254,311,89,25,33,164,0.780701754385965,0.83248730964467,0.806594532015318
0.255,311,89,25,33,164,0.780701754385965,0.83248730964467,0.806594532015318
0.256,311,89,25,33,164,0.780701754385965,0.83248730964467,0.806594532015318
0.257,311,89,25,33,164,0.780701754385965,0.83248730964467,0.806594532015318
0.258,311,89,25,33,164,0.780701754385965,0.83248730964467,0.806594532015318
0.259,311,89,25,33,164,0.780701754385965,0.83248730964467,0.806594532015318
0.26,311,89,25,33,164,0.780701754385965,0.83248730964467,0.806594532015318
0.261,311,89,25,33,164,0.780701754385965,0.83248730964467,0.806594532015318
0.262,311,89,25,33,164,0.780701754385965,0.83248730964467,0.806594532015318
0.263,311,89,25,33,164,0.780701754385965,0.83248730964467,0.806594532015318
0.264,311,89,25,33,164,0.780701754385965,0.83248730964467,0.806594532015318
0.265,311,89,25,33,164,0.780701754385965,0.83248730964467,0.806594532015318
0.266,311,89,25,33,164,0.780701754385965,0.83248730964467,0.806594532015318
0.267,311,89,25,33,164,0.780701754385965,0.83248730964467,0.806594532015318
0.268,311,89,25,33,164,0.780701754385965,0.83248730964467,0.806594532015318
0.269,311,89,25,33,164,0.780701754385965,0.83248730964467,0.806594532015318
0.27,311,89,25,33,164,0.780701754385965,0.83248730964467,0.806594532015318
0.271,311,89,25,33,164,0.780701754385965,0.83248730964467,0.806594532015318
0.272,311,89,25,33,164,0.780701754385965,0.83248730964467,0.806594532015318
0.273,311,89,25,33,164,0.780701754385965,0.83248730964467,0.806594532015318
0.274,311,89,25,33,164,0.780701754385965,0.83248730964467,0.806594532015318
0.275,311,89,25,33,164,0.780701754385965,0.83248730964467,0.806594532015318
0.276,311,89,25,33,164,0.780701754385965,0.83248730964467,0.806594532015318
0.277,311,89,25,33,164,0.780701754385965,0.83248730964467,0.806594532015318
0.278,311,89,25,33,164,0.780701754385965,0.83248730964467,0.806594532015318
0.279,311,89,25,33,164,0.780701754385965,0.83248730964467,0.806594532015318
0.28,311,89,25,33,164,0.780701754385965,0.83248730964467,0.806594532015318
0.281,311,89,25,33,164,0.780701754385965,0.83248730964467,0.806594532015318
0.282,311,89,25,33,164,0.780701754385965,0.83248730964467,0.806594532015318
0.283,311,89,25,33,164,0.780701754385965,0.83248730964467,0.806594532015318
0.284,311,89,25,33,164,0.780701754385965,0.83248730964467,0.806594532015318
0.285,311,89,25,33,164,0.780701754385965,0.83248730964467,0.806594532015318
0.286,311,89,25,33,164,0.780701754385965,0.83248730964467,0.806594532015318
0.287,311,89,25,33,164,0.780701754385965,0.83248730964467,0.806594532015318
0.288,311,89,25,33,164,0.780701754385965,0.83248730964467,0.806594532015318
0.289,311,89,25,33,164,0.780701754385965,0.83248730964467,0.806594532015318
0.29,311,89,25,33,164,0.780701754385965,0.83248730964467,0.806594532015318
0.291,311,89,25,33,164,0.780701754385965,0.83248730964467,0.806594532015318
0.292,311,89,25,33,164,0.780701754385965,0.83248730964467,0.806594532015318
0.293,311,89,25,33,164,0.780701754385965,0.83248730964467,0.806594532015318
0.294,311,89,25,33,164,0.780701754385965,0.83248730964467,0.806594532015318
0.295,311,89,25,30,167,0.780701754385965,0.847715736040609,0.814208745213287
0.296,311,89,25,30,167,0.780701754385965,0.847715736040609,0.814208745213287
0.297,311,89,25,30,167,0.780701754385965,0.847715736040609,0.814208745213287
0.298,311,89,25,30,167,0.780701754385965,0.847715736040609,0.814208745213287
0.299,311,89,25,30,167,0.780701754385965,0.847715736040609,0.814208745213287
0.3,311,89,25,30,167,0.780701754385965,0.847715736040609,0.814208745213287
0.301,311,82,32,27,170,0.719298245614035,0.862944162436548,0.791121204025292
0.302,311,82,32,27,170,0.719298245614035,0.862944162436548,0.791121204025292
0.303,311,82,32,27,170,0.719298245614035,0.862944162436548,0.791121204025292
0.304,311,82,32,27,170,0.719298245614035,0.862944162436548,0.791121204025292
0.305,311,82,32,27,170,0.719298245614035,0.862944162436548,0.791121204025292
0.306,311,82,32,27,170,0.719298245614035,0.862944162436548,0.791121204025292
0.307,311,82,32,27,170,0.719298245614035,0.862944162436548,0.791121204025292
0.308,311,82,32,27,170,0.719298245614035,0.862944162436548,0.791121204025292
0.309,311,82,32,27,170,0.719298245614035,0.862944162436548,0.791121204025292
0.31,311,82,32,27,170,0.719298245614035,0.862944162436548,0.791121204025292
0.311,311,82,32,27,170,0.719298245614035,0.862944162436548,0.791121204025292
0.312,311,82,32,27,170,0.719298245614035,0.862944162436548,0.791121204025292
0.313,311,82,32,27,170,0.719298245614035,0.862944162436548,0.791121204025292
0.314,311,82,32,27,170,0.719298245614035,0.862944162436548,0.791121204025292
0.315,311,82,32,27,170,0.719298245614035,0.862944162436548,0.791121204025292
0.316,311,82,32,27,170,0.719298245614035,0.862944162436548,0.791121204025292
0.317,311,82,32,27,170,0.719298245614035,0.862944162436548,0.791121204025292
0.318,311,82,32,27,170,0.719298245614035,0.862944162436548,0.791121204025292
0.319,311,82,32,27,170,0.719298245614035,0.862944162436548,0.791121204025292
0.32,311,82,32,27,170,0.719298245614035,0.862944162436548,0.791121204025292
0.321,311,82,32,27,170,0.719298245614035,0.862944162436548,0.791121204025292
0.322,311,82,32,27,170,0.719298245614035,0.862944162436548,0.791121204025292
0.323,311,82,32,27,170,0.719298245614035,0.862944162436548,0.791121204025292
0.324,311,82,32,27,170,0.719298245614035,0.862944162436548,0.791121204025292
0.325,311,82,32,27,170,0.719298245614035,0.862944162436548,0.791121204025292
0.326,311,82,32,27,170,0.719298245614035,0.862944162436548,0.791121204025292
0.327,311,82,32,27,170,0.719298245614035,0.862944162436548,0.791121204025292
0.328,311,82,32,27,170,0.719298245614035,0.862944162436548,0.791121204025292
0.329,311,82,32,27,170,0.719298245614035,0.862944162436548,0.791121204025292
0.33,311,82,32,27,170,0.719298245614035,0.862944162436548,0.791121204025292
0.331,311,82,32,27,170,0.719298245614035,0.862944162436548,0.791121204025292
0.332,311,82,32,27,170,0.719298245614035,0.862944162436548,0.791121204025292
0.333,311,82,32,27,170,0.719298245614035,0.862944162436548,0.791121204025292
0.334,311,82,32,27,170,0.719298245614035,0.862944162436548,0.791121204025292
0.335,311,82,32,27,170,0.719298245614035,0.862944162436548,0.791121204025292
0.336,311,82,32,27,170,0.719298245614035,0.862944162436548,0.791121204025292
0.337,311,82,32,27,170,0.719298245614035,0.862944162436548,0.791121204025292
0.338,311,82,32,27,170,0.719298245614035,0.862944162436548,0.791121204025292
0.339,311,82,32,27,170,0.719298245614035,0.862944162436548,0.791121204025292
0.34,311,82,32,27,170,0.719298245614035,0.862944162436548,0.791121204025292
0.341,311,82,32,27,170,0.719298245614035,0.862944162436548,0.791121204025292
0.342,311,82,32,27,170,0.719298245614035,0.862944162436548,0.791121204025292
0.343,311,82,32,27,170,0.719298245614035,0.862944162436548,0.791121204025292
0.344,311,82,32,27,170,0.719298245614035,0.862944162436548,0.791121204025292
0.345,311,82,32,27,170,0.719298245614035,0.862944162436548,0.791121204025292
0.346,311,82,32,27,170,0.719298245614035,0.862944162436548,0.791121204025292
0.347,311,82,32,27,170,0.719298245614035,0.862944162436548,0.791121204025292
0.348,311,82,32,27,170,0.719298245614035,0.862944162436548,0.791121204025292
0.349,311,82,32,27,170,0.719298245614035,0.862944162436548,0.791121204025292
0.35,311,82,32,27,170,0.719298245614035,0.862944162436548,0.791121204025292
0.351,311,82,32,27,170,0.719298245614035,0.862944162436548,0.791121204025292
0.352,311,82,32,27,170,0.719298245614035,0.862944162436548,0.791121204025292
0.353,311,79,35,17,180,0.692982456140351,0.913705583756345,0.803344019948348
0.354,311,79,35,17,180,0.692982456140351,0.913705583756345,0.803344019948348
0.355,311,79,35,17,180,0.692982456140351,0.913705583756345,0.803344019948348
0.356,311,79,35,17,180,0.692982456140351,0.913705583756345,0.803344019948348
0.357,311,79,35,17,180,0.692982456140351,0.913705583756345,0.803344019948348
0.358,311,79,35,17,180,0.692982456140351,0.913705583756345,0.803344019948348
0.359,311,79,35,17,180,0.692982456140351,0.913705583756345,0.803344019948348
0.36,311,79,35,17,180,0.692982456140351,0.913705583756345,0.803344019948348
0.361,311,79,35,17,180,0.692982456140351,0.913705583756345,0.803344019948348
0.362,311,79,35,17,180,0.692982456140351,0.913705583756345,0.803344019948348
0.363,311,79,35,17,180,0.692982456140351,0.913705583756345,0.803344019948348
0.364,311,79,35,17,180,0.692982456140351,0.913705583756345,0.803344019948348
0.365,311,79,35,17,180,0.692982456140351,0.913705583756345,0.803344019948348
0.366,311,79,35,17,180,0.692982456140351,0.913705583756345,0.803344019948348
0.367,311,79,35,17,180,0.692982456140351,0.913705583756345,0.803344019948348
0.368,311,79,35,17,180,0.692982456140351,0.913705583756345,0.803344019948348
0.369,311,79,35,17,180,0.692982456140351,0.913705583756345,0.803344019948348
0.37,311,79,35,17,180,0.692982456140351,0.913705583756345,0.803344019948348
0.371,311,79,35,17,180,0.692982456140351,0.913705583756345,0.803344019948348
0.372,311,79,35,17,180,0.692982456140351,0.913705583756345,0.803344019948348
0.373,311,79,35,17,180,0.692982456140351,0.913705583756345,0.803344019948348
0.374,311,79,35,17,180,0.692982456140351,0.913705583756345,0.803344019948348
0.375,311,79,35,17,180,0.692982456140351,0.913705583756345,0.803344019948348
0.376,311,79,35,17,180,0.692982456140351,0.913705583756345,0.803344019948348
0.377,311,79,35,17,180,0.692982456140351,0.913705583756345,0.803344019948348
0.378,311,79,35,17,180,0.692982456140351,0.913705583756345,0.803344019948348
0.379,311,79,35,17,180,0.692982456140351,0.913705583756345,0.803344019948348
0.38,311,79,35,17,180,0.692982456140351,0.913705583756345,0.803344019948348
0.381,311,79,35,17,180,0.692982456140351,0.913705583756345,0.803344019948348
0.382,311,79,35,17,180,0.692982456140351,0.913705583756345,0.803344019948348
0.383,311,79,35,17,180,0.692982456140351,0.913705583756345,0.803344019948348
0.384,311,79,35,17,180,0.692982456140351,0.913705583756345,0.803344019948348
0.385,311,79,35,17,180,0.692982456140351,0.913705583756345,0.803344019948348
0.386,311,79,35,17,180,0.692982456140351,0.913705583756345,0.803344019948348
0.387,311,79,35,17,180,0.692982456140351,0.913705583756345,0.803344019948348
0.388,311,79,35,17,180,0.692982456140351,0.913705583756345,0.803344019948348
0.389,311,79,35,17,180,0.692982456140351,0.913705583756345,0.803344019948348
0.39,311,79,35,17,180,0.692982456140351,0.913705583756345,0.803344019948348
0.391,311,79,35,17,180,0.692982456140351,0.913705583756345,0.803344019948348
0.392,311,79,35,17,180,0.692982456140351,0.913705583756345,0.803344019948348
0.393,311,79,35,17,180,0.692982456140351,0.913705583756345,0.803344019948348
0.394,311,79,35,17,180,0.692982456140351,0.913705583756345,0.803344019948348
0.395,311,79,35,17,180,0.692982456140351,0.913705583756345,0.803344019948348
0.396,311,79,35,17,180,0.692982456140351,0.913705583756345,0.803344019948348
0.397,311,79,35,17,180,0.692982456140351,0.913705583756345,0.803344019948348
0.398,311,79,35,17,180,0.692982456140351,0.913705583756345,0.803344019948348
0.399,311,79,35,17,180,0.692982456140351,0.913705583756345,0.803344019948348
0.4,311,79,35,17,180,0.692982456140351,0.913705583756345,0.803344019948348
0.401,311,79,35,17,180,0.692982456140351,0.913705583756345,0.803344019948348
0.402,311,79,35,17,180,0.692982456140351,0.913705583756345,0.803344019948348
0.403,311,79,35,17,180,0.692982456140351,0.913705583756345,0.803344019948348
0.404,311,79,35,17,180,0.692982456140351,0.913705583756345,0.803344019948348
0.405,311,79,35,17,180,0.692982456140351,0.913705583756345,0.803344019948348
0.406,311,79,35,17,180,0.692982456140351,0.913705583756345,0.803344019948348
0.407,311,79,35,17,180,0.692982456140351,0.913705583756345,0.803344019948348
0.408,311,79,35,17,180,0.692982456140351,0.913705583756345,0.803344019948348
0.409,311,79,35,17,180,0.692982456140351,0.913705583756345,0.803344019948348
0.41,311,79,35,17,180,0.692982456140351,0.913705583756345,0.803344019948348
0.411,311,79,35,17,180,0.692982456140351,0.913705583756345,0.803344019948348
0.412,311,79,35,17,180,0.692982456140351,0.913705583756345,0.803344019948348
0.413,311,79,35,17,180,0.692982456140351,0.913705583756345,0.803344019948348
0.414,311,79,35,17,180,0.692982456140351,0.913705583756345,0.803344019948348
0.415,311,79,35,17,180,0.692982456140351,0.913705583756345,0.803344019948348
0.416,311,79,35,17,180,0.692982456140351,0.913705583756345,0.803344019948348
0.417,311,79,35,17,180,0.692982456140351,0.913705583756345,0.803344019948348
0.418,311,79,35,17,180,0.692982456140351,0.913705583756345,0.803344019948348
0.419,311,79,35,17,180,0.692982456140351,0.913705583756345,0.803344019948348
0.42,311,79,35,17,180,0.692982456140351,0.913705583756345,0.803344019948348
0.421,311,79,35,17,180,0.692982456140351,0.913705583756345,0.803344019948348
0.422,311,79,35,17,180,0.692982456140351,0.913705583756345,0.803344019948348
0.423,311,79,35,17,180,0.692982456140351,0.913705583756345,0.803344019948348
0.424,311,79,35,17,180,0.692982456140351,0.913705583756345,0.803344019948348
0.425,311,79,35,17,180,0.692982456140351,0.913705583756345,0.803344019948348
0.426,311,79,35,17,180,0.692982456140351,0.913705583756345,0.803344019948348
0.427,311,79,35,17,180,0.692982456140351,0.913705583756345,0.803344019948348
0.428,311,79,35,17,180,0.692982456140351,0.913705583756345,0.803344019948348
0.429,311,79,35,17,180,0.692982456140351,0.913705583756345,0.803344019948348
0.43,311,79,35,17,180,0.692982456140351,0.913705583756345,0.803344019948348
0.431,311,79,35,17,180,0.692982456140351,0.913705583756345,0.803344019948348
0.432,311,79,35,17,180,0.692982456140351,0.913705583756345,0.803344019948348
0.433,311,79,35,17,180,0.692982456140351,0.913705583756345,0.803344019948348
0.434,311,79,35,17,180,0.692982456140351,0.913705583756345,0.803344019948348
0.435,311,79,35,17,180,0.692982456140351,0.913705583756345,0.803344019948348
0.436,311,79,35,17,180,0.692982456140351,0.913705583756345,0.803344019948348
0.437,311,79,35,17,180,0.692982456140351,0.913705583756345,0.803344019948348
0.438,311,79,35,17,180,0.692982456140351,0.913705583756345,0.803344019948348
0.439,311,79,35,17,180,0.692982456140351,0.913705583756345,0.803344019948348
0.44,311,79,35,17,180,0.692982456140351,0.913705583756345,0.803344019948348
0.441,311,79,35,17,180,0.692982456140351,0.913705583756345,0.803344019948348
0.442,311,79,35,17,180,0.692982456140351,0.913705583756345,0.803344019948348
0.443,311,79,35,17,180,0.692982456140351,0.913705583756345,0.803344019948348
0.444,311,79,35,17,180,0.692982456140351,0.913705583756345,0.803344019948348
0.445,311,79,35,17,180,0.692982456140351,0.913705583756345,0.803344019948348
0.446,311,79,35,17,180,0.692982456140351,0.913705583756345,0.803344019948348
0.447,311,79,35,17,180,0.692982456140351,0.913705583756345,0.803344019948348
0.448,311,79,35,17,180,0.692982456140351,0.913705583756345,0.803344019948348
0.449,311,79,35,17,180,0.692982456140351,0.913705583756345,0.803344019948348
0.45,311,79,35,17,180,0.692982456140351,0.913705583756345,0.803344019948348
0.451,311,79,35,17,180,0.692982456140351,0.913705583756345,0.803344019948348
0.452,311,79,35,17,180,0.692982456140351,0.913705583756345,0.803344019948348
0.453,311,79,35,17,180,0.692982456140351,0.913705583756345,0.803344019948348
0.454,311,79,35,17,180,0.692982456140351,0.913705583756345,0.803344019948348
0.455,311,79,35,17,180,0.692982456140351,0.913705583756345,0.803344019948348
0.456,311,79,35,17,180,0.692982456140351,0.913705583756345,0.803344019948348
0.457,311,79,35,17,180,0.692982456140351,0.913705583756345,0.803344019948348
0.458,311,79,35,17,180,0.692982456140351,0.913705583756345,0.803344019948348
0.459,311,79,35,17,180,0.692982456140351,0.913705583756345,0.803344019948348
0.46,311,79,35,17,180,0.692982456140351,0.913705583756345,0.803344019948348
0.461,311,79,35,17,180,0.692982456140351,0.913705583756345,0.803344019948348
0.462,311,79,35,17,180,0.692982456140351,0.913705583756345,0.803344019948348
0.463,311,79,35,17,180,0.692982456140351,0.913705583756345,0.803344019948348
0.464,311,79,35,17,180,0.692982456140351,0.913705583756345,0.803344019948348
0.465,311,79,35,17,180,0.692982456140351,0.913705583756345,0.803344019948348
0.466,311,79,35,17,180,0.692982456140351,0.913705583756345,0.803344019948348
0.467,311,79,35,17,180,0.692982456140351,0.913705583756345,0.803344019948348
0.468,311,79,35,17,180,0.692982456140351,0.913705583756345,0.803344019948348
0.469,311,79,35,17,180,0.692982456140351,0.913705583756345,0.803344019948348
0.47,311,79,35,17,180,0.692982456140351,0.913705583756345,0.803344019948348
0.471,311,79,35,17,180,0.692982456140351,0.913705583756345,0.803344019948348
0.472,311,79,35,17,180,0.692982456140351,0.913705583756345,0.803344019948348
0.473,311,79,35,17,180,0.692982456140351,0.913705583756345,0.803344019948348
0.474,311,79,35,17,180,0.692982456140351,0.913705583756345,0.803344019948348
0.475,311,79,35,17,180,0.692982456140351,0.913705583756345,0.803344019948348
0.476,311,79,35,17,180,0.692982456140351,0.913705583756345,0.803344019948348
0.477,311,79,35,17,180,0.692982456140351,0.913705583756345,0.803344019948348
0.478,311,79,35,17,180,0.692982456140351,0.913705583756345,0.803344019948348
0.479,311,79,35,17,180,0.692982456140351,0.913705583756345,0.803344019948348
0.48,311,79,35,17,180,0.692982456140351,0.913705583756345,0.803344019948348
0.481,311,79,35,17,180,0.692982456140351,0.913705583756345,0.803344019948348
0.482,311,79,35,17,180,0.692982456140351,0.913705583756345,0.803344019948348
0.483,311,79,35,17,180,0.692982456140351,0.913705583756345,0.803344019948348
0.484,311,79,35,17,180,0.692982456140351,0.913705583756345,0.803344019948348
0.485,311,79,35,17,180,0.692982456140351,0.913705583756345,0.803344019948348
0.486,311,79,35,17,180,0.692982456140351,0.913705583756345,0.803344019948348
0.487,311,79,35,17,180,0.692982456140351,0.913705583756345,0.803344019948348
0.488,311,79,35,17,180,0.692982456140351,0.913705583756345,0.803344019948348
0.489,311,79,35,17,180,0.692982456140351,0.913705583756345,0.803344019948348
0.49,311,79,35,17,180,0.692982456140351,0.913705583756345,0.803344019948348
0.491,311,79,35,17,180,0.692982456140351,0.913705583756345,0.803344019948348
0.492,311,79,35,17,180,0.692982456140351,0.913705583756345,0.803344019948348
0.493,311,79,35,17,180,0.692982456140351,0.913705583756345,0.803344019948348
0.494,311,79,35,17,180,0.692982456140351,0.913705583756345,0.803344019948348
0.495,311,79,35,17,180,0.692982456140351,0.913705583756345,0.803344019948348
0.496,311,79,35,17,180,0.692982456140351,0.913705583756345,0.803344019948348
0.497,311,79,35,17,180,0.692982456140351,0.913705583756345,0.803344019948348
0.498,311,79,35,17,180,0.692982456140351,0.913705583756345,0.803344019948348
0.499,311,79,35,17,180,0.692982456140351,0.913705583756345,0.803344019948348
0.5,311,79,35,17,180,0.692982456140351,0.913705583756345,0.803344019948348
0.501,311,79,35,15,182,0.692982456140351,0.923857868020305,0.808420162080328
0.502,311,79,35,15,182,0.692982456140351,0.923857868020305,0.808420162080328
0.503,311,79,35,15,182,0.692982456140351,0.923857868020305,0.808420162080328
0.504,311,79,35,15,182,0.692982456140351,0.923857868020305,0.808420162080328
0.505,311,79,35,15,182,0.692982456140351,0.923857868020305,0.808420162080328
0.506,311,79,35,15,182,0.692982456140351,0.923857868020305,0.808420162080328
0.507,311,79,35,15,182,0.692982456140351,0.923857868020305,0.808420162080328
0.508,311,79,35,15,182,0.692982456140351,0.923857868020305,0.808420162080328
0.509,311,79,35,15,182,0.692982456140351,0.923857868020305,0.808420162080328
0.51,311,79,35,15,182,0.692982456140351,0.923857868020305,0.808420162080328
0.511,311,79,35,15,182,0.692982456140351,0.923857868020305,0.808420162080328
0.512,311,79,35,15,182,0.692982456140351,0.923857868020305,0.808420162080328
0.513,311,79,35,15,182,0.692982456140351,0.923857868020305,0.808420162080328
0.514,311,79,35,15,182,0.692982456140351,0.923857868020305,0.808420162080328
0.515,311,79,35,15,182,0.692982456140351,0.923857868020305,0.808420162080328
0.516,311,79,35,15,182,0.692982456140351,0.923857868020305,0.808420162080328
0.517,311,79,35,15,182,0.692982456140351,0.923857868020305,0.808420162080328
0.518,311,79,35,15,182,0.692982456140351,0.923857868020305,0.808420162080328
0.519,311,79,35,15,182,0.692982456140351,0.923857868020305,0.808420162080328
0.52,311,79,35,15,182,0.692982456140351,0.923857868020305,0.808420162080328
0.521,311,79,35,15,182,0.692982456140351,0.923857868020305,0.808420162080328
0.522,311,79,35,15,182,0.692982456140351,0.923857868020305,0.808420162080328
0.523,311,79,35,15,182,0.692982456140351,0.923857868020305,0.808420162080328
0.524,311,79,35,15,182,0.692982456140351,0.923857868020305,0.808420162080328
0.525,311,79,35,15,182,0.692982456140351,0.923857868020305,0.808420162080328
0.526,311,79,35,15,182,0.692982456140351,0.923857868020305,0.808420162080328
0.527,311,79,35,15,182,0.692982456140351,0.923857868020305,0.808420162080328
0.528,311,79,35,15,182,0.692982456140351,0.923857868020305,0.808420162080328
0.529,311,79,35,15,182,0.692982456140351,0.923857868020305,0.808420162080328
0.53,311,79,35,15,182,0.692982456140351,0.923857868020305,0.808420162080328
0.531,311,79,35,15,182,0.692982456140351,0.923857868020305,0.808420162080328
0.532,311,79,35,15,182,0.692982456140351,0.923857868020305,0.808420162080328
0.533,311,79,35,15,182,0.692982456140351,0.923857868020305,0.808420162080328
0.534,311,79,35,15,182,0.692982456140351,0.923857868020305,0.808420162080328
0.535,311,79,35,15,182,0.692982456140351,0.923857868020305,0.808420162080328
0.536,311,79,35,15,182,0.692982456140351,0.923857868020305,0.808420162080328
0.537,311,79,35,15,182,0.692982456140351,0.923857868020305,0.808420162080328
0.538,311,79,35,15,182,0.692982456140351,0.923857868020305,0.808420162080328
0.539,311,78,36,13,184,0.684210526315789,0.934010152284264,0.809110339300027
0.54,311,78,36,13,184,0.684210526315789,0.934010152284264,0.809110339300027
0.541,311,78,36,13,184,0.684210526315789,0.934010152284264,0.809110339300027
0.542,311,78,36,13,184,0.684210526315789,0.934010152284264,0.809110339300027
0.543,311,78,36,13,184,0.684210526315789,0.934010152284264,0.809110339300027
0.544,311,78,36,13,184,0.684210526315789,0.934010152284264,0.809110339300027
0.545,311,78,36,13,184,0.684210526315789,0.934010152284264,0.809110339300027
0.546,311,78,36,13,184,0.684210526315789,0.934010152284264,0.809110339300027
0.547,311,78,36,13,184,0.684210526315789,0.934010152284264,0.809110339300027
0.548,311,78,36,13,184,0.684210526315789,0.934010152284264,0.809110339300027
0.549,311,78,36,13,184,0.684210526315789,0.934010152284264,0.809110339300027
0.55,311,78,36,13,184,0.684210526315789,0.934010152284264,0.809110339300027
0.551,311,78,36,13,184,0.684210526315789,0.934010152284264,0.809110339300027
0.552,311,78,36,13,184,0.684210526315789,0.934010152284264,0.809110339300027
0.553,311,78,36,13,184,0.684210526315789,0.934010152284264,0.809110339300027
0.554,311,78,36,13,184,0.684210526315789,0.934010152284264,0.809110339300027
0.555,311,78,36,13,184,0.684210526315789,0.934010152284264,0.809110339300027
0.556,311,78,36,13,184,0.684210526315789,0.934010152284264,0.809110339300027
0.557,311,78,36,13,184,0.684210526315789,0.934010152284264,0.809110339300027
0.558,311,78,36,13,184,0.684210526315789,0.934010152284264,0.809110339300027
0.559,311,78,36,13,184,0.684210526315789,0.934010152284264,0.809110339300027
0.56,311,78,36,13,184,0.684210526315789,0.934010152284264,0.809110339300027
0.561,311,78,36,13,184,0.684210526315789,0.934010152284264,0.809110339300027
0.562,311,78,36,13,184,0.684210526315789,0.934010152284264,0.809110339300027
0.563,311,78,36,13,184,0.684210526315789,0.934010152284264,0.809110339300027
0.564,311,78,36,13,184,0.684210526315789,0.934010152284264,0.809110339300027
0.565,311,78,36,13,184,0.684210526315789,0.934010152284264,0.809110339300027
0.566,311,78,36,13,184,0.684210526315789,0.934010152284264,0.809110339300027
0.567,311,78,36,13,184,0.684210526315789,0.934010152284264,0.809110339300027
0.568,311,78,36,13,184,0.684210526315789,0.934010152284264,0.809110339300027
0.569,311,78,36,13,184,0.684210526315789,0.934010152284264,0.809110339300027
0.57,311,78,36,13,184,0.684210526315789,0.934010152284264,0.809110339300027
0.571,311,78,36,13,184,0.684210526315789,0.934010152284264,0.809110339300027
0.572,311,78,36,13,184,0.684210526315789,0.934010152284264,0.809110339300027
0.573,311,78,36,13,184,0.684210526315789,0.934010152284264,0.809110339300027
0.574,311,78,36,13,184,0.684210526315789,0.934010152284264,0.809110339300027
0.575,311,78,36,13,184,0.684210526315789,0.934010152284264,0.809110339300027
0.576,311,78,36,13,184,0.684210526315789,0.934010152284264,0.809110339300027
0.577,311,78,36,13,184,0.684210526315789,0.934010152284264,0.809110339300027
0.578,311,78,36,13,184,0.684210526315789,0.934010152284264,0.809110339300027
0.579,311,78,36,13,184,0.684210526315789,0.934010152284264,0.809110339300027
0.58,311,78,36,13,184,0.684210526315789,0.934010152284264,0.809110339300027
0.581,311,78,36,13,184,0.684210526315789,0.934010152284264,0.809110339300027
0.582,311,78,36,13,184,0.684210526315789,0.934010152284264,0.809110339300027
0.583,311,78,36,13,184,0.684210526315789,0.934010152284264,0.809110339300027
0.584,311,78,36,13,184,0.684210526315789,0.934010152284264,0.809110339300027
0.585,311,78,36,13,184,0.684210526315789,0.934010152284264,0.809110339300027
0.586,311,78,36,13,184,0.684210526315789,0.934010152284264,0.809110339300027
0.587,311,78,36,13,184,0.684210526315789,0.934010152284264,0.809110339300027
0.588,311,78,36,13,184,0.684210526315789,0.934010152284264,0.809110339300027
0.589,311,78,36,13,184,0.684210526315789,0.934010152284264,0.809110339300027
0.59,311,78,36,13,184,0.684210526315789,0.934010152284264,0.809110339300027
0.591,311,78,36,13,184,0.684210526315789,0.934010152284264,0.809110339300027
0.592,311,78,36,13,184,0.684210526315789,0.934010152284264,0.809110339300027
0.593,311,78,36,13,184,0.684210526315789,0.934010152284264,0.809110339300027
0.594,311,78,36,13,184,0.684210526315789,0.934010152284264,0.809110339300027
0.595,311,78,36,13,184,0.684210526315789,0.934010152284264,0.809110339300027
0.596,311,78,36,13,184,0.684210526315789,0.934010152284264,0.809110339300027
0.597,311,78,36,13,184,0.684210526315789,0.934010152284264,0.809110339300027
0.598,311,78,36,13,184,0.684210526315789,0.934010152284264,0.809110339300027
0.599,311,78,36,13,184,0.684210526315789,0.934010152284264,0.809110339300027
0.6,311,78,36,13,184,0.684210526315789,0.934010152284264,0.809110339300027
0.601,311,78,36,11,186,0.684210526315789,0.944162436548223,0.814186481432006
0.602,311,78,36,11,186,0.684210526315789,0.944162436548223,0.814186481432006
0.603,311,78,36,11,186,0.684210526315789,0.944162436548223,0.814186481432006
0.604,311,78,36,11,186,0.684210526315789,0.944162436548223,0.814186481432006
0.605,311,78,36,11,186,0.684210526315789,0.944162436548223,0.814186481432006
0.606,311,78,36,11,186,0.684210526315789,0.944162436548223,0.814186481432006
0.607,311,78,36,11,186,0.684210526315789,0.944162436548223,0.814186481432006
0.608,311,78,36,11,186,0.684210526315789,0.944162436548223,0.814186481432006
0.609,311,78,36,11,186,0.684210526315789,0.944162436548223,0.814186481432006
0.61,311,78,36,11,186,0.684210526315789,0.944162436548223,0.814186481432006
0.611,311,78,36,11,186,0.684210526315789,0.944162436548223,0.814186481432006
0.612,311,78,36,11,186,0.684210526315789,0.944162436548223,0.814186481432006
0.613,311,78,36,11,186,0.684210526315789,0.944162436548223,0.814186481432006
0.614,311,78,36,11,186,0.684210526315789,0.944162436548223,0.814186481432006
0.615,311,78,36,11,186,0.684210526315789,0.944162436548223,0.814186481432006
0.616,311,78,36,11,186,0.684210526315789,0.944162436548223,0.814186481432006
0.617,311,78,36,11,186,0.684210526315789,0.944162436548223,0.814186481432006
0.618,311,78,36,11,186,0.684210526315789,0.944162436548223,0.814186481432006
0.619,311,78,36,11,186,0.684210526315789,0.944162436548223,0.814186481432006
0.62,311,78,36,11,186,0.684210526315789,0.944162436548223,0.814186481432006
0.621,311,78,36,11,186,0.684210526315789,0.944162436548223,0.814186481432006
0.622,311,78,36,11,186,0.684210526315789,0.944162436548223,0.814186481432006
0.623,311,78,36,11,186,0.684210526315789,0.944162436548223,0.814186481432006
0.624,311,78,36,11,186,0.684210526315789,0.944162436548223,0.814186481432006
0.625,311,78,36,11,186,0.684210526315789,0.944162436548223,0.814186481432006
0.626,311,78,36,11,186,0.684210526315789,0.944162436548223,0.814186481432006
0.627,311,78,36,11,186,0.684210526315789,0.944162436548223,0.814186481432006
0.628,311,78,36,11,186,0.684210526315789,0.944162436548223,0.814186481432006
0.629,311,78,36,11,186,0.684210526315789,0.944162436548223,0.814186481432006
0.63,311,78,36,11,186,0.684210526315789,0.944162436548223,0.814186481432006
0.631,311,78,36,11,186,0.684210526315789,0.944162436548223,0.814186481432006
0.632,311,78,36,11,186,0.684210526315789,0.944162436548223,0.814186481432006
0.633,311,78,36,11,186,0.684210526315789,0.944162436548223,0.814186481432006
0.634,311,78,36,11,186,0.684210526315789,0.944162436548223,0.814186481432006
0.635,311,78,36,11,186,0.684210526315789,0.944162436548223,0.814186481432006
0.636,311,78,36,11,186,0.684210526315789,0.944162436548223,0.814186481432006
0.637,311,78,36,11,186,0.684210526315789,0.944162436548223,0.814186481432006
0.638,311,78,36,11,186,0.684210526315789,0.944162436548223,0.814186481432006
0.639,311,78,36,11,186,0.684210526315789,0.944162436548223,0.814186481432006
0.64,311,78,36,11,186,0.684210526315789,0.944162436548223,0.814186481432006
0.641,311,78,36,11,186,0.684210526315789,0.944162436548223,0.814186481432006
0.642,311,78,36,11,186,0.684210526315789,0.944162436548223,0.814186481432006
0.643,311,78,36,11,186,0.684210526315789,0.944162436548223,0.814186481432006
0.644,311,78,36,11,186,0.684210526315789,0.944162436548223,0.814186481432006
0.645,311,78,36,11,186,0.684210526315789,0.944162436548223,0.814186481432006
0.646,311,78,36,11,186,0.684210526315789,0.944162436548223,0.814186481432006
0.647,311,78,36,11,186,0.684210526315789,0.944162436548223,0.814186481432006
0.648,311,78,36,11,186,0.684210526315789,0.944162436548223,0.814186481432006
0.649,311,78,36,11,186,0.684210526315789,0.944162436548223,0.814186481432006
0.65,311,78,36,11,186,0.684210526315789,0.944162436548223,0.814186481432006
0.651,311,78,36,11,186,0.684210526315789,0.944162436548223,0.814186481432006
0.652,311,78,36,11,186,0.684210526315789,0.944162436548223,0.814186481432006
0.653,311,78,36,11,186,0.684210526315789,0.944162436548223,0.814186481432006
0.654,311,78,36,11,186,0.684210526315789,0.944162436548223,0.814186481432006
0.655,311,78,36,11,186,0.684210526315789,0.944162436548223,0.814186481432006
0.656,311,78,36,11,186,0.684210526315789,0.944162436548223,0.814186481432006
0.657,311,78,36,11,186,0.684210526315789,0.944162436548223,0.814186481432006
0.658,311,78,36,11,186,0.684210526315789,0.944162436548223,0.814186481432006
0.659,311,78,36,11,186,0.684210526315789,0.944162436548223,0.814186481432006
0.66,311,78,36,11,186,0.684210526315789,0.944162436548223,0.814186481432006
0.661,311,78,36,11,186,0.684210526315789,0.944162436548223,0.814186481432006
0.662,311,78,36,11,186,0.684210526315789,0.944162436548223,0.814186481432006
0.663,311,78,36,11,186,0.684210526315789,0.944162436548223,0.814186481432006
0.664,311,78,36,11,186,0.684210526315789,0.944162436548223,0.814186481432006
0.665,311,78,36,11,186,0.684210526315789,0.944162436548223,0.814186481432006
0.666,311,78,36,11,186,0.684210526315789,0.944162436548223,0.814186481432006
0.667,311,78,36,11,186,0.684210526315789,0.944162436548223,0.814186481432006
0.668,311,78,36,11,186,0.684210526315789,0.944162436548223,0.814186481432006
0.669,311,78,36,11,186,0.684210526315789,0.944162436548223,0.814186481432006
0.67,311,78,36,11,186,0.684210526315789,0.944162436548223,0.814186481432006
0.671,311,78,36,11,186,0.684210526315789,0.944162436548223,0.814186481432006
0.672,311,78,36,11,186,0.684210526315789,0.944162436548223,0.814186481432006
0.673,311,78,36,11,186,0.684210526315789,0.944162436548223,0.814186481432006
0.674,311,78,36,11,186,0.684210526315789,0.944162436548223,0.814186481432006
0.675,311,78,36,11,186,0.684210526315789,0.944162436548223,0.814186481432006
0.676,311,78,36,11,186,0.684210526315789,0.944162436548223,0.814186481432006
0.677,311,78,36,11,186,0.684210526315789,0.944162436548223,0.814186481432006
0.678,311,78,36,11,186,0.684210526315789,0.944162436548223,0.814186481432006
0.679,311,78,36,11,186,0.684210526315789,0.944162436548223,0.814186481432006
0.68,311,78,36,11,186,0.684210526315789,0.944162436548223,0.814186481432006
0.681,311,78,36,11,186,0.684210526315789,0.944162436548223,0.814186481432006
0.682,311,78,36,11,186,0.684210526315789,0.944162436548223,0.814186481432006
0.683,311,78,36,11,186,0.684210526315789,0.944162436548223,0.814186481432006
0.684,311,78,36,11,186,0.684210526315789,0.944162436548223,0.814186481432006
0.685,311,78,36,11,186,0.684210526315789,0.944162436548223,0.814186481432006
0.686,311,78,36,11,186,0.684210526315789,0.944162436548223,0.814186481432006
0.687,311,78,36,11,186,0.684210526315789,0.944162436548223,0.814186481432006
0.688,311,78,36,11,186,0.684210526315789,0.944162436548223,0.814186481432006
0.689,311,78,36,11,186,0.684210526315789,0.944162436548223,0.814186481432006
0.69,311,78,36,11,186,0.684210526315789,0.944162436548223,0.814186481432006
0.691,311,78,36,11,186,0.684210526315789,0.944162436548223,0.814186481432006
0.692,311,78,36,11,186,0.684210526315789,0.944162436548223,0.814186481432006
0.693,311,78,36,11,186,0.684210526315789,0.944162436548223,0.814186481432006
0.694,311,78,36,11,186,0.684210526315789,0.944162436548223,0.814186481432006
0.695,311,78,36,11,186,0.684210526315789,0.944162436548223,0.814186481432006
0.696,311,78,36,11,186,0.684210526315789,0.944162436548223,0.814186481432006
0.697,311,78,36,11,186,0.684210526315789,0.944162436548223,0.814186481432006
0.698,311,78,36,11,186,0.684210526315789,0.944162436548223,0.814186481432006
0.699,311,78,36,11,186,0.684210526315789,0.944162436548223,0.814186481432006
0.7,311,78,36,11,186,0.684210526315789,0.944162436548223,0.814186481432006
0.701,311,77,37,10,187,0.675438596491228,0.949238578680203,0.812338587585716
0.702,311,77,37,10,187,0.675438596491228,0.949238578680203,0.812338587585716
0.703,311,77,37,10,187,0.675438596491228,0.949238578680203,0.812338587585716
0.704,311,77,37,10,187,0.675438596491228,0.949238578680203,0.812338587585716
0.705,311,77,37,10,187,0.675438596491228,0.949238578680203,0.812338587585716
0.706,311,77,37,10,187,0.675438596491228,0.949238578680203,0.812338587585716
0.707,311,77,37,10,187,0.675438596491228,0.949238578680203,0.812338587585716
0.708,311,77,37,10,187,0.675438596491228,0.949238578680203,0.812338587585716
0.709,311,77,37,10,187,0.675438596491228,0.949238578680203,0.812338587585716
0.71,311,77,37,10,187,0.675438596491228,0.949238578680203,0.812338587585716
0.711,311,77,37,10,187,0.675438596491228,0.949238578680203,0.812338587585716
0.712,311,77,37,10,187,0.675438596491228,0.949238578680203,0.812338587585716
0.713,311,77,37,10,187,0.675438596491228,0.949238578680203,0.812338587585716
0.714,311,77,37,10,187,0.675438596491228,0.949238578680203,0.812338587585716
0.715,311,77,37,10,187,0.675438596491228,0.949238578680203,0.812338587585716
0.716,311,77,37,10,187,0.675438596491228,0.949238578680203,0.812338587585716
0.717,311,77,37,10,187,0.675438596491228,0.949238578680203,0.812338587585716
0.718,311,77,37,10,187,0.675438596491228,0.949238578680203,0.812338587585716
0.719,311,77,37,10,187,0.675438596491228,0.949238578680203,0.812338587585716
0.72,311,77,37,10,187,0.675438596491228,0.949238578680203,0.812338587585716
0.721,311,77,37,10,187,0.675438596491228,0.949238578680203,0.812338587585716
0.722,311,77,37,10,187,0.675438596491228,0.949238578680203,0.812338587585716
0.723,311,77,37,10,187,0.675438596491228,0.949238578680203,0.812338587585716
0.724,311,77,37,10,187,0.675438596491228,0.949238578680203,0.812338587585716
0.725,311,77,37,10,187,0.675438596491228,0.949238578680203,0.812338587585716
0.726,311,77,37,10,187,0.675438596491228,0.949238578680203,0.812338587585716
0.727,311,77,37,10,187,0.675438596491228,0.949238578680203,0.812338587585716
0.728,311,77,37,10,187,0.675438596491228,0.949238578680203,0.812338587585716
0.729,311,77,37,10,187,0.675438596491228,0.949238578680203,0.812338587585716
0.73,311,77,37,10,187,0.675438596491228,0.949238578680203,0.812338587585716
0.731,311,77,37,10,187,0.675438596491228,0.949238578680203,0.812338587585716
0.732,311,77,37,10,187,0.675438596491228,0.949238578680203,0.812338587585716
0.733,311,77,37,10,187,0.675438596491228,0.949238578680203,0.812338587585716
0.734,311,77,37,10,187,0.675438596491228,0.949238578680203,0.812338587585716
0.735,311,77,37,10,187,0.675438596491228,0.949238578680203,0.812338587585716
0.736,311,77,37,10,187,0.675438596491228,0.949238578680203,0.812338587585716
0.737,311,77,37,10,187,0.675438596491228,0.949238578680203,0.812338587585716
0.738,311,77,37,10,187,0.675438596491228,0.949238578680203,0.812338587585716
0.739,311,77,37,10,187,0.675438596491228,0.949238578680203,0.812338587585716
0.74,311,77,37,10,187,0.675438596491228,0.949238578680203,0.812338587585716
0.741,311,77,37,10,187,0.675438596491228,0.949238578680203,0.812338587585716
0.742,311,77,37,10,187,0.675438596491228,0.949238578680203,0.812338587585716
0.743,311,77,37,10,187,0.675438596491228,0.949238578680203,0.812338587585716
0.744,311,77,37,10,187,0.675438596491228,0.949238578680203,0.812338587585716
0.745,311,77,37,10,187,0.675438596491228,0.949238578680203,0.812338587585716
0.746,311,77,37,10,187,0.675438596491228,0.949238578680203,0.812338587585716
0.747,311,77,37,10,187,0.675438596491228,0.949238578680203,0.812338587585716
0.748,311,77,37,10,187,0.675438596491228,0.949238578680203,0.812338587585716
0.749,311,77,37,10,187,0.675438596491228,0.949238578680203,0.812338587585716
0.75,311,77,37,10,187,0.675438596491228,0.949238578680203,0.812338587585716
0.751,311,77,37,10,187,0.675438596491228,0.949238578680203,0.812338587585716
0.752,311,77,37,10,187,0.675438596491228,0.949238578680203,0.812338587585716
0.753,311,77,37,10,187,0.675438596491228,0.949238578680203,0.812338587585716
0.754,311,77,37,10,187,0.675438596491228,0.949238578680203,0.812338587585716
0.755,311,77,37,10,187,0.675438596491228,0.949238578680203,0.812338587585716
0.756,311,77,37,10,187,0.675438596491228,0.949238578680203,0.812338587585716
0.757,311,77,37,10,187,0.675438596491228,0.949238578680203,0.812338587585716
0.758,311,77,37,10,187,0.675438596491228,0.949238578680203,0.812338587585716
0.759,311,77,37,10,187,0.675438596491228,0.949238578680203,0.812338587585716
0.76,311,77,37,10,187,0.675438596491228,0.949238578680203,0.812338587585716
0.761,311,77,37,10,187,0.675438596491228,0.949238578680203,0.812338587585716
0.762,311,77,37,10,187,0.675438596491228,0.949238578680203,0.812338587585716
0.763,311,77,37,10,187,0.675438596491228,0.949238578680203,0.812338587585716
0.764,311,77,37,10,187,0.675438596491228,0.949238578680203,0.812338587585716
0.765,311,77,37,10,187,0.675438596491228,0.949238578680203,0.812338587585716
0.766,311,77,37,10,187,0.675438596491228,0.949238578680203,0.812338587585716
0.767,311,77,37,10,187,0.675438596491228,0.949238578680203,0.812338587585716
0.768,311,77,37,10,187,0.675438596491228,0.949238578680203,0.812338587585716
0.769,311,77,37,10,187,0.675438596491228,0.949238578680203,0.812338587585716
0.77,311,77,37,10,187,0.675438596491228,0.949238578680203,0.812338587585716
0.771,311,77,37,10,187,0.675438596491228,0.949238578680203,0.812338587585716
0.772,311,77,37,10,187,0.675438596491228,0.949238578680203,0.812338587585716
0.773,311,77,37,10,187,0.675438596491228,0.949238578680203,0.812338587585716
0.774,311,77,37,10,187,0.675438596491228,0.949238578680203,0.812338587585716
0.775,311,77,37,10,187,0.675438596491228,0.949238578680203,0.812338587585716
0.776,311,77,37,10,187,0.675438596491228,0.949238578680203,0.812338587585716
0.777,311,77,37,10,187,0.675438596491228,0.949238578680203,0.812338587585716
0.778,311,77,37,10,187,0.675438596491228,0.949238578680203,0.812338587585716
0.779,311,77,37,10,187,0.675438596491228,0.949238578680203,0.812338587585716
0.78,311,77,37,10,187,0.675438596491228,0.949238578680203,0.812338587585716
0.781,311,77,37,10,187,0.675438596491228,0.949238578680203,0.812338587585716
0.782,311,77,37,10,187,0.675438596491228,0.949238578680203,0.812338587585716
0.783,311,77,37,10,187,0.675438596491228,0.949238578680203,0.812338587585716
0.784,311,77,37,10,187,0.675438596491228,0.949238578680203,0.812338587585716
0.785,311,77,37,10,187,0.675438596491228,0.949238578680203,0.812338587585716
0.786,311,77,37,10,187,0.675438596491228,0.949238578680203,0.812338587585716
0.787,311,77,37,10,187,0.675438596491228,0.949238578680203,0.812338587585716
0.788,311,77,37,10,187,0.675438596491228,0.949238578680203,0.812338587585716
0.789,311,77,37,10,187,0.675438596491228,0.949238578680203,0.812338587585716
0.79,311,77,37,10,187,0.675438596491228,0.949238578680203,0.812338587585716
0.791,311,77,37,10,187,0.675438596491228,0.949238578680203,0.812338587585716
0.792,311,77,37,10,187,0.675438596491228,0.949238578680203,0.812338587585716
0.793,311,77,37,10,187,0.675438596491228,0.949238578680203,0.812338587585716
0.794,311,77,37,10,187,0.675438596491228,0.949238578680203,0.812338587585716
0.795,311,77,37,10,187,0.675438596491228,0.949238578680203,0.812338587585716
0.796,311,77,37,10,187,0.675438596491228,0.949238578680203,0.812338587585716
0.797,311,77,37,10,187,0.675438596491228,0.949238578680203,0.812338587585716
0.798,311,77,37,10,187,0.675438596491228,0.949238578680203,0.812338587585716
0.799,311,77,37,10,187,0.675438596491228,0.949238578680203,0.812338587585716
0.8,311,77,37,10,187,0.675438596491228,0.949238578680203,0.812338587585716
0.801,311,77,37,0,197,0.675438596491228,1,0.837719298245614
0.802,311,77,37,0,197,0.675438596491228,1,0.837719298245614
0.803,311,77,37,0,197,0.675438596491228,1,0.837719298245614
0.804,311,77,37,0,197,0.675438596491228,1,0.837719298245614
0.805,311,77,37,0,197,0.675438596491228,1,0.837719298245614
0.806,311,77,37,0,197,0.675438596491228,1,0.837719298245614
0.807,311,77,37,0,197,0.675438596491228,1,0.837719298245614
0.808,311,77,37,0,197,0.675438596491228,1,0.837719298245614
0.809,311,77,37,0,197,0.675438596491228,1,0.837719298245614
0.81,311,77,37,0,197,0.675438596491228,1,0.837719298245614
0.811,311,77,37,0,197,0.675438596491228,1,0.837719298245614
0.812,311,77,37,0,197,0.675438596491228,1,0.837719298245614
0.813,311,77,37,0,197,0.675438596491228,1,0.837719298245614
0.814,311,77,37,0,197,0.675438596491228,1,0.837719298245614
0.815,311,77,37,0,197,0.675438596491228,1,0.837719298245614
0.816,311,77,37,0,197,0.675438596491228,1,0.837719298245614
0.817,311,77,37,0,197,0.675438596491228,1,0.837719298245614
0.818,311,77,37,0,197,0.675438596491228,1,0.837719298245614
0.819,311,77,37,0,197,0.675438596491228,1,0.837719298245614
0.82,311,77,37,0,197,0.675438596491228,1,0.837719298245614
0.821,311,77,37,0,197,0.675438596491228,1,0.837719298245614
0.822,311,77,37,0,197,0.675438596491228,1,0.837719298245614
0.823,311,77,37,0,197,0.675438596491228,1,0.837719298245614
0.824,311,77,37,0,197,0.675438596491228,1,0.837719298245614
0.825,311,77,37,0,197,0.675438596491228,1,0.837719298245614
0.826,311,77,37,0,197,0.675438596491228,1,0.837719298245614
0.827,311,77,37,0,197,0.675438596491228,1,0.837719298245614
0.828,311,77,37,0,197,0.675438596491228,1,0.837719298245614
0.829,311,77,37,0,197,0.675438596491228,1,0.837719298245614
0.83,311,77,37,0,197,0.675438596491228,1,0.837719298245614
0.831,311,77,37,0,197,0.675438596491228,1,0.837719298245614
0.832,311,77,37,0,197,0.675438596491228,1,0.837719298245614
0.833,311,77,37,0,197,0.675438596491228,1,0.837719298245614
0.834,311,77,37,0,197,0.675438596491228,1,0.837719298245614
0.835,311,77,37,0,197,0.675438596491228,1,0.837719298245614
0.836,311,77,37,0,197,0.675438596491228,1,0.837719298245614
0.837,311,77,37,0,197,0.675438596491228,1,0.837719298245614
0.838,311,77,37,0,197,0.675438596491228,1,0.837719298245614
0.839,311,77,37,0,197,0.675438596491228,1,0.837719298245614
0.84,311,77,37,0,197,0.675438596491228,1,0.837719298245614
0.841,311,77,37,0,197,0.675438596491228,1,0.837719298245614
0.842,311,77,37,0,197,0.675438596491228,1,0.837719298245614
0.843,311,77,37,0,197,0.675438596491228,1,0.837719298245614
0.844,311,77,37,0,197,0.675438596491228,1,0.837719298245614
0.845,311,77,37,0,197,0.675438596491228,1,0.837719298245614
0.846,311,77,37,0,197,0.675438596491228,1,0.837719298245614
0.847,311,77,37,0,197,0.675438596491228,1,0.837719298245614
0.848,311,77,37,0,197,0.675438596491228,1,0.837719298245614
0.849,311,77,37,0,197,0.675438596491228,1,0.837719298245614
0.85,311,77,37,0,197,0.675438596491228,1,0.837719298245614
0.851,311,77,37,0,197,0.675438596491228,1,0.837719298245614
0.852,311,77,37,0,197,0.675438596491228,1,0.837719298245614
0.853,311,77,37,0,197,0.675438596491228,1,0.837719298245614
0.854,311,77,37,0,197,0.675438596491228,1,0.837719298245614
0.855,311,77,37,0,197,0.675438596491228,1,0.837719298245614
0.856,311,77,37,0,197,0.675438596491228,1,0.837719298245614
0.857,311,77,37,0,197,0.675438596491228,1,0.837719298245614
0.858,311,77,37,0,197,0.675438596491228,1,0.837719298245614
0.859,311,77,37,0,197,0.675438596491228,1,0.837719298245614
0.86,311,77,37,0,197,0.675438596491228,1,0.837719298245614
0.861,311,77,37,0,197,0.675438596491228,1,0.837719298245614
0.862,311,77,37,0,197,0.675438596491228,1,0.837719298245614
0.863,311,77,37,0,197,0.675438596491228,1,0.837719298245614
0.864,311,77,37,0,197,0.675438596491228,1,0.837719298245614
0.865,311,77,37,0,197,0.675438596491228,1,0.837719298245614
0.866,311,77,37,0,197,0.675438596491228,1,0.837719298245614
0.867,311,77,37,0,197,0.675438596491228,1,0.837719298245614
0.868,311,77,37,0,197,0.675438596491228,1,0.837719298245614
0.869,311,77,37,0,197,0.675438596491228,1,0.837719298245614
0.87,311,77,37,0,197,0.675438596491228,1,0.837719298245614
0.871,311,77,37,0,197,0.675438596491228,1,0.837719298245614
0.872,311,77,37,0,197,0.675438596491228,1,0.837719298245614
0.873,311,77,37,0,197,0.675438596491228,1,0.837719298245614
0.874,311,77,37,0,197,0.675438596491228,1,0.837719298245614
0.875,311,77,37,0,197,0.675438596491228,1,0.837719298245614
0.876,311,77,37,0,197,0.675438596491228,1,0.837719298245614
0.877,311,77,37,0,197,0.675438596491228,1,0.837719298245614
0.878,311,77,37,0,197,0.675438596491228,1,0.837719298245614
0.879,311,77,37,0,197,0.675438596491228,1,0.837719298245614
0.88,311,77,37,0,197,0.675438596491228,1,0.837719298245614
0.881,311,77,37,0,197,0.675438596491228,1,0.837719298245614
0.882,311,77,37,0,197,0.675438596491228,1,0.837719298245614
0.883,311,77,37,0,197,0.675438596491228,1,0.837719298245614
0.884,311,77,37,0,197,0.675438596491228,1,0.837719298245614
0.885,311,77,37,0,197,0.675438596491228,1,0.837719298245614
0.886,311,77,37,0,197,0.675438596491228,1,0.837719298245614
0.887,311,77,37,0,197,0.675438596491228,1,0.837719298245614
0.888,311,77,37,0,197,0.675438596491228,1,0.837719298245614
0.889,311,77,37,0,197,0.675438596491228,1,0.837719298245614
0.89,311,77,37,0,197,0.675438596491228,1,0.837719298245614
0.891,311,77,37,0,197,0.675438596491228,1,0.837719298245614
0.892,311,77,37,0,197,0.675438596491228,1,0.837719298245614
0.893,311,77,37,0,197,0.675438596491228,1,0.837719298245614
0.894,311,77,37,0,197,0.675438596491228,1,0.837719298245614
0.895,311,77,37,0,197,0.675438596491228,1,0.837719298245614
0.896,311,77,37,0,197,0.675438596491228,1,0.837719298245614
0.897,311,77,37,0,197,0.675438596491228,1,0.837719298245614
0.898,311,77,37,0,197,0.675438596491228,1,0.837719298245614
0.899,311,77,37,0,197,0.675438596491228,1,0.837719298245614
0.9,311,77,37,0,197,0.675438596491228,1,0.837719298245614
0.901,311,77,37,0,197,0.675438596491228,1,0.837719298245614
0.902,311,77,37,0,197,0.675438596491228,1,0.837719298245614
0.903,311,77,37,0,197,0.675438596491228,1,0.837719298245614
0.904,311,77,37,0,197,0.675438596491228,1,0.837719298245614
0.905,311,77,37,0,197,0.675438596491228,1,0.837719298245614
0.906,311,77,37,0,197,0.675438596491228,1,0.837719298245614
0.907,311,77,37,0,197,0.675438596491228,1,0.837719298245614
0.908,311,77,37,0,197,0.675438596491228,1,0.837719298245614
0.909,311,77,37,0,197,0.675438596491228,1,0.837719298245614
0.91,311,77,37,0,197,0.675438596491228,1,0.837719298245614
0.911,311,77,37,0,197,0.675438596491228,1,0.837719298245614
0.912,311,77,37,0,197,0.675438596491228,1,0.837719298245614
0.913,311,77,37,0,197,0.675438596491228,1,0.837719298245614
0.914,311,77,37,0,197,0.675438596491228,1,0.837719298245614
0.915,311,77,37,0,197,0.675438596491228,1,0.837719298245614
0.916,311,77,37,0,197,0.675438596491228,1,0.837719298245614
0.917,311,77,37,0,197,0.675438596491228,1,0.837719298245614
0.918,311,77,37,0,197,0.675438596491228,1,0.837719298245614
0.919,311,77,37,0,197,0.675438596491228,1,0.837719298245614
0.92,311,77,37,0,197,0.675438596491228,1,0.837719298245614
0.921,311,77,37,0,197,0.675438596491228,1,0.837719298245614
0.922,311,77,37,0,197,0.675438596491228,1,0.837719298245614
0.923,311,77,37,0,197,0.675438596491228,1,0.837719298245614
0.924,311,77,37,0,197,0.675438596491228,1,0.837719298245614
0.925,311,77,37,0,197,0.675438596491228,1,0.837719298245614
0.926,311,77,37,0,197,0.675438596491228,1,0.837719298245614
0.927,311,77,37,0,197,0.675438596491228,1,0.837719298245614
0.928,311,77,37,0,197,0.675438596491228,1,0.837719298245614
0.929,311,77,37,0,197,0.675438596491228,1,0.837719298245614
0.93,311,77,37,0,197,0.675438596491228,1,0.837719298245614
0.931,311,77,37,0,197,0.675438596491228,1,0.837719298245614
0.932,311,77,37,0,197,0.675438596491228,1,0.837719298245614
0.933,311,77,37,0,197,0.675438596491228,1,0.837719298245614
0.934,311,77,37,0,197,0.675438596491228,1,0.837719298245614
0.935,311,77,37,0,197,0.675438596491228,1,0.837719298245614
0.936,311,77,37,0,197,0.675438596491228,1,0.837719298245614
0.937,311,77,37,0,197,0.675438596491228,1,0.837719298245614
0.938,311,77,37,0,197,0.675438596491228,1,0.837719298245614
0.939,311,77,37,0,197,0.675438596491228,1,0.837719298245614
0.94,311,77,37,0,197,0.675438596491228,1,0.837719298245614
0.941,311,77,37,0,197,0.675438596491228,1,0.837719298245614
0.942,311,77,37,0,197,0.675438596491228,1,0.837719298245614
0.943,311,77,37,0,197,0.675438596491228,1,0.837719298245614
0.944,311,77,37,0,197,0.675438596491228,1,0.837719298245614
0.945,311,77,37,0,197,0.675438596491228,1,0.837719298245614
0.946,311,77,37,0,197,0.675438596491228,1,0.837719298245614
0.947,311,77,37,0,197,0.675438596491228,1,0.837719298245614
0.948,311,77,37,0,197,0.675438596491228,1,0.837719298245614
0.949,311,77,37,0,197,0.675438596491228,1,0.837719298245614
0.95,311,77,37,0,197,0.675438596491228,1,0.837719298245614
0.951,311,77,37,0,197,0.675438596491228,1,0.837719298245614
0.952,311,77,37,0,197,0.675438596491228,1,0.837719298245614
0.953,311,77,37,0,197,0.675438596491228,1,0.837719298245614
0.954,311,77,37,0,197,0.675438596491228,1,0.837719298245614
0.955,311,77,37,0,197,0.675438596491228,1,0.837719298245614
0.956,311,77,37,0,197,0.675438596491228,1,0.837719298245614
0.957,311,77,37,0,197,0.675438596491228,1,0.837719298245614
0.958,311,77,37,0,197,0.675438596491228,1,0.837719298245614
0.959,311,77,37,0,197,0.675438596491228,1,0.837719298245614
0.96,311,77,37,0,197,0.675438596491228,1,0.837719298245614
0.961,311,77,37,0,197,0.675438596491228,1,0.837719298245614
0.962,311,77,37,0,197,0.675438596491228,1,0.837719298245614
0.963,311,77,37,0,197,0.675438596491228,1,0.837719298245614
0.964,311,77,37,0,197,0.675438596491228,1,0.837719298245614
0.965,311,77,37,0,197,0.675438596491228,1,0.837719298245614
0.966,311,77,37,0,197,0.675438596491228,1,0.837719298245614
0.967,311,77,37,0,197,0.675438596491228,1,0.837719298245614
0.968,311,77,37,0,197,0.675438596491228,1,0.837719298245614
0.969,311,77,37,0,197,0.675438596491228,1,0.837719298245614
0.97,311,77,37,0,197,0.675438596491228,1,0.837719298245614
0.971,311,77,37,0,197,0.675438596491228,1,0.837719298245614
0.972,311,77,37,0,197,0.675438596491228,1,0.837719298245614
0.973,311,77,37,0,197,0.675438596491228,1,0.837719298245614
0.974,311,77,37,0,197,0.675438596491228,1,0.837719298245614
0.975,311,77,37,0,197,0.675438596491228,1,0.837719298245614
0.976,311,77,37,0,197,0.675438596491228,1,0.837719298245614
0.977,311,77,37,0,197,0.675438596491228,1,0.837719298245614
0.978,311,77,37,0,197,0.675438596491228,1,0.837719298245614
0.979,311,77,37,0,197,0.675438596491228,1,0.837719298245614
0.98,311,77,37,0,197,0.675438596491228,1,0.837719298245614
0.981,311,77,37,0,197,0.675438596491228,1,0.837719298245614
0.982,311,77,37,0,197,0.675438596491228,1,0.837719298245614
0.983,311,77,37,0,197,0.675438596491228,1,0.837719298245614
0.984,311,77,37,0,197,0.675438596491228,1,0.837719298245614
0.985,311,77,37,0,197,0.675438596491228,1,0.837719298245614
0.986,311,77,37,0,197,0.675438596491228,1,0.837719298245614
0.987,311,77,37,0,197,0.675438596491228,1,0.837719298245614
0.988,311,77,37,0,197,0.675438596491228,1,0.837719298245614
0.989,311,24,90,0,197,0.210526315789474,1,0.605263157894737
0.99,311,3,111,0,197,0.0263157894736842,1,0.513157894736842
0.991,311,0,114,0,197,0,1,0.5
0.992,311,0,114,0,197,0,1,0.5
0.993,311,0,114,0,197,0,1,0.5
0.994,311,0,114,0,197,0,1,0.5
0.995,311,0,114,0,197,0,1,0.5
0.996,311,0,114,0,197,0,1,0.5
0.997,311,0,114,0,197,0,1,0.5
0.998,311,0,114,0,197,0,1,0.5
0.999,311,0,114,0,197,0,1,0.5
1,311,0,114,0,197,0,1,0.5
