content_sha256,source_file,scenario,segment,begin_frame,ground_truth,motion_context,training_danger_probability,training_prediction,group_validation_danger_probability,group_validation_prediction
74F8A83AE2430E9FAB98C791A28A2A38F1A8D397C4DE1E389B85CF4C2EB2B0F0,太阳能板边缘中心旋转扫描.txt,太阳能板边缘中心旋转扫描,1,1860,SAFE,TURN_RIGHT,0.00561797752808989,SAFE,0.538461538461538,DANGER
3AE88B103E0A9239D497F267CA7EEAB57587CA1422BBAD21CA345BFF508BA21D,太阳能板边缘中心旋转扫描.txt,太阳能板边缘中心旋转扫描,1,1929,DANGER,TURN_RIGHT,0.266666666666667,SAFE,0.00584795321637427,SAFE
036EF071C3C2AF38F5340EBAC67DDDD65AC33C404ED2AE673E3164429C371338,太阳能板边缘中心旋转扫描.txt,太阳能板边缘中心旋转扫描,1,2414,SAFE,TURN_RIGHT,0.0909090909090909,SAFE,0.538461538461538,DANGER
96AF894A23EA2D439731C333983503C269AEE98751BA4CF50490EA5A2AC7A95B,左转极限.txt,左转极限,1,726,DANGER,TURN_LEFT,0.990654205607477,DANGER,0.00578034682080925,SAFE
DE0C0FBA8AF7FB4711E60D34DC9A37D886371793C5511AB8341D4C6C8E723CCA,左转极限.txt,左转极限,1,761,DANGER,TURN_LEFT,0.990654205607477,DANGER,0.3,SAFE
680FA16025D607574AEFAA3C60F3ED1F28F7861632738D67107B27390F774E4A,左转极限.txt,左转极限,1,796,DANGER,STATIONARY,0.990654205607477,DANGER,0.3,SAFE
38DE4B9185EF540518BB55A14462AE3CD7B611FB21C38B6F88F6DE597366D92A,左转极限.txt,左转极限,1,831,DANGER,STATIONARY,0.990654205607477,DANGER,0.3,SAFE
18C43016AECACF7B09C0B5B3BEAF76B14D66E61C763ABFEBE3CCA82289A24DAE,左转极限.txt,左转极限,1,865,DANGER,STATIONARY,0.990654205607477,DANGER,0.3,SAFE
0836BF8BBB73D9F1A24CF3650677501E401A17C36F38454D7533C2043A0C5D99,左转极限.txt,左转极限,1,900,DANGER,STATIONARY,0.990654205607477,DANGER,0.3,SAFE
EA4620B6DCC1FE253839D32BFBE91B1B8C8A59200811E8E803AC15C9B2829E45,左转极限.txt,左转极限,1,934,DANGER,TURN_LEFT,0.990654205607477,DANGER,0.3,SAFE
A00ECBC8EA9151C08DF72F99630765C2A695BF0C5D98375CA8D8B052562EF703,左转极限.txt,左转极限,1,969,DANGER,TURN_LEFT,0.990654205607477,DANGER,0.3,SAFE
B2D01823770B7C53123908575DA5DEEF339C9C7ADA3AADD5229038E4E11D1CF3,两太阳能板过度.txt,两太阳能板过度,1,1344,SAFE,FORWARD,0.00561797752808989,SAFE,0.6,DANGER
4C25A6B55D69A499CF502A68C37CF86D5DCD11A045E39EF0A257FB60E494FADA,两太阳能板过度.txt,两太阳能板过度,1,1413,SAFE,FORWARD,0.00561797752808989,SAFE,0.6,DANGER
BD082AC4CAD931E5F63CE606AD5014CE1F35B980C4E3F92E04D54FEB335C717E,两太阳能板过度.txt,两太阳能板过度,1,1794,SAFE,FORWARD,0.00561797752808989,SAFE,0.7,DANGER
D9006859CED3E000CD55272644BC7373C2C0F09BEACD4148CFFE027130B3B575,太阳能板直角边源.txt,太阳能板直角边源,1,839,DANGER,STATIONARY,0.990654205607477,DANGER,0.166666666666667,SAFE
CF79FBCF0DA8B9B58F0DE7B541757C7BE3316DDD2D0ED4DCAC0F8E4FD1E05F14,太阳能板直角边源.txt,太阳能板直角边源,1,872,DANGER,STATIONARY,0.990654205607477,DANGER,0.166666666666667,SAFE
C29210BB4F28A4A23BAA3121A7451B22BA0854FE1D22256C5B6D32923F7E145A,太阳能板直角边源.txt,太阳能板直角边源,1,904,DANGER,STATIONARY,0.990654205607477,DANGER,0.166666666666667,SAFE
E7DF82082170C375372C6D7AFEFB8A4E2DA4824AE5610CC20B05BB82290A274F,太阳能板直角边源.txt,太阳能板直角边源,1,936,DANGER,STATIONARY,0.990654205607477,DANGER,0.166666666666667,SAFE
51554908A688BFC4AA90D2BD545B7465B9894EADD1E4887FD6F6E522B763A8FF,太阳能板直角边源.txt,太阳能板直角边源,1,970,DANGER,STATIONARY,0.990654205607477,DANGER,0.166666666666667,SAFE
A446867858694E5CAB56628CF58F5DE38C041AC2EB53503C1407A3B5A9F62C75,太阳能板直角边源.txt,太阳能板直角边源,1,1004,DANGER,STATIONARY,0.990654205607477,DANGER,0.166666666666667,SAFE
891C7F398499F5A2D62073723592AB0712A7673F8A6C4C4B15CA43BD64660318,太阳能板直角边源.txt,太阳能板直角边源,1,1038,DANGER,STATIONARY,0.990654205607477,DANGER,0.166666666666667,SAFE
7487D10437B24BB5CC385B483180D0385CCFB6CF5A9096409650801FEBD96013,太阳能板直角边源.txt,太阳能板直角边源,1,1066,DANGER,STATIONARY,0.990654205607477,DANGER,0.166666666666667,SAFE
E4C570265860EDCA286E684EFFA745B1E739FC85A4AE8D55D3C86AD2F421DA35,太阳能板直角边源.txt,太阳能板直角边源,2,695,SAFE,TURN_LEFT,0.00561797752808989,SAFE,0.5,DANGER
6ABD3EDEEEFBACCF20EC156F17207F6DDD5A6516D1ACD41D1A583C7DAE404F4C,太阳能板直角边源.txt,太阳能板直角边源,2,729,SAFE,TURN_LEFT,0.266666666666667,SAFE,0.5,DANGER
5DF5C8AFDB8F4CAB8775CFE07CC2F61FFD9115020E4DBF30CF49EEE12DA40A6A,太阳能板直角边源.txt,太阳能板直角边源,5,3,DANGER,STATIONARY,0.990654205607477,DANGER,0.0909090909090909,SAFE
80C2B88BB71E270A79EE3A3C4BB29F607D4A37B75DE88EC4B129B8EB86DB5B2D,太阳能板直角边源.txt,太阳能板直角边源,5,71,DANGER,STATIONARY,0.990654205607477,DANGER,0.0909090909090909,SAFE
90046EF32EA7B470F21BB1E391A9A2633C1A69FC0BA365AC25AB9FDEA9169226,太阳能板直角边源.txt,太阳能板直角边源,5,106,DANGER,STATIONARY,0.990654205607477,DANGER,0.0909090909090909,SAFE
A8DC90129AAF8DD5B52DD7352F4A0AE808567DDD7BAC74968578959BC5CFAD48,太阳能板直角边源.txt,太阳能板直角边源,5,176,DANGER,STATIONARY,0.990654205607477,DANGER,0.0909090909090909,SAFE
D18BDE2152333CC1FB3CCD3F06EE70862DE16EA4DA968E0A49DB116378E7B962,太阳能板直角边源.txt,太阳能板直角边源,5,210,DANGER,STATIONARY,0.990654205607477,DANGER,0.0909090909090909,SAFE
0B541DF0F0C03512DB5BE3E23A45AFD70D7189AA6FBE217286EB73CC4CB91005,太阳能板直角边源.txt,太阳能板直角边源,5,245,DANGER,STATIONARY,0.990654205607477,DANGER,0.0909090909090909,SAFE
AD129F0D5FC025802EAB18011859539B7CD43E76EA0C9244358913D53B5205F2,太阳能板直角边源.txt,太阳能板直角边源,5,279,DANGER,STATIONARY,0.990654205607477,DANGER,0.0909090909090909,SAFE
D4770D36E6BCED06A02F0310FF60365583C85BD1023C208FDBFF716656B88292,太阳能板直角边源.txt,太阳能板直角边源,5,349,DANGER,STATIONARY,0.990654205607477,DANGER,0.0909090909090909,SAFE
E100C652211E59E78D24CAC65DFE895DDF4F15BF833F401CFFE0654B59B0EDE5,太阳能板直角边源.txt,太阳能板直角边源,5,383,DANGER,STATIONARY,0.990654205607477,DANGER,0.0909090909090909,SAFE
1FA8364AB76A4B0C520BC0BE20401BAF701C9891D9B16B444458BC8B6F6AF7C5,太阳能板直角边源.txt,太阳能板直角边源,5,418,DANGER,STATIONARY,0.990654205607477,DANGER,0.0909090909090909,SAFE
423CF4C3220714A9C3A9B2B283EBE747BCE898CB44E213F72EBA7125E1B80969,太阳能板直角边源.txt,太阳能板直角边源,5,452,DANGER,STATIONARY,0.990654205607477,DANGER,0.0909090909090909,SAFE
510A0F18689F3B74A9F9B75058BB5A528EB0379E1AD404C4A70B10DF218C1871,太阳能板直角边源.txt,太阳能板直角边源,5,487,DANGER,STATIONARY,0.990654205607477,DANGER,0.0909090909090909,SAFE
3FF5DCEA5334EF4CC81870EF702D964C621B5FD367270271E192FCAC73B2908E,太阳能板直角边源.txt,太阳能板直角边源,5,521,DANGER,STATIONARY,0.990654205607477,DANGER,0.0909090909090909,SAFE
C9C2655A7775A6E0D782D3BAFAE63EE52604FD2E45DE03E24668FF84DDF80108,太阳能板直角边源.txt,太阳能板直角边源,5,556,DANGER,STATIONARY,0.990654205607477,DANGER,0.0909090909090909,SAFE
CB6A71CF87A6E02438D50EC419C9F3CE2FBB500FE80C29E5B46658FB00F2092E,太阳能板直角边源.txt,太阳能板直角边源,6,868,SAFE,FORWARD,0.00561797752808989,SAFE,0.8,DANGER
E59780318301DEC60F894A87E8CC8F55DE1832AF229040E76C976E4EA8A13894,太阳能板直角边源.txt,太阳能板直角边源,7,3,SAFE,UNKNOWN,0.266666666666667,SAFE,0.8,DANGER
D2C0F694616045A7F603B66DA8D4F5AFF6A9B71A8D912117EDB6138C471DDF7F,太阳能板直角边源.txt,太阳能板直角边源,7,201,SAFE,UNKNOWN,0.266666666666667,SAFE,0.8,DANGER
FBB0DCF0535B841B187AD1F1D5EB267717BA0CD2C7FAC22D35661EACB1F1A8FF,太阳能板直角边源.txt,太阳能板直角边源,7,236,SAFE,UNKNOWN,0.266666666666667,SAFE,0.8,DANGER
B49FB54ED62A50D6A02AB283F100022843E6FBA8BC431DCF5A4D51C38CC98AD7,太阳能板直角边源.txt,太阳能板直角边源,7,270,SAFE,UNKNOWN,0.266666666666667,SAFE,0.8,DANGER
3FF86C2934DF785148FA895FFE78211C6CDA1373580064B45977E862AA1B09B0,太阳能板直角边源.txt,太阳能板直角边源,7,305,SAFE,UNKNOWN,0.266666666666667,SAFE,0.8,DANGER
2C7731E9CFABCAA8AF9166F68E3BFC09C9EE19D2EEE61EEA336073FA101F6B66,太阳能板直角边源.txt,太阳能板直角边源,7,339,SAFE,UNKNOWN,0.266666666666667,SAFE,0.8,DANGER
40DB47A5784884ACD6DB0F6CD06AA36B6857FC2CC05AE84892A85068D913E537,太阳能板直角边源.txt,太阳能板直角边源,7,375,SAFE,UNKNOWN,0.266666666666667,SAFE,0.8,DANGER
F6A57B4BCB0E811A196C3556A4AF70E443BD6CB596BFB1B4BE21265DBEDAA9B7,太阳能板直角边源.txt,太阳能板直角边源,7,409,SAFE,UNKNOWN,0.266666666666667,SAFE,0.8,DANGER
9E30A82DE19DC2B1F2B7295987747A2E97AB762A70E463074103C148AE0E7B2F,太阳能板直角边源.txt,太阳能板直角边源,7,444,SAFE,UNKNOWN,0.266666666666667,SAFE,0.8,DANGER
BE94B023715CF5A49144D2BB61FA6FCBF6AC3047802AD6945CEF3FCAA02A1C98,太阳能板直角边源.txt,太阳能板直角边源,9,683,DANGER,TURN_RIGHT,0.7,DANGER,0.00625,SAFE
5E6C004670D3A9EAEFCA3D7BC219AC85FC84D76BBD9B49AC0FA3D6969C59E7C9,太阳能板直角边源.txt,太阳能板直角边源,9,1341,SAFE,TURN_LEFT,0.00561797752808989,SAFE,0.352941176470588,DANGER
2B89D6FC6DA5FA687BF6E42599465D26D95D5A12545EA63684ED254108AB2C95,太阳能板直角边源.txt,太阳能板直角边源,9,1376,SAFE,STATIONARY,0.00561797752808989,SAFE,0.352941176470588,DANGER
F5815C0CA141684D6B20328273970D23BABA97637BA6575631C04838929229CA,太阳能板直角边源.txt,太阳能板直角边源,9,1410,SAFE,STATIONARY,0.00561797752808989,SAFE,0.352941176470588,DANGER
B6E3C74A1A9DAE9B9D913E7AF9E7454CFAF1CF5AAAF1F8B4516AA53068F6ADAD,太阳能板直角边源.txt,太阳能板直角边源,9,1444,SAFE,TURN_RIGHT,0.00561797752808989,SAFE,0.352941176470588,DANGER
84C47F127463D9DA353AF7148E89B9BD1FD2D9C0D7E28CB21C2C9CE0D5230ABC,太阳能板直角边源.txt,太阳能板直角边源,9,1479,SAFE,STATIONARY,0.00561797752808989,SAFE,0.352941176470588,DANGER
F3CA06AF2E2CEE87A0DEFD5763775A6FAF42FB81DB87B6E77B167FBC53AFA83C,太阳能板直角边源.txt,太阳能板直角边源,9,1514,SAFE,STATIONARY,0.00561797752808989,SAFE,0.352941176470588,DANGER
D7A2730938AC11122D3733C6AFA29348A0988BFCB9BFDCFB17A3131441F27F86,太阳能板直角边源.txt,太阳能板直角边源,9,1548,SAFE,STATIONARY,0.00561797752808989,SAFE,0.352941176470588,DANGER
792D309BE4EFBDE34D7CC1AA94DB1D4A08AD8891DEE6605530434EBF9F9CE3A3,太阳能板直角边源.txt,太阳能板直角边源,9,1584,SAFE,STATIONARY,0.00561797752808989,SAFE,0.352941176470588,DANGER
CA016C9FEF1B30615D1C59FD916361F516963377B61E9869BF7009164F7CB8A7,太阳能板直角边源.txt,太阳能板直角边源,9,1618,SAFE,STATIONARY,0.00561797752808989,SAFE,0.352941176470588,DANGER
B878322FF6A024C95F51D6D388EE2A271BCF5976170D3906A0568A0512A96876,太阳能板直角边源.txt,太阳能板直角边源,9,1653,SAFE,STATIONARY,0.00561797752808989,SAFE,0.352941176470588,DANGER
