threshold,evaluated_count,true_danger,missed_danger,false_danger,true_safe,danger_recall,safe_recall,balanced_accuracy,decision_margin
0,311,114,0,197,0,1,0,0.5,3.97554421234988e-11
0.001,311,114,0,194,3,1,0.0152284263959391,0.50761421319797,0.000152885069332903
0.002,311,114,0,186,11,1,0.0558375634517767,0.527918781725888,1.6158670568259e-05
0.003,311,114,0,176,21,1,0.106598984771574,0.553299492385787,6.98411082162881e-05
0.004,311,114,0,166,31,1,0.157360406091371,0.578680203045685,2.6109511355038e-06
0.005,311,114,0,141,56,1,0.284263959390863,0.642131979695431,4.90268204290933e-07
0.006,311,114,0,124,73,1,0.370558375634518,0.685279187817259,1.8662869267173e-05
0.007,311,114,0,106,91,1,0.461928934010152,0.730964467005076,1.04868712490179e-05
0.008,311,114,0,95,102,1,0.517766497461929,0.758883248730964,0.000141038086489511
0.009,311,114,0,88,109,1,0.553299492385787,0.776649746192893,0.000140630778186325
0.01,311,114,0,80,117,1,0.593908629441624,0.796954314720812,1.140501862942e-05
0.011,311,114,0,72,125,1,0.634517766497462,0.817258883248731,4.26595895307216e-05
0.012,311,114,0,67,130,1,0.65989847715736,0.82994923857868,5.32271537194064e-05
0.013,311,114,0,61,136,1,0.690355329949239,0.845177664974619,0.000248082001457452
0.014,311,114,0,58,139,1,0.705583756345178,0.852791878172589,0.000566335834712359
0.015,311,114,0,58,139,1,0.705583756345178,0.852791878172589,0.00153663651312669
0.016,311,114,0,58,139,1,0.705583756345178,0.852791878172589,0.000536636513126687
0.017,311,114,0,55,142,1,0.720812182741117,0.860406091370558,0.000368236289100751
0.018,311,114,0,55,142,1,0.720812182741117,0.860406091370558,0.000300658991268424
0.019,311,114,0,53,144,1,0.730964467005076,0.865482233502538,5.07839688353579e-05
0.02,311,114,0,51,146,1,0.741116751269036,0.870558375634518,0.000401621318600963
0.021,311,114,0,51,146,1,0.741116751269036,0.870558375634518,0.000533984412161799
0.022,311,114,0,50,147,1,0.746192893401015,0.873096446700508,0.000466015587838198
0.023,311,114,0,50,147,1,0.746192893401015,0.873096446700508,0.0014660155878382
0.024,311,114,0,50,147,1,0.746192893401015,0.873096446700508,0.000820242143174194
0.025,311,114,0,49,148,1,0.751269035532995,0.875634517766497,0.000179757856825807
0.026,311,114,0,48,149,1,0.756345177664975,0.878172588832487,0.000516786441699703
0.027,311,114,0,48,149,1,0.756345177664975,0.878172588832487,0.0015167864416997
0.028,311,114,0,48,149,1,0.756345177664975,0.878172588832487,0.000698866763419605
0.029,311,114,0,47,150,1,0.761421319796954,0.880710659898477,0.000301133236580396
0.03,311,114,0,45,152,1,0.771573604060914,0.885786802030457,0.00041498077050995
0.031,311,114,0,45,152,1,0.771573604060914,0.885786802030457,0.00141498077050995
0.032,311,114,0,45,152,1,0.771573604060914,0.885786802030457,0.00241498077050995
0.033,311,114,0,45,152,1,0.771573604060914,0.885786802030457,0.00340335126579638
0.034,311,114,0,45,152,1,0.771573604060914,0.885786802030457,0.00240335126579638
0.035,311,114,0,45,152,1,0.771573604060914,0.885786802030457,0.00140335126579638
0.036,311,114,0,45,152,1,0.771573604060914,0.885786802030457,0.000403351265796381
0.037,311,114,0,43,154,1,0.781725888324873,0.890862944162436,0.000374230381300925
0.038,311,114,0,43,154,1,0.781725888324873,0.890862944162436,0.000645555417263362
0.039,311,114,0,42,155,1,0.786802030456853,0.893401015228426,0.000354444582736639
0.04,311,114,0,42,155,1,0.786802030456853,0.893401015228426,0.000698820904896154
0.041,311,114,0,41,156,1,0.791878172588833,0.895939086294416,0.000301179095103847
0.042,311,114,0,41,156,1,0.791878172588833,0.895939086294416,0.00130117909510385
0.043,311,114,0,41,156,1,0.791878172588833,0.895939086294416,0.000834281620706818
0.044,311,114,0,39,158,1,0.802030456852792,0.901015228426396,0.000147086168318884
0.045,311,114,0,39,158,1,0.802030456852792,0.901015228426396,0.000331804350147569
0.046,311,114,0,38,159,1,0.807106598984772,0.903553299492386,3.70213843687711e-05
0.047,311,114,0,36,161,1,0.817258883248731,0.908629441624365,0.000305445656762368
0.048,311,114,0,36,161,1,0.817258883248731,0.908629441624365,0.000695679130640552
0.049,311,114,0,35,162,1,0.822335025380711,0.911167512690355,0.000245788547131663
0.05,311,114,0,33,164,1,0.83248730964467,0.916243654822335,0.000643784433421349
0.051,311,114,0,33,164,1,0.83248730964467,0.916243654822335,0.00164378443342135
0.052,311,114,0,33,164,1,0.83248730964467,0.916243654822335,0.00264378443342135
0.053,311,114,0,33,164,1,0.83248730964467,0.916243654822335,0.00208256952138749
0.054,311,114,0,33,164,1,0.83248730964467,0.916243654822335,0.00108256952138749
0.055,311,114,0,33,164,1,0.83248730964467,0.916243654822335,8.25695213874864e-05
0.056,311,114,0,32,165,1,0.83756345177665,0.918781725888325,0.000917430478612515
0.057,311,114,0,32,165,1,0.83756345177665,0.918781725888325,0.000157853171100515
0.058,311,114,0,31,166,1,0.842639593908629,0.921319796954315,0.000842146828899486
0.059,311,114,0,31,166,1,0.842639593908629,0.921319796954315,0.000654572937338609
0.06,311,114,0,30,167,1,0.847715736040609,0.923857868020305,0.000345427062661385
0.061,311,114,0,30,167,1,0.847715736040609,0.923857868020305,0.00134542706266139
0.062,311,114,0,30,167,1,0.847715736040609,0.923857868020305,0.00234542706266139
0.063,311,114,0,30,167,1,0.847715736040609,0.923857868020305,0.00334542706266139
0.064,311,114,0,30,167,1,0.847715736040609,0.923857868020305,0.00434542706266139
0.065,311,114,0,30,167,1,0.847715736040609,0.923857868020305,0.00352527752600715
0.066,311,114,0,30,167,1,0.847715736040609,0.923857868020305,0.00252527752600715
0.067,311,114,0,30,167,1,0.847715736040609,0.923857868020305,0.00152527752600715
0.068,311,114,0,30,167,1,0.847715736040609,0.923857868020305,0.000525277526007145
0.069,311,114,0,29,168,1,0.852791878172589,0.926395939086294,0.000474722473992856
0.07,311,114,0,28,169,1,0.857868020304569,0.928934010152284,0.000344190841743627
0.071,311,114,0,28,169,1,0.857868020304569,0.928934010152284,0.00134419084174363
0.072,311,114,0,28,169,1,0.857868020304569,0.928934010152284,0.000347592578477954
0.073,311,114,0,27,170,1,0.862944162436548,0.931472081218274,0.000652407421522033
0.074,311,114,0,27,170,1,0.862944162436548,0.931472081218274,0.00165240742152203
0.075,311,114,0,27,170,1,0.862944162436548,0.931472081218274,0.00265240742152204
0.076,311,114,0,27,170,1,0.862944162436548,0.931472081218274,0.00365240742152204
0.077,311,114,0,27,170,1,0.862944162436548,0.931472081218274,0.00465240742152204
0.078,311,114,0,27,170,1,0.862944162436548,0.931472081218274,0.00565240742152204
0.079,311,114,0,27,170,1,0.862944162436548,0.931472081218274,0.00630723288969758
0.08,311,114,0,27,170,1,0.862944162436548,0.931472081218274,0.00530723288969757
0.081,311,114,0,27,170,1,0.862944162436548,0.931472081218274,0.00430723288969757
0.082,311,114,0,27,170,1,0.862944162436548,0.931472081218274,0.00330723288969757
0.083,311,114,0,27,170,1,0.862944162436548,0.931472081218274,0.00230723288969757
0.084,311,114,0,27,170,1,0.862944162436548,0.931472081218274,0.00130723288969757
0.085,311,114,0,27,170,1,0.862944162436548,0.931472081218274,0.00030723288969757
0.086,311,114,0,26,171,1,0.868020304568528,0.934010152284264,0.000692767110302431
0.087,311,114,0,26,171,1,0.868020304568528,0.934010152284264,0.00117525050277467
0.088,311,114,0,26,171,1,0.868020304568528,0.934010152284264,0.000175250502774685
0.089,311,114,0,25,172,1,0.873096446700508,0.936548223350254,0.000824749497225316
0.09,311,114,0,25,172,1,0.873096446700508,0.936548223350254,0.00182474949722532
0.091,311,114,0,25,172,1,0.873096446700508,0.936548223350254,0.0013323597910877
0.092,311,114,0,25,172,1,0.873096446700508,0.936548223350254,0.0003323597910877
0.093,311,114,0,24,173,1,0.878172588832487,0.939086294416244,0.000667640208912301
0.094,311,114,0,24,173,1,0.878172588832487,0.939086294416244,0.00105004944343633
0.095,311,114,0,24,173,1,0.878172588832487,0.939086294416244,5.00494434363258e-05
0.096,311,114,0,22,175,1,0.888324873096447,0.944162436548223,1.47815540820218e-05
0.097,311,114,0,22,175,1,0.888324873096447,0.944162436548223,0.00101478155408202
0.098,311,114,0,22,175,1,0.888324873096447,0.944162436548223,0.00201478155408202
0.099,311,114,0,22,175,1,0.888324873096447,0.944162436548223,0.00301478155408202
0.1,311,114,0,22,175,1,0.888324873096447,0.944162436548223,0.00401478155408203
0.101,311,114,0,22,175,1,0.888324873096447,0.944162436548223,0.00501478155408203
0.102,311,114,0,22,175,1,0.888324873096447,0.944162436548223,0.00601478155408203
0.103,311,114,0,22,175,1,0.888324873096447,0.944162436548223,0.00701478155408203
0.104,311,114,0,22,175,1,0.888324873096447,0.944162436548223,0.00704607088890502
0.105,311,114,0,22,175,1,0.888324873096447,0.944162436548223,0.00604607088890503
0.106,311,114,0,22,175,1,0.888324873096447,0.944162436548223,0.00504607088890503
0.107,311,114,0,22,175,1,0.888324873096447,0.944162436548223,0.00404607088890503
0.108,311,114,0,22,175,1,0.888324873096447,0.944162436548223,0.00304607088890503
0.109,311,114,0,22,175,1,0.888324873096447,0.944162436548223,0.00204607088890503
0.11,311,114,0,22,175,1,0.888324873096447,0.944162436548223,0.00104607088890503
0.111,311,114,0,22,175,1,0.888324873096447,0.944162436548223,4.60708889050282e-05
0.112,311,114,0,20,177,1,0.898477157360406,0.949238578680203,0.000152855071043886
0.113,311,114,0,20,177,1,0.898477157360406,0.949238578680203,0.00115285507104389
0.114,311,114,0,20,177,1,0.898477157360406,0.949238578680203,0.00215285507104389
0.115,311,114,0,20,177,1,0.898477157360406,0.949238578680203,0.00315285507104389
0.116,311,114,0,20,177,1,0.898477157360406,0.949238578680203,0.00415285507104389
0.117,311,114,0,20,177,1,0.898477157360406,0.949238578680203,0.00417235298055903
0.118,311,114,0,20,177,1,0.898477157360406,0.949238578680203,0.00317235298055903
0.119,311,114,0,20,177,1,0.898477157360406,0.949238578680203,0.00217235298055903
0.12,311,114,0,20,177,1,0.898477157360406,0.949238578680203,0.00117235298055904
0.121,311,114,0,20,177,1,0.898477157360406,0.949238578680203,0.000172352980559037
0.122,311,114,0,19,178,1,0.903553299492386,0.951776649746193,0.000827647019440964
0.123,311,114,0,19,178,1,0.903553299492386,0.951776649746193,0.00182764701944096
0.124,311,114,0,19,178,1,0.903553299492386,0.951776649746193,0.00282764701944097
0.125,311,114,0,19,178,1,0.903553299492386,0.951776649746193,0.00382764701944097
0.126,311,114,0,19,178,1,0.903553299492386,0.951776649746193,0.00482764701944097
0.127,311,114,0,19,178,1,0.903553299492386,0.951776649746193,0.00582764701944097
0.128,311,114,0,19,178,1,0.903553299492386,0.951776649746193,0.00682764701944097
0.129,311,114,0,19,178,1,0.903553299492386,0.951776649746193,0.00782764701944097
0.13,311,114,0,19,178,1,0.903553299492386,0.951776649746193,0.00824948124413932
0.131,311,114,0,19,178,1,0.903553299492386,0.951776649746193,0.00724948124413932
0.132,311,114,0,19,178,1,0.903553299492386,0.951776649746193,0.00624948124413932
0.133,311,114,0,19,178,1,0.903553299492386,0.951776649746193,0.00524948124413932
0.134,311,114,0,19,178,1,0.903553299492386,0.951776649746193,0.00424948124413932
0.135,311,114,0,19,178,1,0.903553299492386,0.951776649746193,0.00324948124413932
0.136,311,114,0,19,178,1,0.903553299492386,0.951776649746193,0.00224948124413932
0.137,311,114,0,19,178,1,0.903553299492386,0.951776649746193,0.00124948124413932
0.138,311,114,0,19,178,1,0.903553299492386,0.951776649746193,0.000249481244139316
0.139,311,114,0,18,179,1,0.908629441624365,0.954314720812183,0.000249969438668396
0.14,311,114,0,17,180,1,0.913705583756345,0.956852791878173,0.000750030561331605
0.141,311,114,0,17,180,1,0.913705583756345,0.956852791878173,0.00175003056133161
0.142,311,114,0,17,180,1,0.913705583756345,0.956852791878173,0.00275003056133161
0.143,311,114,0,17,180,1,0.913705583756345,0.956852791878173,0.00375003056133161
0.144,311,114,0,17,180,1,0.913705583756345,0.956852791878173,0.00475003056133161
0.145,311,114,0,17,180,1,0.913705583756345,0.956852791878173,0.00575003056133158
0.146,311,114,0,17,180,1,0.913705583756345,0.956852791878173,0.00675003056133158
0.147,311,114,0,17,180,1,0.913705583756345,0.956852791878173,0.00775003056133158
0.148,311,114,0,17,180,1,0.913705583756345,0.956852791878173,0.0076133358594698
0.149,311,114,0,17,180,1,0.913705583756345,0.956852791878173,0.0066133358594698
0.15,311,114,0,17,180,1,0.913705583756345,0.956852791878173,0.0056133358594698
0.151,311,114,0,17,180,1,0.913705583756345,0.956852791878173,0.0046133358594698
0.152,311,114,0,17,180,1,0.913705583756345,0.956852791878173,0.0036133358594698
0.153,311,114,0,17,180,1,0.913705583756345,0.956852791878173,0.0026133358594698
0.154,311,114,0,17,180,1,0.913705583756345,0.956852791878173,0.00161333585946979
0.155,311,114,0,17,180,1,0.913705583756345,0.956852791878173,0.000613335859469794
0.156,311,114,0,16,181,1,0.918781725888325,0.959390862944162,0.000386664140530207
0.157,311,114,0,16,181,1,0.918781725888325,0.959390862944162,0.00138666414053021
0.158,311,114,0,16,181,1,0.918781725888325,0.959390862944162,0.00238666414053021
0.159,311,114,0,16,181,1,0.918781725888325,0.959390862944162,0.00338666414053021
0.16,311,114,0,16,181,1,0.918781725888325,0.959390862944162,0.00438666414053021
0.161,311,114,0,16,181,1,0.918781725888325,0.959390862944162,0.00406691478252863
0.162,311,114,0,16,181,1,0.918781725888325,0.959390862944162,0.00306691478252863
0.163,311,114,0,16,181,1,0.918781725888325,0.959390862944162,0.00206691478252863
0.164,311,114,0,16,181,1,0.918781725888325,0.959390862944162,0.00106691478252863
0.165,311,114,0,16,181,1,0.918781725888325,0.959390862944162,6.69147825286265e-05
0.166,311,114,0,15,182,1,0.923857868020305,0.961928934010152,0.000933085217471374
0.167,311,114,0,15,182,1,0.923857868020305,0.961928934010152,0.00193308521747138
0.168,311,114,0,15,182,1,0.923857868020305,0.961928934010152,0.00293308521747138
0.169,311,114,0,15,182,1,0.923857868020305,0.961928934010152,0.00393308521747138
0.17,311,114,0,15,182,1,0.923857868020305,0.961928934010152,0.00493308521747138
0.171,311,114,0,15,182,1,0.923857868020305,0.961928934010152,0.00593308521747138
0.172,311,114,0,15,182,1,0.923857868020305,0.961928934010152,0.00693308521747138
0.173,311,114,0,15,182,1,0.923857868020305,0.961928934010152,0.00793308521747138
0.174,311,114,0,15,182,1,0.923857868020305,0.961928934010152,0.00893308521747138
0.175,311,114,0,15,182,1,0.923857868020305,0.961928934010152,0.00993308521747138
0.176,311,114,0,15,182,1,0.923857868020305,0.961928934010152,0.0096146063462437
0.177,311,114,0,15,182,1,0.923857868020305,0.961928934010152,0.0086146063462437
0.178,311,114,0,15,182,1,0.923857868020305,0.961928934010152,0.0076146063462437
0.179,311,114,0,15,182,1,0.923857868020305,0.961928934010152,0.0066146063462437
0.18,311,114,0,15,182,1,0.923857868020305,0.961928934010152,0.00561460634624369
0.181,311,114,0,15,182,1,0.923857868020305,0.961928934010152,0.00461460634624369
0.182,311,114,0,15,182,1,0.923857868020305,0.961928934010152,0.00361460634624369
0.183,311,114,0,15,182,1,0.923857868020305,0.961928934010152,0.00261460634624369
0.184,311,114,0,15,182,1,0.923857868020305,0.961928934010152,0.00161460634624369
0.185,311,114,0,15,182,1,0.923857868020305,0.961928934010152,0.00061460634624369
0.186,311,114,0,14,183,1,0.928934010152284,0.964467005076142,0.000385393653756311
0.187,311,114,0,14,183,1,0.928934010152284,0.964467005076142,0.00138539365375631
0.188,311,114,0,14,183,1,0.928934010152284,0.964467005076142,0.00238539365375631
0.189,311,114,0,14,183,1,0.928934010152284,0.964467005076142,0.00338539365375631
0.19,311,114,0,14,183,1,0.928934010152284,0.964467005076142,0.00438539365375631
0.191,311,114,0,14,183,1,0.928934010152284,0.964467005076142,0.00538539365375632
0.192,311,114,0,14,183,1,0.928934010152284,0.964467005076142,0.00638539365375632
0.193,311,114,0,14,183,1,0.928934010152284,0.964467005076142,0.00738539365375632
0.194,311,114,0,14,183,1,0.928934010152284,0.964467005076142,0.00696999362459844
0.195,311,114,0,14,183,1,0.928934010152284,0.964467005076142,0.00596999362459844
0.196,311,114,0,14,183,1,0.928934010152284,0.964467005076142,0.00496999362459843
0.197,311,114,0,14,183,1,0.928934010152284,0.964467005076142,0.00396999362459843
0.198,311,114,0,14,183,1,0.928934010152284,0.964467005076142,0.00296999362459843
0.199,311,114,0,14,183,1,0.928934010152284,0.964467005076142,0.00196999362459843
0.2,311,114,0,14,183,1,0.928934010152284,0.964467005076142,0.000969993624598431
0.201,311,114,0,13,184,1,0.934010152284264,0.967005076142132,3.000637540157e-05
0.202,311,114,0,13,184,1,0.934010152284264,0.967005076142132,0.00103000637540157
0.203,311,114,0,13,184,1,0.934010152284264,0.967005076142132,0.00203000637540157
0.204,311,114,0,13,184,1,0.934010152284264,0.967005076142132,0.00303000637540157
0.205,311,114,0,13,184,1,0.934010152284264,0.967005076142132,0.00403000637540157
0.206,311,114,0,13,184,1,0.934010152284264,0.967005076142132,0.00503000637540157
0.207,311,114,0,13,184,1,0.934010152284264,0.967005076142132,0.00603000637540158
0.208,311,114,0,13,184,1,0.934010152284264,0.967005076142132,0.00703000637540158
0.209,311,114,0,13,184,1,0.934010152284264,0.967005076142132,0.00803000637540155
0.21,311,114,0,13,184,1,0.934010152284264,0.967005076142132,0.00903000637540155
0.211,311,114,0,13,184,1,0.934010152284264,0.967005076142132,0.0100300063754016
0.212,311,114,0,13,184,1,0.934010152284264,0.967005076142132,0.0110300063754016
0.213,311,114,0,13,184,1,0.934010152284264,0.967005076142132,0.0116246469975287
0.214,311,114,0,13,184,1,0.934010152284264,0.967005076142132,0.0106246469975287
0.215,311,114,0,13,184,1,0.934010152284264,0.967005076142132,0.00962464699752874
0.216,311,114,0,13,184,1,0.934010152284264,0.967005076142132,0.00862464699752874
0.217,311,114,0,13,184,1,0.934010152284264,0.967005076142132,0.00762464699752874
0.218,311,114,0,13,184,1,0.934010152284264,0.967005076142132,0.00662464699752874
0.219,311,114,0,13,184,1,0.934010152284264,0.967005076142132,0.00562464699752874
0.22,311,114,0,13,184,1,0.934010152284264,0.967005076142132,0.00462464699752874
0.221,311,114,0,13,184,1,0.934010152284264,0.967005076142132,0.00362464699752874
0.222,311,114,0,13,184,1,0.934010152284264,0.967005076142132,0.00262464699752873
0.223,311,114,0,13,184,1,0.934010152284264,0.967005076142132,0.00162464699752873
0.224,311,114,0,13,184,1,0.934010152284264,0.967005076142132,0.000624646997528733
0.225,311,113,1,13,184,0.991228070175439,0.934010152284264,0.962619111229851,0.000375353002471268
0.226,311,113,1,13,184,0.991228070175439,0.934010152284264,0.962619111229851,0.00137535300247127
0.227,311,113,1,13,184,0.991228070175439,0.934010152284264,0.962619111229851,0.00237535300247127
0.228,311,113,1,13,184,0.991228070175439,0.934010152284264,0.962619111229851,0.00337535300247127
0.229,311,113,1,13,184,0.991228070175439,0.934010152284264,0.962619111229851,0.00437535300247127
0.23,311,113,1,13,184,0.991228070175439,0.934010152284264,0.962619111229851,0.00537535300247127
0.231,311,113,1,13,184,0.991228070175439,0.934010152284264,0.962619111229851,0.00637535300247127
0.232,311,113,1,13,184,0.991228070175439,0.934010152284264,0.962619111229851,0.00737535300247127
0.233,311,113,1,13,184,0.991228070175439,0.934010152284264,0.962619111229851,0.00826451149832641
0.234,311,113,1,13,184,0.991228070175439,0.934010152284264,0.962619111229851,0.00726451149832641
0.235,311,113,1,13,184,0.991228070175439,0.934010152284264,0.962619111229851,0.00626451149832641
0.236,311,113,1,13,184,0.991228070175439,0.934010152284264,0.962619111229851,0.00526451149832641
0.237,311,113,1,13,184,0.991228070175439,0.934010152284264,0.962619111229851,0.00426451149832641
0.238,311,113,1,13,184,0.991228070175439,0.934010152284264,0.962619111229851,0.00326451149832641
0.239,311,113,1,13,184,0.991228070175439,0.934010152284264,0.962619111229851,0.0022645114983264
0.24,311,113,1,13,184,0.991228070175439,0.934010152284264,0.962619111229851,0.00126451149832643
0.241,311,113,1,13,184,0.991228070175439,0.934010152284264,0.962619111229851,0.000264511498326431
0.242,311,112,2,13,184,0.982456140350877,0.934010152284264,0.958233146317571,0.00073548850167357
0.243,311,112,2,13,184,0.982456140350877,0.934010152284264,0.958233146317571,0.0014951159133941
0.244,311,112,2,13,184,0.982456140350877,0.934010152284264,0.958233146317571,0.000495115913394101
0.245,311,112,2,12,185,0.982456140350877,0.939086294416244,0.96077121738356,0.0005048840866059
0.246,311,112,2,12,185,0.982456140350877,0.939086294416244,0.96077121738356,0.0015048840866059
0.247,311,112,2,12,185,0.982456140350877,0.939086294416244,0.96077121738356,0.0025048840866059
0.248,311,112,2,12,185,0.982456140350877,0.939086294416244,0.96077121738356,0.0035048840866059
0.249,311,112,2,12,185,0.982456140350877,0.939086294416244,0.96077121738356,0.0045048840866059
0.25,311,112,2,12,185,0.982456140350877,0.939086294416244,0.96077121738356,0.0055048840866059
0.251,311,112,2,12,185,0.982456140350877,0.939086294416244,0.96077121738356,0.00650488408660591
0.252,311,112,2,12,185,0.982456140350877,0.939086294416244,0.96077121738356,0.00750488408660591
0.253,311,112,2,12,185,0.982456140350877,0.939086294416244,0.96077121738356,0.00850488408660591
0.254,311,112,2,12,185,0.982456140350877,0.939086294416244,0.96077121738356,0.00950488408660591
0.255,311,112,2,12,185,0.982456140350877,0.939086294416244,0.96077121738356,0.0105048840866059
0.256,311,112,2,12,185,0.982456140350877,0.939086294416244,0.96077121738356,0.0101616292691993
0.257,311,112,2,12,185,0.982456140350877,0.939086294416244,0.96077121738356,0.00916162926919928
0.258,311,112,2,12,185,0.982456140350877,0.939086294416244,0.96077121738356,0.00816162926919928
0.259,311,112,2,12,185,0.982456140350877,0.939086294416244,0.96077121738356,0.00716162926919928
0.26,311,112,2,12,185,0.982456140350877,0.939086294416244,0.96077121738356,0.00616162926919928
0.261,311,112,2,12,185,0.982456140350877,0.939086294416244,0.96077121738356,0.00516162926919927
0.262,311,112,2,12,185,0.982456140350877,0.939086294416244,0.96077121738356,0.00416162926919927
0.263,311,112,2,12,185,0.982456140350877,0.939086294416244,0.96077121738356,0.00316162926919927
0.264,311,112,2,12,185,0.982456140350877,0.939086294416244,0.96077121738356,0.00216162926919927
0.265,311,112,2,12,185,0.982456140350877,0.939086294416244,0.96077121738356,0.00116162926919927
0.266,311,112,2,12,185,0.982456140350877,0.939086294416244,0.96077121738356,0.00016162926919927
0.267,311,112,2,11,186,0.982456140350877,0.944162436548223,0.96330928844955,0.00083837073080073
0.268,311,112,2,11,186,0.982456140350877,0.944162436548223,0.96330928844955,0.00183837073080073
0.269,311,112,2,11,186,0.982456140350877,0.944162436548223,0.96330928844955,0.00283837073080073
0.27,311,112,2,11,186,0.982456140350877,0.944162436548223,0.96330928844955,0.00383837073080073
0.271,311,112,2,11,186,0.982456140350877,0.944162436548223,0.96330928844955,0.00483837073080073
0.272,311,112,2,11,186,0.982456140350877,0.944162436548223,0.96330928844955,0.00583837073080073
0.273,311,112,2,11,186,0.982456140350877,0.944162436548223,0.96330928844955,0.00683837073080074
0.274,311,112,2,11,186,0.982456140350877,0.944162436548223,0.96330928844955,0.00783837073080074
0.275,311,112,2,11,186,0.982456140350877,0.944162436548223,0.96330928844955,0.008584863457201
0.276,311,112,2,11,186,0.982456140350877,0.944162436548223,0.96330928844955,0.007584863457201
0.277,311,112,2,11,186,0.982456140350877,0.944162436548223,0.96330928844955,0.006584863457201
0.278,311,112,2,11,186,0.982456140350877,0.944162436548223,0.96330928844955,0.00558486345720099
0.279,311,112,2,11,186,0.982456140350877,0.944162436548223,0.96330928844955,0.00458486345720099
0.28,311,112,2,11,186,0.982456140350877,0.944162436548223,0.96330928844955,0.00358486345720099
0.281,311,112,2,11,186,0.982456140350877,0.944162436548223,0.96330928844955,0.00258486345720099
0.282,311,112,2,11,186,0.982456140350877,0.944162436548223,0.96330928844955,0.00158486345720099
0.283,311,112,2,11,186,0.982456140350877,0.944162436548223,0.96330928844955,0.00058486345720099
0.284,311,112,2,9,188,0.982456140350877,0.954314720812183,0.96838543058153,0.000380847703591092
0.285,311,112,2,7,190,0.982456140350877,0.964467005076142,0.97346157271351,0.000158858901172676
0.286,311,112,2,7,190,0.982456140350877,0.964467005076142,0.97346157271351,0.00115885890117268
0.287,311,112,2,7,190,0.982456140350877,0.964467005076142,0.97346157271351,0.00156613108116632
0.288,311,112,2,7,190,0.982456140350877,0.964467005076142,0.97346157271351,0.000566131081166321
0.289,311,112,2,6,191,0.982456140350877,0.969543147208122,0.9759996437795,0.000433868918833624
0.29,311,112,2,5,192,0.982456140350877,0.974619289340102,0.978537714845489,0.000362038751087812
0.291,311,112,2,4,193,0.982456140350877,0.979695431472081,0.981075785911479,0.000637961248912189
0.292,311,112,2,4,193,0.982456140350877,0.979695431472081,0.981075785911479,3.08380035734523e-05
0.293,311,111,3,4,193,0.973684210526316,0.979695431472081,0.976689820999199,0.000969161996426549
0.294,311,111,3,4,193,0.973684210526316,0.979695431472081,0.976689820999199,0.00162683864574081
0.295,311,111,3,4,193,0.973684210526316,0.979695431472081,0.976689820999199,0.000626838645740813
0.296,311,111,3,3,194,0.973684210526316,0.984771573604061,0.979227892065188,0.000373161354259188
0.297,311,111,3,3,194,0.973684210526316,0.984771573604061,0.979227892065188,0.00137316135425919
0.298,311,111,3,3,194,0.973684210526316,0.984771573604061,0.979227892065188,0.00237316135425919
0.299,311,111,3,3,194,0.973684210526316,0.984771573604061,0.979227892065188,0.00334772882454448
0.3,311,111,3,3,194,0.973684210526316,0.984771573604061,0.979227892065188,0.00234772882454448
0.301,311,111,3,3,194,0.973684210526316,0.984771573604061,0.979227892065188,0.00134772882454448
0.302,311,111,3,3,194,0.973684210526316,0.984771573604061,0.979227892065188,0.00034772882454448
0.303,311,111,3,2,195,0.973684210526316,0.989847715736041,0.981765963131178,0.000652271175455521
0.304,311,111,3,2,195,0.973684210526316,0.989847715736041,0.981765963131178,0.00165227117545552
0.305,311,111,3,2,195,0.973684210526316,0.989847715736041,0.981765963131178,0.00265227117545552
0.306,311,111,3,2,195,0.973684210526316,0.989847715736041,0.981765963131178,0.00365227117545552
0.307,311,111,3,2,195,0.973684210526316,0.989847715736041,0.981765963131178,0.00397272973311719
0.308,311,111,3,2,195,0.973684210526316,0.989847715736041,0.981765963131178,0.00297272973311719
0.309,311,111,3,2,195,0.973684210526316,0.989847715736041,0.981765963131178,0.00197272973311718
0.31,311,111,3,2,195,0.973684210526316,0.989847715736041,0.981765963131178,0.000972729733117184
0.311,311,111,3,1,196,0.973684210526316,0.99492385786802,0.984304034197168,2.72702668828173e-05
0.312,311,111,3,0,197,0.973684210526316,1,0.986842105263158,0.000602632083393062
0.313,311,111,3,0,197,0.973684210526316,1,0.986842105263158,0.00160263208339306
0.314,311,111,3,0,197,0.973684210526316,1,0.986842105263158,0.00260263208339306
0.315,311,111,3,0,197,0.973684210526316,1,0.986842105263158,0.00360263208339306
0.316,311,111,3,0,197,0.973684210526316,1,0.986842105263158,0.00460263208339307
0.317,311,111,3,0,197,0.973684210526316,1,0.986842105263158,0.00560263208339307
0.318,311,111,3,0,197,0.973684210526316,1,0.986842105263158,0.00660263208339307
0.319,311,111,3,0,197,0.973684210526316,1,0.986842105263158,0.00760263208339307
0.32,311,111,3,0,197,0.973684210526316,1,0.986842105263158,0.00860263208339307
0.321,311,111,3,0,197,0.973684210526316,1,0.986842105263158,0.00960263208339307
0.322,311,111,3,0,197,0.973684210526316,1,0.986842105263158,0.0106026320833931
0.323,311,111,3,0,197,0.973684210526316,1,0.986842105263158,0.0116026320833931
0.324,311,111,3,0,197,0.973684210526316,1,0.986842105263158,0.0126026320833931
0.325,311,111,3,0,197,0.973684210526316,1,0.986842105263158,0.0136026320833931
0.326,311,111,3,0,197,0.973684210526316,1,0.986842105263158,0.0146026320833931
0.327,311,111,3,0,197,0.973684210526316,1,0.986842105263158,0.0156026320833931
0.328,311,111,3,0,197,0.973684210526316,1,0.986842105263158,0.0166026320833931
0.329,311,111,3,0,197,0.973684210526316,1,0.986842105263158,0.0176026320833931
0.33,311,111,3,0,197,0.973684210526316,1,0.986842105263158,0.0186026320833931
0.331,311,111,3,0,197,0.973684210526316,1,0.986842105263158,0.0196026320833931
0.332,311,111,3,0,197,0.973684210526316,1,0.986842105263158,0.0206026320833931
0.333,311,111,3,0,197,0.973684210526316,1,0.986842105263158,0.0216026320833931
0.334,311,111,3,0,197,0.973684210526316,1,0.986842105263158,0.0226026320833931
0.335,311,111,3,0,197,0.973684210526316,1,0.986842105263158,0.0236026320833931
0.336,311,111,3,0,197,0.973684210526316,1,0.986842105263158,0.0246026320833931
0.337,311,111,3,0,197,0.973684210526316,1,0.986842105263158,0.0256026320833931
0.338,311,111,3,0,197,0.973684210526316,1,0.986842105263158,0.0266026320833931
0.339,311,111,3,0,197,0.973684210526316,1,0.986842105263158,0.0276026320833931
0.34,311,111,3,0,197,0.973684210526316,1,0.986842105263158,0.0286026320833931
0.341,311,111,3,0,197,0.973684210526316,1,0.986842105263158,0.0296026320833931
0.342,311,111,3,0,197,0.973684210526316,1,0.986842105263158,0.0306026320833931
0.343,311,111,3,0,197,0.973684210526316,1,0.986842105263158,0.0316026320833931
0.344,311,111,3,0,197,0.973684210526316,1,0.986842105263158,0.0326026320833931
0.345,311,111,3,0,197,0.973684210526316,1,0.986842105263158,0.0336026320833931
0.346,311,111,3,0,197,0.973684210526316,1,0.986842105263158,0.0346026320833931
0.347,311,111,3,0,197,0.973684210526316,1,0.986842105263158,0.0356026320833931
0.348,311,111,3,0,197,0.973684210526316,1,0.986842105263158,0.0366026320833931
0.349,311,111,3,0,197,0.973684210526316,1,0.986842105263158,0.0376026320833931
0.35,311,111,3,0,197,0.973684210526316,1,0.986842105263158,0.0386026320833931
0.351,311,111,3,0,197,0.973684210526316,1,0.986842105263158,0.0396026320833931
0.352,311,111,3,0,197,0.973684210526316,1,0.986842105263158,0.040602632083393
0.353,311,111,3,0,197,0.973684210526316,1,0.986842105263158,0.041602632083393
0.354,311,111,3,0,197,0.973684210526316,1,0.986842105263158,0.042602632083393
0.355,311,111,3,0,197,0.973684210526316,1,0.986842105263158,0.043602632083393
0.356,311,111,3,0,197,0.973684210526316,1,0.986842105263158,0.044602632083393
0.357,311,111,3,0,197,0.973684210526316,1,0.986842105263158,0.045602632083393
0.358,311,111,3,0,197,0.973684210526316,1,0.986842105263158,0.046602632083393
0.359,311,111,3,0,197,0.973684210526316,1,0.986842105263158,0.047602632083393
0.36,311,111,3,0,197,0.973684210526316,1,0.986842105263158,0.048602632083393
0.361,311,111,3,0,197,0.973684210526316,1,0.986842105263158,0.0496026320833931
0.362,311,111,3,0,197,0.973684210526316,1,0.986842105263158,0.0506026320833931
0.363,311,111,3,0,197,0.973684210526316,1,0.986842105263158,0.0516026320833931
0.364,311,111,3,0,197,0.973684210526316,1,0.986842105263158,0.0526026320833931
0.365,311,111,3,0,197,0.973684210526316,1,0.986842105263158,0.0536026320833931
0.366,311,111,3,0,197,0.973684210526316,1,0.986842105263158,0.0546026320833931
0.367,311,111,3,0,197,0.973684210526316,1,0.986842105263158,0.0556026320833931
0.368,311,111,3,0,197,0.973684210526316,1,0.986842105263158,0.0566026320833931
0.369,311,111,3,0,197,0.973684210526316,1,0.986842105263158,0.0576026320833931
0.37,311,111,3,0,197,0.973684210526316,1,0.986842105263158,0.0586026320833931
0.371,311,111,3,0,197,0.973684210526316,1,0.986842105263158,0.0596026320833931
0.372,311,111,3,0,197,0.973684210526316,1,0.986842105263158,0.0606026320833931
0.373,311,111,3,0,197,0.973684210526316,1,0.986842105263158,0.0616026320833931
0.374,311,111,3,0,197,0.973684210526316,1,0.986842105263158,0.0626026320833931
0.375,311,111,3,0,197,0.973684210526316,1,0.986842105263158,0.0636026320833931
0.376,311,111,3,0,197,0.973684210526316,1,0.986842105263158,0.0646026320833931
0.377,311,111,3,0,197,0.973684210526316,1,0.986842105263158,0.0656026320833931
0.378,311,111,3,0,197,0.973684210526316,1,0.986842105263158,0.0666026320833931
0.379,311,111,3,0,197,0.973684210526316,1,0.986842105263158,0.0676026320833931
0.38,311,111,3,0,197,0.973684210526316,1,0.986842105263158,0.0686026320833931
0.381,311,111,3,0,197,0.973684210526316,1,0.986842105263158,0.0696026320833931
0.382,311,111,3,0,197,0.973684210526316,1,0.986842105263158,0.0706026320833931
0.383,311,111,3,0,197,0.973684210526316,1,0.986842105263158,0.0716026320833931
0.384,311,111,3,0,197,0.973684210526316,1,0.986842105263158,0.0726026320833931
0.385,311,111,3,0,197,0.973684210526316,1,0.986842105263158,0.0736026320833931
0.386,311,111,3,0,197,0.973684210526316,1,0.986842105263158,0.0746026320833931
0.387,311,111,3,0,197,0.973684210526316,1,0.986842105263158,0.0756026320833931
0.388,311,111,3,0,197,0.973684210526316,1,0.986842105263158,0.0766026320833931
0.389,311,111,3,0,197,0.973684210526316,1,0.986842105263158,0.0776026320833931
0.39,311,111,3,0,197,0.973684210526316,1,0.986842105263158,0.0786026320833931
0.391,311,111,3,0,197,0.973684210526316,1,0.986842105263158,0.0796026320833931
0.392,311,111,3,0,197,0.973684210526316,1,0.986842105263158,0.0806026320833931
0.393,311,111,3,0,197,0.973684210526316,1,0.986842105263158,0.0801653564692318
0.394,311,111,3,0,197,0.973684210526316,1,0.986842105263158,0.0791653564692318
0.395,311,111,3,0,197,0.973684210526316,1,0.986842105263158,0.0781653564692318
0.396,311,111,3,0,197,0.973684210526316,1,0.986842105263158,0.0771653564692318
0.397,311,111,3,0,197,0.973684210526316,1,0.986842105263158,0.0761653564692318
0.398,311,111,3,0,197,0.973684210526316,1,0.986842105263158,0.0751653564692318
0.399,311,111,3,0,197,0.973684210526316,1,0.986842105263158,0.0741653564692318
0.4,311,111,3,0,197,0.973684210526316,1,0.986842105263158,0.0731653564692318
0.401,311,111,3,0,197,0.973684210526316,1,0.986842105263158,0.0721653564692318
0.402,311,111,3,0,197,0.973684210526316,1,0.986842105263158,0.0711653564692318
0.403,311,111,3,0,197,0.973684210526316,1,0.986842105263158,0.0701653564692318
0.404,311,111,3,0,197,0.973684210526316,1,0.986842105263158,0.0691653564692318
0.405,311,111,3,0,197,0.973684210526316,1,0.986842105263158,0.0681653564692318
0.406,311,111,3,0,197,0.973684210526316,1,0.986842105263158,0.0671653564692318
0.407,311,111,3,0,197,0.973684210526316,1,0.986842105263158,0.0661653564692318
0.408,311,111,3,0,197,0.973684210526316,1,0.986842105263158,0.0651653564692318
0.409,311,111,3,0,197,0.973684210526316,1,0.986842105263158,0.0641653564692318
0.41,311,111,3,0,197,0.973684210526316,1,0.986842105263158,0.0631653564692318
0.411,311,111,3,0,197,0.973684210526316,1,0.986842105263158,0.0621653564692318
0.412,311,111,3,0,197,0.973684210526316,1,0.986842105263158,0.0611653564692318
0.413,311,111,3,0,197,0.973684210526316,1,0.986842105263158,0.0601653564692318
0.414,311,111,3,0,197,0.973684210526316,1,0.986842105263158,0.0591653564692318
0.415,311,111,3,0,197,0.973684210526316,1,0.986842105263158,0.0581653564692318
0.416,311,111,3,0,197,0.973684210526316,1,0.986842105263158,0.0571653564692318
0.417,311,111,3,0,197,0.973684210526316,1,0.986842105263158,0.0561653564692319
0.418,311,111,3,0,197,0.973684210526316,1,0.986842105263158,0.0551653564692319
0.419,311,111,3,0,197,0.973684210526316,1,0.986842105263158,0.0541653564692319
0.42,311,111,3,0,197,0.973684210526316,1,0.986842105263158,0.0531653564692319
0.421,311,111,3,0,197,0.973684210526316,1,0.986842105263158,0.0521653564692319
0.422,311,111,3,0,197,0.973684210526316,1,0.986842105263158,0.0511653564692319
0.423,311,111,3,0,197,0.973684210526316,1,0.986842105263158,0.0501653564692319
0.424,311,111,3,0,197,0.973684210526316,1,0.986842105263158,0.0491653564692319
0.425,311,111,3,0,197,0.973684210526316,1,0.986842105263158,0.0481653564692319
0.426,311,111,3,0,197,0.973684210526316,1,0.986842105263158,0.0471653564692319
0.427,311,111,3,0,197,0.973684210526316,1,0.986842105263158,0.0461653564692319
0.428,311,111,3,0,197,0.973684210526316,1,0.986842105263158,0.0451653564692319
0.429,311,111,3,0,197,0.973684210526316,1,0.986842105263158,0.0441653564692319
0.43,311,111,3,0,197,0.973684210526316,1,0.986842105263158,0.0431653564692319
0.431,311,111,3,0,197,0.973684210526316,1,0.986842105263158,0.0421653564692319
0.432,311,111,3,0,197,0.973684210526316,1,0.986842105263158,0.0411653564692319
0.433,311,111,3,0,197,0.973684210526316,1,0.986842105263158,0.0401653564692319
0.434,311,111,3,0,197,0.973684210526316,1,0.986842105263158,0.0391653564692319
0.435,311,111,3,0,197,0.973684210526316,1,0.986842105263158,0.0381653564692319
0.436,311,111,3,0,197,0.973684210526316,1,0.986842105263158,0.0371653564692319
0.437,311,111,3,0,197,0.973684210526316,1,0.986842105263158,0.0361653564692319
0.438,311,111,3,0,197,0.973684210526316,1,0.986842105263158,0.0351653564692319
0.439,311,111,3,0,197,0.973684210526316,1,0.986842105263158,0.0341653564692319
0.44,311,111,3,0,197,0.973684210526316,1,0.986842105263158,0.0331653564692319
0.441,311,111,3,0,197,0.973684210526316,1,0.986842105263158,0.0321653564692319
0.442,311,111,3,0,197,0.973684210526316,1,0.986842105263158,0.0311653564692319
0.443,311,111,3,0,197,0.973684210526316,1,0.986842105263158,0.0301653564692319
0.444,311,111,3,0,197,0.973684210526316,1,0.986842105263158,0.0291653564692319
0.445,311,111,3,0,197,0.973684210526316,1,0.986842105263158,0.0281653564692319
0.446,311,111,3,0,197,0.973684210526316,1,0.986842105263158,0.0271653564692318
0.447,311,111,3,0,197,0.973684210526316,1,0.986842105263158,0.0261653564692318
0.448,311,111,3,0,197,0.973684210526316,1,0.986842105263158,0.0251653564692318
0.449,311,111,3,0,197,0.973684210526316,1,0.986842105263158,0.0241653564692318
0.45,311,111,3,0,197,0.973684210526316,1,0.986842105263158,0.0231653564692318
0.451,311,111,3,0,197,0.973684210526316,1,0.986842105263158,0.0221653564692318
0.452,311,111,3,0,197,0.973684210526316,1,0.986842105263158,0.0211653564692318
0.453,311,111,3,0,197,0.973684210526316,1,0.986842105263158,0.0201653564692318
0.454,311,111,3,0,197,0.973684210526316,1,0.986842105263158,0.0191653564692318
0.455,311,111,3,0,197,0.973684210526316,1,0.986842105263158,0.0181653564692318
0.456,311,111,3,0,197,0.973684210526316,1,0.986842105263158,0.0171653564692318
0.457,311,111,3,0,197,0.973684210526316,1,0.986842105263158,0.0161653564692318
0.458,311,111,3,0,197,0.973684210526316,1,0.986842105263158,0.0151653564692318
0.459,311,111,3,0,197,0.973684210526316,1,0.986842105263158,0.0141653564692318
0.46,311,111,3,0,197,0.973684210526316,1,0.986842105263158,0.0131653564692318
0.461,311,111,3,0,197,0.973684210526316,1,0.986842105263158,0.0121653564692318
0.462,311,111,3,0,197,0.973684210526316,1,0.986842105263158,0.0111653564692318
0.463,311,111,3,0,197,0.973684210526316,1,0.986842105263158,0.0101653564692318
0.464,311,111,3,0,197,0.973684210526316,1,0.986842105263158,0.00916535646923183
0.465,311,111,3,0,197,0.973684210526316,1,0.986842105263158,0.00816535646923183
0.466,311,111,3,0,197,0.973684210526316,1,0.986842105263158,0.00716535646923183
0.467,311,111,3,0,197,0.973684210526316,1,0.986842105263158,0.00616535646923183
0.468,311,111,3,0,197,0.973684210526316,1,0.986842105263158,0.00516535646923183
0.469,311,111,3,0,197,0.973684210526316,1,0.986842105263158,0.00416535646923183
0.47,311,111,3,0,197,0.973684210526316,1,0.986842105263158,0.00316535646923183
0.471,311,111,3,0,197,0.973684210526316,1,0.986842105263158,0.00216535646923183
0.472,311,111,3,0,197,0.973684210526316,1,0.986842105263158,0.00116535646923183
0.473,311,111,3,0,197,0.973684210526316,1,0.986842105263158,0.000165356469231825
0.474,311,110,4,0,197,0.964912280701754,1,0.982456140350877,0.000834643530768175
0.475,311,110,4,0,197,0.964912280701754,1,0.982456140350877,0.00183464353076818
0.476,311,110,4,0,197,0.964912280701754,1,0.982456140350877,0.00283464353076818
0.477,311,110,4,0,197,0.964912280701754,1,0.982456140350877,0.00383464353076818
0.478,311,110,4,0,197,0.964912280701754,1,0.982456140350877,0.00483464353076818
0.479,311,110,4,0,197,0.964912280701754,1,0.982456140350877,0.00583464353076818
0.48,311,110,4,0,197,0.964912280701754,1,0.982456140350877,0.00648055479881982
0.481,311,110,4,0,197,0.964912280701754,1,0.982456140350877,0.00548055479881981
0.482,311,110,4,0,197,0.964912280701754,1,0.982456140350877,0.00448055479881981
0.483,311,110,4,0,197,0.964912280701754,1,0.982456140350877,0.00348055479881981
0.484,311,110,4,0,197,0.964912280701754,1,0.982456140350877,0.00248055479881981
0.485,311,110,4,0,197,0.964912280701754,1,0.982456140350877,0.00148055479881981
0.486,311,110,4,0,197,0.964912280701754,1,0.982456140350877,0.00048055479881981
0.487,311,109,5,0,197,0.956140350877193,1,0.978070175438597,0.000519445201180191
0.488,311,109,5,0,197,0.956140350877193,1,0.978070175438597,0.00151944520118019
0.489,311,109,5,0,197,0.956140350877193,1,0.978070175438597,0.00251944520118019
0.49,311,109,5,0,197,0.956140350877193,1,0.978070175438597,0.00351944520118019
0.491,311,109,5,0,197,0.956140350877193,1,0.978070175438597,0.00451944520118019
0.492,311,109,5,0,197,0.956140350877193,1,0.978070175438597,0.0055194452011802
0.493,311,109,5,0,197,0.956140350877193,1,0.978070175438597,0.0065194452011802
0.494,311,109,5,0,197,0.956140350877193,1,0.978070175438597,0.0075194452011802
0.495,311,109,5,0,197,0.956140350877193,1,0.978070175438597,0.0085194452011802
0.496,311,109,5,0,197,0.956140350877193,1,0.978070175438597,0.0095194452011802
0.497,311,109,5,0,197,0.956140350877193,1,0.978070175438597,0.0105194452011802
0.498,311,109,5,0,197,0.956140350877193,1,0.978070175438597,0.0115194452011802
0.499,311,109,5,0,197,0.956140350877193,1,0.978070175438597,0.0125194452011802
0.5,311,109,5,0,197,0.956140350877193,1,0.978070175438597,0.0135194452011802
0.501,311,109,5,0,197,0.956140350877193,1,0.978070175438597,0.0145194452011802
0.502,311,109,5,0,197,0.956140350877193,1,0.978070175438597,0.0155194452011802
0.503,311,109,5,0,197,0.956140350877193,1,0.978070175438597,0.0165194452011802
0.504,311,109,5,0,197,0.956140350877193,1,0.978070175438597,0.0175194452011802
0.505,311,109,5,0,197,0.956140350877193,1,0.978070175438597,0.0185194452011802
0.506,311,109,5,0,197,0.956140350877193,1,0.978070175438597,0.0195194452011802
0.507,311,109,5,0,197,0.956140350877193,1,0.978070175438597,0.0205194452011802
0.508,311,109,5,0,197,0.956140350877193,1,0.978070175438597,0.0215194452011802
0.509,311,109,5,0,197,0.956140350877193,1,0.978070175438597,0.0225194452011802
0.51,311,109,5,0,197,0.956140350877193,1,0.978070175438597,0.0235194452011802
0.511,311,109,5,0,197,0.956140350877193,1,0.978070175438597,0.0245194452011802
0.512,311,109,5,0,197,0.956140350877193,1,0.978070175438597,0.0255194452011802
0.513,311,109,5,0,197,0.956140350877193,1,0.978070175438597,0.0265194452011802
0.514,311,109,5,0,197,0.956140350877193,1,0.978070175438597,0.0275194452011802
0.515,311,109,5,0,197,0.956140350877193,1,0.978070175438597,0.0285194452011802
0.516,311,109,5,0,197,0.956140350877193,1,0.978070175438597,0.0295194452011802
0.517,311,109,5,0,197,0.956140350877193,1,0.978070175438597,0.0305194452011802
0.518,311,109,5,0,197,0.956140350877193,1,0.978070175438597,0.0315194452011802
0.519,311,109,5,0,197,0.956140350877193,1,0.978070175438597,0.0325194452011802
0.52,311,109,5,0,197,0.956140350877193,1,0.978070175438597,0.0335194452011802
0.521,311,109,5,0,197,0.956140350877193,1,0.978070175438597,0.0345194452011801
0.522,311,109,5,0,197,0.956140350877193,1,0.978070175438597,0.0355194452011802
0.523,311,109,5,0,197,0.956140350877193,1,0.978070175438597,0.0365194452011801
0.524,311,109,5,0,197,0.956140350877193,1,0.978070175438597,0.0374738385564246
0.525,311,109,5,0,197,0.956140350877193,1,0.978070175438597,0.0364738385564247
0.526,311,109,5,0,197,0.956140350877193,1,0.978070175438597,0.0354738385564246
0.527,311,109,5,0,197,0.956140350877193,1,0.978070175438597,0.0344738385564247
0.528,311,109,5,0,197,0.956140350877193,1,0.978070175438597,0.0334738385564246
0.529,311,109,5,0,197,0.956140350877193,1,0.978070175438597,0.0324738385564247
0.53,311,109,5,0,197,0.956140350877193,1,0.978070175438597,0.0314738385564246
0.531,311,109,5,0,197,0.956140350877193,1,0.978070175438597,0.0304738385564247
0.532,311,109,5,0,197,0.956140350877193,1,0.978070175438597,0.0294738385564246
0.533,311,109,5,0,197,0.956140350877193,1,0.978070175438597,0.0284738385564247
0.534,311,109,5,0,197,0.956140350877193,1,0.978070175438597,0.0274738385564246
0.535,311,109,5,0,197,0.956140350877193,1,0.978070175438597,0.0264738385564247
0.536,311,109,5,0,197,0.956140350877193,1,0.978070175438597,0.0254738385564246
0.537,311,109,5,0,197,0.956140350877193,1,0.978070175438597,0.0244738385564247
0.538,311,109,5,0,197,0.956140350877193,1,0.978070175438597,0.0234738385564246
0.539,311,109,5,0,197,0.956140350877193,1,0.978070175438597,0.0224738385564247
0.54,311,109,5,0,197,0.956140350877193,1,0.978070175438597,0.0214738385564246
0.541,311,109,5,0,197,0.956140350877193,1,0.978070175438597,0.0204738385564247
0.542,311,109,5,0,197,0.956140350877193,1,0.978070175438597,0.0194738385564246
0.543,311,109,5,0,197,0.956140350877193,1,0.978070175438597,0.0184738385564247
0.544,311,109,5,0,197,0.956140350877193,1,0.978070175438597,0.0174738385564246
0.545,311,109,5,0,197,0.956140350877193,1,0.978070175438597,0.0164738385564247
0.546,311,109,5,0,197,0.956140350877193,1,0.978070175438597,0.0154738385564246
0.547,311,109,5,0,197,0.956140350877193,1,0.978070175438597,0.0144738385564247
0.548,311,109,5,0,197,0.956140350877193,1,0.978070175438597,0.0134738385564246
0.549,311,109,5,0,197,0.956140350877193,1,0.978070175438597,0.0124738385564247
0.55,311,109,5,0,197,0.956140350877193,1,0.978070175438597,0.0114738385564246
0.551,311,109,5,0,197,0.956140350877193,1,0.978070175438597,0.0104738385564247
0.552,311,109,5,0,197,0.956140350877193,1,0.978070175438597,0.00947383855642459
0.553,311,109,5,0,197,0.956140350877193,1,0.978070175438597,0.0084738385564247
0.554,311,109,5,0,197,0.956140350877193,1,0.978070175438597,0.00747383855642458
0.555,311,109,5,0,197,0.956140350877193,1,0.978070175438597,0.00647383855642469
0.556,311,109,5,0,197,0.956140350877193,1,0.978070175438597,0.00547383855642458
0.557,311,109,5,0,197,0.956140350877193,1,0.978070175438597,0.00447383855642469
0.558,311,109,5,0,197,0.956140350877193,1,0.978070175438597,0.00347383855642458
0.559,311,109,5,0,197,0.956140350877193,1,0.978070175438597,0.00247383855642469
0.56,311,109,5,0,197,0.956140350877193,1,0.978070175438597,0.00147383855642458
0.561,311,109,5,0,197,0.956140350877193,1,0.978070175438597,0.000473838556424688
0.562,311,108,6,0,197,0.947368421052632,1,0.973684210526316,0.000526161443575424
0.563,311,108,6,0,197,0.947368421052632,1,0.973684210526316,0.00152616144357531
0.564,311,108,6,0,197,0.947368421052632,1,0.973684210526316,0.00252616144357543
0.565,311,108,6,0,197,0.947368421052632,1,0.973684210526316,0.00352616144357532
0.566,311,108,6,0,197,0.947368421052632,1,0.973684210526316,0.00452616144357543
0.567,311,108,6,0,197,0.947368421052632,1,0.973684210526316,0.00552616144357532
0.568,311,108,6,0,197,0.947368421052632,1,0.973684210526316,0.00652616144357543
0.569,311,108,6,0,197,0.947368421052632,1,0.973684210526316,0.00752616144357532
0.57,311,108,6,0,197,0.947368421052632,1,0.973684210526316,0.00852616144357543
0.571,311,108,6,0,197,0.947368421052632,1,0.973684210526316,0.00952616144357532
0.572,311,108,6,0,197,0.947368421052632,1,0.973684210526316,0.0105261614435754
0.573,311,108,6,0,197,0.947368421052632,1,0.973684210526316,0.0115261614435753
0.574,311,108,6,0,197,0.947368421052632,1,0.973684210526316,0.0125261614435754
0.575,311,108,6,0,197,0.947368421052632,1,0.973684210526316,0.0135261614435753
0.576,311,108,6,0,197,0.947368421052632,1,0.973684210526316,0.0145261614435754
0.577,311,108,6,0,197,0.947368421052632,1,0.973684210526316,0.0155261614435753
0.578,311,108,6,0,197,0.947368421052632,1,0.973684210526316,0.0165261614435754
0.579,311,108,6,0,197,0.947368421052632,1,0.973684210526316,0.0175261614435753
0.58,311,108,6,0,197,0.947368421052632,1,0.973684210526316,0.0185261614435754
0.581,311,108,6,0,197,0.947368421052632,1,0.973684210526316,0.0195261614435753
0.582,311,108,6,0,197,0.947368421052632,1,0.973684210526316,0.0205261614435754
0.583,311,108,6,0,197,0.947368421052632,1,0.973684210526316,0.0215261614435753
0.584,311,108,6,0,197,0.947368421052632,1,0.973684210526316,0.0225261614435753
0.585,311,108,6,0,197,0.947368421052632,1,0.973684210526316,0.0235261614435753
0.586,311,108,6,0,197,0.947368421052632,1,0.973684210526316,0.0245261614435753
0.587,311,108,6,0,197,0.947368421052632,1,0.973684210526316,0.0255261614435753
0.588,311,108,6,0,197,0.947368421052632,1,0.973684210526316,0.0265261614435753
0.589,311,108,6,0,197,0.947368421052632,1,0.973684210526316,0.0275261614435753
0.59,311,108,6,0,197,0.947368421052632,1,0.973684210526316,0.0279999075368375
0.591,311,108,6,0,197,0.947368421052632,1,0.973684210526316,0.0269999075368375
0.592,311,108,6,0,197,0.947368421052632,1,0.973684210526316,0.0259999075368375
0.593,311,108,6,0,197,0.947368421052632,1,0.973684210526316,0.0249999075368375
0.594,311,108,6,0,197,0.947368421052632,1,0.973684210526316,0.0239999075368375
0.595,311,108,6,0,197,0.947368421052632,1,0.973684210526316,0.0229999075368374
0.596,311,108,6,0,197,0.947368421052632,1,0.973684210526316,0.0219999075368374
0.597,311,108,6,0,197,0.947368421052632,1,0.973684210526316,0.0209999075368374
0.598,311,108,6,0,197,0.947368421052632,1,0.973684210526316,0.0199999075368374
0.599,311,108,6,0,197,0.947368421052632,1,0.973684210526316,0.0189999075368374
0.6,311,108,6,0,197,0.947368421052632,1,0.973684210526316,0.0179999075368374
0.601,311,108,6,0,197,0.947368421052632,1,0.973684210526316,0.0169999075368374
0.602,311,108,6,0,197,0.947368421052632,1,0.973684210526316,0.0159999075368374
0.603,311,108,6,0,197,0.947368421052632,1,0.973684210526316,0.0149999075368374
0.604,311,108,6,0,197,0.947368421052632,1,0.973684210526316,0.0139999075368374
0.605,311,108,6,0,197,0.947368421052632,1,0.973684210526316,0.0129999075368374
0.606,311,108,6,0,197,0.947368421052632,1,0.973684210526316,0.0119999075368374
0.607,311,108,6,0,197,0.947368421052632,1,0.973684210526316,0.0109999075368374
0.608,311,108,6,0,197,0.947368421052632,1,0.973684210526316,0.00999990753683744
0.609,311,108,6,0,197,0.947368421052632,1,0.973684210526316,0.00899990753683744
0.61,311,108,6,0,197,0.947368421052632,1,0.973684210526316,0.00799990753683744
0.611,311,108,6,0,197,0.947368421052632,1,0.973684210526316,0.00699990753683744
0.612,311,108,6,0,197,0.947368421052632,1,0.973684210526316,0.00599990753683743
0.613,311,108,6,0,197,0.947368421052632,1,0.973684210526316,0.00499990753683743
0.614,311,108,6,0,197,0.947368421052632,1,0.973684210526316,0.00399990753683743
0.615,311,108,6,0,197,0.947368421052632,1,0.973684210526316,0.00299990753683743
0.616,311,108,6,0,197,0.947368421052632,1,0.973684210526316,0.00199990753683743
0.617,311,108,6,0,197,0.947368421052632,1,0.973684210526316,0.00099990753683743
0.618,311,107,7,0,197,0.93859649122807,1,0.969298245614035,9.24631625709438e-08
0.619,311,107,7,0,197,0.93859649122807,1,0.969298245614035,0.00100009246316257
0.62,311,107,7,0,197,0.93859649122807,1,0.969298245614035,0.00200009246316257
0.621,311,107,7,0,197,0.93859649122807,1,0.969298245614035,0.00300009246316257
0.622,311,107,7,0,197,0.93859649122807,1,0.969298245614035,0.00400009246316257
0.623,311,107,7,0,197,0.93859649122807,1,0.969298245614035,0.00500009246316258
0.624,311,107,7,0,197,0.93859649122807,1,0.969298245614035,0.00600009246316258
0.625,311,107,7,0,197,0.93859649122807,1,0.969298245614035,0.00700009246316258
0.626,311,107,7,0,197,0.93859649122807,1,0.969298245614035,0.0069671436136709
0.627,311,107,7,0,197,0.93859649122807,1,0.969298245614035,0.0059671436136709
0.628,311,107,7,0,197,0.93859649122807,1,0.969298245614035,0.0049671436136709
0.629,311,107,7,0,197,0.93859649122807,1,0.969298245614035,0.0039671436136709
0.63,311,107,7,0,197,0.93859649122807,1,0.969298245614035,0.0029671436136709
0.631,311,107,7,0,197,0.93859649122807,1,0.969298245614035,0.0019671436136709
0.632,311,107,7,0,197,0.93859649122807,1,0.969298245614035,0.000967143613670896
0.633,311,106,8,0,197,0.929824561403509,1,0.964912280701754,3.28563863291054e-05
0.634,311,105,9,0,197,0.921052631578947,1,0.960526315789474,0.000766276480793859
0.635,311,105,9,0,197,0.921052631578947,1,0.960526315789474,6.79290584656433e-05
0.636,311,104,10,0,197,0.912280701754386,1,0.956140350877193,0.000932070941534358
0.637,311,104,10,0,197,0.912280701754386,1,0.956140350877193,0.00193207094153436
0.638,311,104,10,0,197,0.912280701754386,1,0.956140350877193,0.00293207094153436
0.639,311,104,10,0,197,0.912280701754386,1,0.956140350877193,0.00393207094153436
0.64,311,104,10,0,197,0.912280701754386,1,0.956140350877193,0.00418615842683345
0.641,311,104,10,0,197,0.912280701754386,1,0.956140350877193,0.00318615842683345
0.642,311,104,10,0,197,0.912280701754386,1,0.956140350877193,0.00218615842683345
0.643,311,104,10,0,197,0.912280701754386,1,0.956140350877193,0.00118615842683345
0.644,311,104,10,0,197,0.912280701754386,1,0.956140350877193,0.000186158426833449
0.645,311,103,11,0,197,0.903508771929825,1,0.951754385964912,0.000813841573166552
0.646,311,103,11,0,197,0.903508771929825,1,0.951754385964912,0.00181384157316655
0.647,311,103,11,0,197,0.903508771929825,1,0.951754385964912,0.00281384157316655
0.648,311,103,11,0,197,0.903508771929825,1,0.951754385964912,0.00381384157316655
0.649,311,103,11,0,197,0.903508771929825,1,0.951754385964912,0.00481384157316656
0.65,311,103,11,0,197,0.903508771929825,1,0.951754385964912,0.00581384157316645
0.651,311,103,11,0,197,0.903508771929825,1,0.951754385964912,0.00681384157316656
0.652,311,103,11,0,197,0.903508771929825,1,0.951754385964912,0.00781384157316645
0.653,311,103,11,0,197,0.903508771929825,1,0.951754385964912,0.00881384157316656
0.654,311,103,11,0,197,0.903508771929825,1,0.951754385964912,0.00981384157316645
0.655,311,103,11,0,197,0.903508771929825,1,0.951754385964912,0.0108138415731666
0.656,311,103,11,0,197,0.903508771929825,1,0.951754385964912,0.0118138415731665
0.657,311,103,11,0,197,0.903508771929825,1,0.951754385964912,0.0128138415731666
0.658,311,103,11,0,197,0.903508771929825,1,0.951754385964912,0.0138138415731665
0.659,311,103,11,0,197,0.903508771929825,1,0.951754385964912,0.0148138415731666
0.66,311,103,11,0,197,0.903508771929825,1,0.951754385964912,0.0158138415731665
0.661,311,103,11,0,197,0.903508771929825,1,0.951754385964912,0.0168138415731666
0.662,311,103,11,0,197,0.903508771929825,1,0.951754385964912,0.0178138415731665
0.663,311,103,11,0,197,0.903508771929825,1,0.951754385964912,0.0188138415731666
0.664,311,103,11,0,197,0.903508771929825,1,0.951754385964912,0.0198138415731665
0.665,311,103,11,0,197,0.903508771929825,1,0.951754385964912,0.0208138415731666
0.666,311,103,11,0,197,0.903508771929825,1,0.951754385964912,0.0218138415731665
0.667,311,103,11,0,197,0.903508771929825,1,0.951754385964912,0.0228138415731666
0.668,311,103,11,0,197,0.903508771929825,1,0.951754385964912,0.0238138415731665
0.669,311,103,11,0,197,0.903508771929825,1,0.951754385964912,0.0248138415731666
0.67,311,103,11,0,197,0.903508771929825,1,0.951754385964912,0.0258138415731665
0.671,311,103,11,0,197,0.903508771929825,1,0.951754385964912,0.0268138415731666
0.672,311,103,11,0,197,0.903508771929825,1,0.951754385964912,0.0278138415731665
0.673,311,103,11,0,197,0.903508771929825,1,0.951754385964912,0.0288138415731666
0.674,311,103,11,0,197,0.903508771929825,1,0.951754385964912,0.0298138415731665
0.675,311,103,11,0,197,0.903508771929825,1,0.951754385964912,0.0308138415731666
0.676,311,103,11,0,197,0.903508771929825,1,0.951754385964912,0.0318138415731665
0.677,311,103,11,0,197,0.903508771929825,1,0.951754385964912,0.0328138415731666
0.678,311,103,11,0,197,0.903508771929825,1,0.951754385964912,0.0338138415731665
0.679,311,103,11,0,197,0.903508771929825,1,0.951754385964912,0.0348138415731666
0.68,311,103,11,0,197,0.903508771929825,1,0.951754385964912,0.0358138415731665
0.681,311,103,11,0,197,0.903508771929825,1,0.951754385964912,0.0368138415731666
0.682,311,103,11,0,197,0.903508771929825,1,0.951754385964912,0.0378138415731665
0.683,311,103,11,0,197,0.903508771929825,1,0.951754385964912,0.0380230185281414
0.684,311,103,11,0,197,0.903508771929825,1,0.951754385964912,0.0370230185281415
0.685,311,103,11,0,197,0.903508771929825,1,0.951754385964912,0.0360230185281414
0.686,311,103,11,0,197,0.903508771929825,1,0.951754385964912,0.0350230185281415
0.687,311,103,11,0,197,0.903508771929825,1,0.951754385964912,0.0340230185281414
0.688,311,103,11,0,197,0.903508771929825,1,0.951754385964912,0.0330230185281415
0.689,311,103,11,0,197,0.903508771929825,1,0.951754385964912,0.0320230185281414
0.69,311,103,11,0,197,0.903508771929825,1,0.951754385964912,0.0310230185281415
0.691,311,103,11,0,197,0.903508771929825,1,0.951754385964912,0.0300230185281414
0.692,311,103,11,0,197,0.903508771929825,1,0.951754385964912,0.0290230185281415
0.693,311,103,11,0,197,0.903508771929825,1,0.951754385964912,0.0280230185281414
0.694,311,103,11,0,197,0.903508771929825,1,0.951754385964912,0.0270230185281415
0.695,311,103,11,0,197,0.903508771929825,1,0.951754385964912,0.0260230185281414
0.696,311,103,11,0,197,0.903508771929825,1,0.951754385964912,0.0250230185281415
0.697,311,103,11,0,197,0.903508771929825,1,0.951754385964912,0.0240230185281414
0.698,311,103,11,0,197,0.903508771929825,1,0.951754385964912,0.0230230185281415
0.699,311,103,11,0,197,0.903508771929825,1,0.951754385964912,0.0220230185281414
0.7,311,103,11,0,197,0.903508771929825,1,0.951754385964912,0.0210230185281415
0.701,311,103,11,0,197,0.903508771929825,1,0.951754385964912,0.0200230185281414
0.702,311,103,11,0,197,0.903508771929825,1,0.951754385964912,0.0190230185281415
0.703,311,103,11,0,197,0.903508771929825,1,0.951754385964912,0.0180230185281414
0.704,311,103,11,0,197,0.903508771929825,1,0.951754385964912,0.0170230185281415
0.705,311,103,11,0,197,0.903508771929825,1,0.951754385964912,0.0160230185281414
0.706,311,103,11,0,197,0.903508771929825,1,0.951754385964912,0.0150230185281415
0.707,311,103,11,0,197,0.903508771929825,1,0.951754385964912,0.0140230185281414
0.708,311,103,11,0,197,0.903508771929825,1,0.951754385964912,0.0130230185281415
0.709,311,103,11,0,197,0.903508771929825,1,0.951754385964912,0.0120230185281414
0.71,311,103,11,0,197,0.903508771929825,1,0.951754385964912,0.0110230185281415
0.711,311,103,11,0,197,0.903508771929825,1,0.951754385964912,0.0100230185281414
0.712,311,103,11,0,197,0.903508771929825,1,0.951754385964912,0.00902301852814147
0.713,311,103,11,0,197,0.903508771929825,1,0.951754385964912,0.00802301852814147
0.714,311,103,11,0,197,0.903508771929825,1,0.951754385964912,0.00702301852814147
0.715,311,103,11,0,197,0.903508771929825,1,0.951754385964912,0.00602301852814147
0.716,311,103,11,0,197,0.903508771929825,1,0.951754385964912,0.00502301852814147
0.717,311,103,11,0,197,0.903508771929825,1,0.951754385964912,0.00402301852814146
0.718,311,103,11,0,197,0.903508771929825,1,0.951754385964912,0.00302301852814146
0.719,311,103,11,0,197,0.903508771929825,1,0.951754385964912,0.00202301852814146
0.72,311,103,11,0,197,0.903508771929825,1,0.951754385964912,0.00102301852814146
0.721,311,103,11,0,197,0.903508771929825,1,0.951754385964912,2.30185281414608e-05
0.722,311,102,12,0,197,0.894736842105263,1,0.947368421052632,0.00097698147185854
0.723,311,102,12,0,197,0.894736842105263,1,0.947368421052632,0.00197698147185854
0.724,311,102,12,0,197,0.894736842105263,1,0.947368421052632,0.00297698147185854
0.725,311,102,12,0,197,0.894736842105263,1,0.947368421052632,0.00397698147185854
0.726,311,102,12,0,197,0.894736842105263,1,0.947368421052632,0.00497698147185854
0.727,311,102,12,0,197,0.894736842105263,1,0.947368421052632,0.00597698147185854
0.728,311,102,12,0,197,0.894736842105263,1,0.947368421052632,0.00697698147185855
0.729,311,102,12,0,197,0.894736842105263,1,0.947368421052632,0.00797698147185855
0.73,311,102,12,0,197,0.894736842105263,1,0.947368421052632,0.00897698147185855
0.731,311,102,12,0,197,0.894736842105263,1,0.947368421052632,0.00997698147185855
0.732,311,102,12,0,197,0.894736842105263,1,0.947368421052632,0.0109769814718585
0.733,311,102,12,0,197,0.894736842105263,1,0.947368421052632,0.0119769814718585
0.734,311,102,12,0,197,0.894736842105263,1,0.947368421052632,0.0129769814718586
0.735,311,102,12,0,197,0.894736842105263,1,0.947368421052632,0.0139769814718586
0.736,311,102,12,0,197,0.894736842105263,1,0.947368421052632,0.0149769814718586
0.737,311,102,12,0,197,0.894736842105263,1,0.947368421052632,0.0159769814718586
0.738,311,102,12,0,197,0.894736842105263,1,0.947368421052632,0.0169769814718586
0.739,311,102,12,0,197,0.894736842105263,1,0.947368421052632,0.0179769814718586
0.74,311,102,12,0,197,0.894736842105263,1,0.947368421052632,0.0189769814718586
0.741,311,102,12,0,197,0.894736842105263,1,0.947368421052632,0.0199769814718586
0.742,311,102,12,0,197,0.894736842105263,1,0.947368421052632,0.0209769814718586
0.743,311,102,12,0,197,0.894736842105263,1,0.947368421052632,0.0219769814718586
0.744,311,102,12,0,197,0.894736842105263,1,0.947368421052632,0.0229769814718586
0.745,311,102,12,0,197,0.894736842105263,1,0.947368421052632,0.0238806424264424
0.746,311,102,12,0,197,0.894736842105263,1,0.947368421052632,0.0228806424264424
0.747,311,102,12,0,197,0.894736842105263,1,0.947368421052632,0.0218806424264424
0.748,311,102,12,0,197,0.894736842105263,1,0.947368421052632,0.0208806424264424
0.749,311,102,12,0,197,0.894736842105263,1,0.947368421052632,0.0198806424264424
0.75,311,102,12,0,197,0.894736842105263,1,0.947368421052632,0.0188806424264424
0.751,311,102,12,0,197,0.894736842105263,1,0.947368421052632,0.0178806424264424
0.752,311,102,12,0,197,0.894736842105263,1,0.947368421052632,0.0168806424264424
0.753,311,102,12,0,197,0.894736842105263,1,0.947368421052632,0.0158806424264424
0.754,311,102,12,0,197,0.894736842105263,1,0.947368421052632,0.0148806424264424
0.755,311,102,12,0,197,0.894736842105263,1,0.947368421052632,0.0138806424264424
0.756,311,102,12,0,197,0.894736842105263,1,0.947368421052632,0.0128806424264424
0.757,311,102,12,0,197,0.894736842105263,1,0.947368421052632,0.0118806424264424
0.758,311,102,12,0,197,0.894736842105263,1,0.947368421052632,0.0108806424264424
0.759,311,102,12,0,197,0.894736842105263,1,0.947368421052632,0.00988064242644238
0.76,311,102,12,0,197,0.894736842105263,1,0.947368421052632,0.00888064242644238
0.761,311,102,12,0,197,0.894736842105263,1,0.947368421052632,0.00788064242644237
0.762,311,102,12,0,197,0.894736842105263,1,0.947368421052632,0.00688064242644237
0.763,311,102,12,0,197,0.894736842105263,1,0.947368421052632,0.00588064242644237
0.764,311,102,12,0,197,0.894736842105263,1,0.947368421052632,0.00488064242644237
0.765,311,102,12,0,197,0.894736842105263,1,0.947368421052632,0.00388064242644237
0.766,311,102,12,0,197,0.894736842105263,1,0.947368421052632,0.00288064242644237
0.767,311,102,12,0,197,0.894736842105263,1,0.947368421052632,0.00188064242644237
0.768,311,102,12,0,197,0.894736842105263,1,0.947368421052632,0.000880642426442368
0.769,311,101,13,0,197,0.885964912280702,1,0.942982456140351,0.000119357573557632
0.77,311,101,13,0,197,0.885964912280702,1,0.942982456140351,0.00111935757355763
0.771,311,101,13,0,197,0.885964912280702,1,0.942982456140351,0.00211935757355763
0.772,311,101,13,0,197,0.885964912280702,1,0.942982456140351,0.00311935757355764
0.773,311,101,13,0,197,0.885964912280702,1,0.942982456140351,0.00411935757355764
0.774,311,101,13,0,197,0.885964912280702,1,0.942982456140351,0.00511935757355764
0.775,311,101,13,0,197,0.885964912280702,1,0.942982456140351,0.00611935757355764
0.776,311,101,13,0,197,0.885964912280702,1,0.942982456140351,0.00711935757355764
0.777,311,101,13,0,197,0.885964912280702,1,0.942982456140351,0.00811935757355764
0.778,311,101,13,0,197,0.885964912280702,1,0.942982456140351,0.00911935757355764
0.779,311,101,13,0,197,0.885964912280702,1,0.942982456140351,0.0101193575735576
0.78,311,101,13,0,197,0.885964912280702,1,0.942982456140351,0.0111193575735576
0.781,311,101,13,0,197,0.885964912280702,1,0.942982456140351,0.0121193575735576
0.782,311,101,13,0,197,0.885964912280702,1,0.942982456140351,0.0131193575735576
0.783,311,101,13,0,197,0.885964912280702,1,0.942982456140351,0.0141193575735576
0.784,311,101,13,0,197,0.885964912280702,1,0.942982456140351,0.0151193575735576
0.785,311,101,13,0,197,0.885964912280702,1,0.942982456140351,0.0161193575735576
0.786,311,101,13,0,197,0.885964912280702,1,0.942982456140351,0.0171193575735576
0.787,311,101,13,0,197,0.885964912280702,1,0.942982456140351,0.0181193575735576
0.788,311,101,13,0,197,0.885964912280702,1,0.942982456140351,0.0191193575735576
0.789,311,101,13,0,197,0.885964912280702,1,0.942982456140351,0.0201193575735577
0.79,311,101,13,0,197,0.885964912280702,1,0.942982456140351,0.0211193575735577
0.791,311,101,13,0,197,0.885964912280702,1,0.942982456140351,0.0221193575735577
0.792,311,101,13,0,197,0.885964912280702,1,0.942982456140351,0.0231193575735577
0.793,311,101,13,0,197,0.885964912280702,1,0.942982456140351,0.0241193575735575
0.794,311,101,13,0,197,0.885964912280702,1,0.942982456140351,0.0251193575735577
0.795,311,101,13,0,197,0.885964912280702,1,0.942982456140351,0.0261193575735575
0.796,311,101,13,0,197,0.885964912280702,1,0.942982456140351,0.0271193575735577
0.797,311,101,13,0,197,0.885964912280702,1,0.942982456140351,0.027372617082878
0.798,311,101,13,0,197,0.885964912280702,1,0.942982456140351,0.0263726170828779
0.799,311,101,13,0,197,0.885964912280702,1,0.942982456140351,0.025372617082878
0.8,311,101,13,0,197,0.885964912280702,1,0.942982456140351,0.0243726170828779
0.801,311,101,13,0,197,0.885964912280702,1,0.942982456140351,0.023372617082878
0.802,311,101,13,0,197,0.885964912280702,1,0.942982456140351,0.0223726170828779
0.803,311,101,13,0,197,0.885964912280702,1,0.942982456140351,0.021372617082878
0.804,311,101,13,0,197,0.885964912280702,1,0.942982456140351,0.0203726170828779
0.805,311,101,13,0,197,0.885964912280702,1,0.942982456140351,0.019372617082878
0.806,311,101,13,0,197,0.885964912280702,1,0.942982456140351,0.0183726170828779
0.807,311,101,13,0,197,0.885964912280702,1,0.942982456140351,0.017372617082878
0.808,311,101,13,0,197,0.885964912280702,1,0.942982456140351,0.0163726170828778
0.809,311,101,13,0,197,0.885964912280702,1,0.942982456140351,0.015372617082878
0.81,311,101,13,0,197,0.885964912280702,1,0.942982456140351,0.0143726170828778
0.811,311,101,13,0,197,0.885964912280702,1,0.942982456140351,0.013372617082878
0.812,311,101,13,0,197,0.885964912280702,1,0.942982456140351,0.0123726170828778
0.813,311,101,13,0,197,0.885964912280702,1,0.942982456140351,0.011372617082878
0.814,311,101,13,0,197,0.885964912280702,1,0.942982456140351,0.0103726170828778
0.815,311,101,13,0,197,0.885964912280702,1,0.942982456140351,0.00937261708287795
0.816,311,101,13,0,197,0.885964912280702,1,0.942982456140351,0.00837261708287784
0.817,311,101,13,0,197,0.885964912280702,1,0.942982456140351,0.00737261708287795
0.818,311,101,13,0,197,0.885964912280702,1,0.942982456140351,0.00637261708287784
0.819,311,101,13,0,197,0.885964912280702,1,0.942982456140351,0.00537261708287795
0.82,311,101,13,0,197,0.885964912280702,1,0.942982456140351,0.00437261708287784
0.821,311,101,13,0,197,0.885964912280702,1,0.942982456140351,0.00337261708287795
0.822,311,101,13,0,197,0.885964912280702,1,0.942982456140351,0.00237261708287784
0.823,311,101,13,0,197,0.885964912280702,1,0.942982456140351,0.00137261708287795
0.824,311,101,13,0,197,0.885964912280702,1,0.942982456140351,0.000372617082877835
0.825,311,100,14,0,197,0.87719298245614,1,0.93859649122807,0.000627382917122055
0.826,311,100,14,0,197,0.87719298245614,1,0.93859649122807,0.00162738291712206
0.827,311,100,14,0,197,0.87719298245614,1,0.93859649122807,0.00262738291712206
0.828,311,100,14,0,197,0.87719298245614,1,0.93859649122807,0.00362738291712206
0.829,311,100,14,0,197,0.87719298245614,1,0.93859649122807,0.00462738291712206
0.83,311,100,14,0,197,0.87719298245614,1,0.93859649122807,0.00562738291712206
0.831,311,100,14,0,197,0.87719298245614,1,0.93859649122807,0.00662738291712206
0.832,311,100,14,0,197,0.87719298245614,1,0.93859649122807,0.00762738291712206
0.833,311,100,14,0,197,0.87719298245614,1,0.93859649122807,0.00862738291712206
0.834,311,100,14,0,197,0.87719298245614,1,0.93859649122807,0.00962738291712206
0.835,311,100,14,0,197,0.87719298245614,1,0.93859649122807,0.0106273829171221
0.836,311,100,14,0,197,0.87719298245614,1,0.93859649122807,0.0116273829171221
0.837,311,100,14,0,197,0.87719298245614,1,0.93859649122807,0.0126273829171221
0.838,311,100,14,0,197,0.87719298245614,1,0.93859649122807,0.0136273829171221
0.839,311,100,14,0,197,0.87719298245614,1,0.93859649122807,0.0146273829171221
0.84,311,100,14,0,197,0.87719298245614,1,0.93859649122807,0.0156273829171221
0.841,311,100,14,0,197,0.87719298245614,1,0.93859649122807,0.0166273829171221
0.842,311,100,14,0,197,0.87719298245614,1,0.93859649122807,0.0176273829171221
0.843,311,100,14,0,197,0.87719298245614,1,0.93859649122807,0.0186273829171221
0.844,311,100,14,0,197,0.87719298245614,1,0.93859649122807,0.0196273829171221
0.845,311,100,14,0,197,0.87719298245614,1,0.93859649122807,0.0206273829171221
0.846,311,100,14,0,197,0.87719298245614,1,0.93859649122807,0.0216273829171221
0.847,311,100,14,0,197,0.87719298245614,1,0.93859649122807,0.0226273829171221
0.848,311,100,14,0,197,0.87719298245614,1,0.93859649122807,0.0236273829171221
0.849,311,100,14,0,197,0.87719298245614,1,0.93859649122807,0.0246273829171221
0.85,311,100,14,0,197,0.87719298245614,1,0.93859649122807,0.0256273829171221
0.851,311,100,14,0,197,0.87719298245614,1,0.93859649122807,0.0266273829171221
0.852,311,100,14,0,197,0.87719298245614,1,0.93859649122807,0.0276273829171221
0.853,311,100,14,0,197,0.87719298245614,1,0.93859649122807,0.0286273829171221
0.854,311,100,14,0,197,0.87719298245614,1,0.93859649122807,0.0296273829171221
0.855,311,100,14,0,197,0.87719298245614,1,0.93859649122807,0.0306273829171221
0.856,311,100,14,0,197,0.87719298245614,1,0.93859649122807,0.0316273829171221
0.857,311,100,14,0,197,0.87719298245614,1,0.93859649122807,0.0326273829171221
0.858,311,100,14,0,197,0.87719298245614,1,0.93859649122807,0.0336273829171221
0.859,311,100,14,0,197,0.87719298245614,1,0.93859649122807,0.0346273829171221
0.86,311,100,14,0,197,0.87719298245614,1,0.93859649122807,0.0356273829171221
0.861,311,100,14,0,197,0.87719298245614,1,0.93859649122807,0.0366273829171221
0.862,311,100,14,0,197,0.87719298245614,1,0.93859649122807,0.0376273829171221
0.863,311,100,14,0,197,0.87719298245614,1,0.93859649122807,0.0386273829171221
0.864,311,100,14,0,197,0.87719298245614,1,0.93859649122807,0.0396273829171221
0.865,311,100,14,0,197,0.87719298245614,1,0.93859649122807,0.0406273829171221
0.866,311,100,14,0,197,0.87719298245614,1,0.93859649122807,0.0416273829171221
0.867,311,100,14,0,197,0.87719298245614,1,0.93859649122807,0.0426273829171221
0.868,311,100,14,0,197,0.87719298245614,1,0.93859649122807,0.0427662725071487
0.869,311,100,14,0,197,0.87719298245614,1,0.93859649122807,0.0417662725071487
0.87,311,100,14,0,197,0.87719298245614,1,0.93859649122807,0.0407662725071487
0.871,311,100,14,0,197,0.87719298245614,1,0.93859649122807,0.0397662725071487
0.872,311,100,14,0,197,0.87719298245614,1,0.93859649122807,0.0387662725071487
0.873,311,100,14,0,197,0.87719298245614,1,0.93859649122807,0.0377662725071487
0.874,311,100,14,0,197,0.87719298245614,1,0.93859649122807,0.0367662725071487
0.875,311,100,14,0,197,0.87719298245614,1,0.93859649122807,0.0357662725071487
0.876,311,100,14,0,197,0.87719298245614,1,0.93859649122807,0.0347662725071487
0.877,311,100,14,0,197,0.87719298245614,1,0.93859649122807,0.0337662725071487
0.878,311,100,14,0,197,0.87719298245614,1,0.93859649122807,0.0327662725071487
0.879,311,100,14,0,197,0.87719298245614,1,0.93859649122807,0.0317662725071487
0.88,311,100,14,0,197,0.87719298245614,1,0.93859649122807,0.0307662725071487
0.881,311,100,14,0,197,0.87719298245614,1,0.93859649122807,0.0297662725071487
0.882,311,100,14,0,197,0.87719298245614,1,0.93859649122807,0.0287662725071487
0.883,311,100,14,0,197,0.87719298245614,1,0.93859649122807,0.0277662725071487
0.884,311,100,14,0,197,0.87719298245614,1,0.93859649122807,0.0267662725071487
0.885,311,100,14,0,197,0.87719298245614,1,0.93859649122807,0.0257662725071487
0.886,311,100,14,0,197,0.87719298245614,1,0.93859649122807,0.0247662725071487
0.887,311,100,14,0,197,0.87719298245614,1,0.93859649122807,0.0237662725071487
0.888,311,100,14,0,197,0.87719298245614,1,0.93859649122807,0.0227662725071487
0.889,311,100,14,0,197,0.87719298245614,1,0.93859649122807,0.0217662725071487
0.89,311,100,14,0,197,0.87719298245614,1,0.93859649122807,0.0207662725071487
0.891,311,100,14,0,197,0.87719298245614,1,0.93859649122807,0.0197662725071487
0.892,311,100,14,0,197,0.87719298245614,1,0.93859649122807,0.0187662725071487
0.893,311,100,14,0,197,0.87719298245614,1,0.93859649122807,0.0177662725071487
0.894,311,100,14,0,197,0.87719298245614,1,0.93859649122807,0.0167662725071487
0.895,311,100,14,0,197,0.87719298245614,1,0.93859649122807,0.0157662725071487
0.896,311,100,14,0,197,0.87719298245614,1,0.93859649122807,0.0147662725071487
0.897,311,100,14,0,197,0.87719298245614,1,0.93859649122807,0.0137662725071487
0.898,311,100,14,0,197,0.87719298245614,1,0.93859649122807,0.0127662725071487
0.899,311,100,14,0,197,0.87719298245614,1,0.93859649122807,0.0117662725071487
0.9,311,100,14,0,197,0.87719298245614,1,0.93859649122807,0.0107662725071487
0.901,311,100,14,0,197,0.87719298245614,1,0.93859649122807,0.00976627250714868
0.902,311,100,14,0,197,0.87719298245614,1,0.93859649122807,0.00876627250714868
0.903,311,100,14,0,197,0.87719298245614,1,0.93859649122807,0.00776627250714867
0.904,311,100,14,0,197,0.87719298245614,1,0.93859649122807,0.00676627250714867
0.905,311,100,14,0,197,0.87719298245614,1,0.93859649122807,0.00576627250714867
0.906,311,100,14,0,197,0.87719298245614,1,0.93859649122807,0.00476627250714867
0.907,311,100,14,0,197,0.87719298245614,1,0.93859649122807,0.00376627250714867
0.908,311,100,14,0,197,0.87719298245614,1,0.93859649122807,0.00276627250714867
0.909,311,100,14,0,197,0.87719298245614,1,0.93859649122807,0.00176627250714867
0.91,311,100,14,0,197,0.87719298245614,1,0.93859649122807,0.000766272507148669
0.911,311,99,15,0,197,0.868421052631579,1,0.934210526315789,0.000233727492851332
0.912,311,99,15,0,197,0.868421052631579,1,0.934210526315789,0.000953544376817717
0.913,311,98,16,0,197,0.859649122807018,1,0.929824561403509,4.64556231822844e-05
0.914,311,98,16,0,197,0.859649122807018,1,0.929824561403509,0.00104645562318229
0.915,311,98,16,0,197,0.859649122807018,1,0.929824561403509,0.00204645562318229
0.916,311,98,16,0,197,0.859649122807018,1,0.929824561403509,0.00304645562318229
0.917,311,98,16,0,197,0.859649122807018,1,0.929824561403509,0.00404645562318229
0.918,311,98,16,0,197,0.859649122807018,1,0.929824561403509,0.00504645562318229
0.919,311,98,16,0,197,0.859649122807018,1,0.929824561403509,0.00604645562318229
0.92,311,98,16,0,197,0.859649122807018,1,0.929824561403509,0.00704645562318229
0.921,311,98,16,0,197,0.859649122807018,1,0.929824561403509,0.00804645562318229
0.922,311,98,16,0,197,0.859649122807018,1,0.929824561403509,0.00904645562318229
0.923,311,98,16,0,197,0.859649122807018,1,0.929824561403509,0.0100464556231823
0.924,311,98,16,0,197,0.859649122807018,1,0.929824561403509,0.0110464556231823
0.925,311,98,16,0,197,0.859649122807018,1,0.929824561403509,0.0119793990714117
0.926,311,98,16,0,197,0.859649122807018,1,0.929824561403509,0.0109793990714117
0.927,311,98,16,0,197,0.859649122807018,1,0.929824561403509,0.00997939907141165
0.928,311,98,16,0,197,0.859649122807018,1,0.929824561403509,0.00897939907141176
0.929,311,98,16,0,197,0.859649122807018,1,0.929824561403509,0.00797939907141165
0.93,311,98,16,0,197,0.859649122807018,1,0.929824561403509,0.00697939907141176
0.931,311,98,16,0,197,0.859649122807018,1,0.929824561403509,0.00597939907141165
0.932,311,98,16,0,197,0.859649122807018,1,0.929824561403509,0.00497939907141176
0.933,311,98,16,0,197,0.859649122807018,1,0.929824561403509,0.00397939907141165
0.934,311,98,16,0,197,0.859649122807018,1,0.929824561403509,0.00297939907141176
0.935,311,98,16,0,197,0.859649122807018,1,0.929824561403509,0.00197939907141165
0.936,311,98,16,0,197,0.859649122807018,1,0.929824561403509,0.000979399071411757
0.937,311,97,17,0,197,0.850877192982456,1,0.925438596491228,2.06009285883546e-05
0.938,311,97,17,0,197,0.850877192982456,1,0.925438596491228,0.00102060092858824
0.939,311,97,17,0,197,0.850877192982456,1,0.925438596491228,0.00127905234400727
0.94,311,97,17,0,197,0.850877192982456,1,0.925438596491228,0.00027905234400738
0.941,311,96,18,0,197,0.842105263157895,1,0.921052631578947,0.000720947655992621
0.942,311,96,18,0,197,0.842105263157895,1,0.921052631578947,0.00172094765599262
0.943,311,96,18,0,197,0.842105263157895,1,0.921052631578947,0.00272094765599262
0.944,311,96,18,0,197,0.842105263157895,1,0.921052631578947,0.00372094765599262
0.945,311,96,18,0,197,0.842105263157895,1,0.921052631578947,0.00472094765599262
0.946,311,96,18,0,197,0.842105263157895,1,0.921052631578947,0.00572094765599263
0.947,311,96,18,0,197,0.842105263157895,1,0.921052631578947,0.00672094765599263
0.948,311,96,18,0,197,0.842105263157895,1,0.921052631578947,0.00772094765599263
0.949,311,96,18,0,197,0.842105263157895,1,0.921052631578947,0.00872094765599263
0.95,311,96,18,0,197,0.842105263157895,1,0.921052631578947,0.00972094765599263
0.951,311,96,18,0,197,0.842105263157895,1,0.921052631578947,0.0107209476559926
0.952,311,96,18,0,197,0.842105263157895,1,0.921052631578947,0.0117209476559926
0.953,311,96,18,0,197,0.842105263157895,1,0.921052631578947,0.0127209476559926
0.954,311,96,18,0,197,0.842105263157895,1,0.921052631578947,0.0137209476559926
0.955,311,96,18,0,197,0.842105263157895,1,0.921052631578947,0.0128964179531799
0.956,311,96,18,0,197,0.842105263157895,1,0.921052631578947,0.0118964179531799
0.957,311,96,18,0,197,0.842105263157895,1,0.921052631578947,0.0108964179531799
0.958,311,96,18,0,197,0.842105263157895,1,0.921052631578947,0.00989641795317986
0.959,311,96,18,0,197,0.842105263157895,1,0.921052631578947,0.00889641795317986
0.96,311,96,18,0,197,0.842105263157895,1,0.921052631578947,0.00789641795317986
0.961,311,96,18,0,197,0.842105263157895,1,0.921052631578947,0.00689641795317986
0.962,311,96,18,0,197,0.842105263157895,1,0.921052631578947,0.00589641795317986
0.963,311,96,18,0,197,0.842105263157895,1,0.921052631578947,0.00489641795317985
0.964,311,96,18,0,197,0.842105263157895,1,0.921052631578947,0.00389641795317985
0.965,311,96,18,0,197,0.842105263157895,1,0.921052631578947,0.00289641795317985
0.966,311,96,18,0,197,0.842105263157895,1,0.921052631578947,0.00189641795317985
0.967,311,96,18,0,197,0.842105263157895,1,0.921052631578947,0.000896417953179851
0.968,311,95,19,0,197,0.833333333333333,1,0.916666666666667,0.00010358204682015
0.969,311,95,19,0,197,0.833333333333333,1,0.916666666666667,0.000237166637176545
0.97,311,94,20,0,197,0.824561403508772,1,0.912280701754386,0.000762833362823456
0.971,311,93,21,0,197,0.815789473684211,1,0.907894736842105,0.000104926051267218
0.972,311,93,21,0,197,0.815789473684211,1,0.907894736842105,0.00110492605126722
0.973,311,93,21,0,197,0.815789473684211,1,0.907894736842105,0.00210492605126722
0.974,311,93,21,0,197,0.815789473684211,1,0.907894736842105,0.00310492605126722
0.975,311,93,21,0,197,0.815789473684211,1,0.907894736842105,0.00410492605126722
0.976,311,93,21,0,197,0.815789473684211,1,0.907894736842105,0.00510492605126722
0.977,311,93,21,0,197,0.815789473684211,1,0.907894736842105,0.00610492605126722
0.978,311,93,21,0,197,0.815789473684211,1,0.907894736842105,0.00634086131747469
0.979,311,93,21,0,197,0.815789473684211,1,0.907894736842105,0.00534086131747469
0.98,311,93,21,0,197,0.815789473684211,1,0.907894736842105,0.00434086131747469
0.981,311,93,21,0,197,0.815789473684211,1,0.907894736842105,0.00334086131747469
0.982,311,93,21,0,197,0.815789473684211,1,0.907894736842105,0.00234086131747469
0.983,311,93,21,0,197,0.815789473684211,1,0.907894736842105,0.00134086131747468
0.984,311,93,21,0,197,0.815789473684211,1,0.907894736842105,0.000340861317474683
0.985,311,92,22,0,197,0.807017543859649,1,0.903508771929824,0.000659138682525318
0.986,311,92,22,0,197,0.807017543859649,1,0.903508771929824,0.000300114771883742
0.987,311,91,23,0,197,0.798245614035088,1,0.899122807017544,0.000699885228116259
0.988,311,91,23,0,197,0.798245614035088,1,0.899122807017544,0.00169988522811626
0.989,311,91,23,0,197,0.798245614035088,1,0.899122807017544,0.00105220374054393
0.99,311,91,23,0,197,0.798245614035088,1,0.899122807017544,5.22037405439324e-05
0.991,311,90,24,0,197,0.789473684210526,1,0.894736842105263,0.000947796259456068
0.992,311,90,24,0,197,0.789473684210526,1,0.894736842105263,0.000242664621664779
0.993,311,87,27,0,197,0.763157894736842,1,0.881578947368421,0.000430501131291172
0.994,311,87,27,0,197,0.763157894736842,1,0.881578947368421,0.00026711220167952
0.995,311,86,28,0,197,0.754385964912281,1,0.87719298245614,5.77143457288765e-05
0.996,311,85,29,0,197,0.745614035087719,1,0.87280701754386,0.000102921953317292
0.997,311,83,31,0,197,0.728070175438597,1,0.864035087719298,0.000215935384853982
0.998,311,80,34,0,197,0.701754385964912,1,0.850877192982456,0.0002608069143063
0.999,311,79,35,0,197,0.692982456140351,1,0.846491228070176,6.53604271489971e-05
1,311,0,114,0,197,0,1,0.5,1.77061089123853e-08
