"source_file","scenario","segment","source_line","frame","intent","ipc_action","d128_left","d128_center","d128_right","average_left","average_center","average_right"
"太阳能板边缘中心旋转扫描.txt","太阳能板边缘中心旋转扫描","1","7","1678","TURN_LEFT_LATCHED","TURN_LEFT","79","73","74","62","85","78"
"太阳能板边缘中心旋转扫描.txt","太阳能板边缘中心旋转扫描","1","30","1707","TURN_LEFT_LATCHED","TURN_LEFT","79","73","74","63","85","79"
"太阳能板边缘中心旋转扫描.txt","太阳能板边缘中心旋转扫描","1","53","1737","TURN_LEFT_LATCHED","TURN_LEFT","79","75","74","61","80","79"
"太阳能板边缘中心旋转扫描.txt","太阳能板边缘中心旋转扫描","1","76","1765","TURN_LEFT_LATCHED","TURN_LEFT","79","77","73","60","78","84"
"太阳能板边缘中心旋转扫描.txt","太阳能板边缘中心旋转扫描","1","99","1793","TURN_LEFT_LATCHED","TURN_LEFT","79","76","73","60","79","83"
"太阳能板边缘中心旋转扫描.txt","太阳能板边缘中心旋转扫描","1","112","1812","RECOVERY","STOP","76","80","73","65","72","84"
"太阳能板边缘中心旋转扫描.txt","太阳能板边缘中心旋转扫描","1","115","1814","TURN_LEFT_LATCHED","TURN_LEFT","77","78","71","65","74","87"
"太阳能板边缘中心旋转扫描.txt","太阳能板边缘中心旋转扫描","1","138","1843","TURN_LEFT_LATCHED","TURN_LEFT","76","79","90","70","69","46"
"太阳能板边缘中心旋转扫描.txt","太阳能板边缘中心旋转扫描","1","141","1846","RECOVERY","STOP","75","84","91","72","62","47"
"太阳能板边缘中心旋转扫描.txt","太阳能板边缘中心旋转扫描","1","146","1851","SAFE","FORWARD","74","87","92","74","51","43"
"太阳能板边缘中心旋转扫描.txt","太阳能板边缘中心旋转扫描","1","169","1881","SAFE","FORWARD","82","84","91","53","57","46"
"太阳能板边缘中心旋转扫描.txt","太阳能板边缘中心旋转扫描","1","190","1906","CAUTION","STOP","86","79","91","44","68","51"
"太阳能板边缘中心旋转扫描.txt","太阳能板边缘中心旋转扫描","1","193","1909","TURN_LEFT_LATCHED","TURN_LEFT","86","78","89","43","67","57"
"太阳能板边缘中心旋转扫描.txt","太阳能板边缘中心旋转扫描","1","198","1915","RECOVERY","STOP","88","81","81","41","66","74"
"太阳能板边缘中心旋转扫描.txt","太阳能板边缘中心旋转扫描","1","203","1920","TURN_LEFT_LATCHED","TURN_LEFT","88","78","71","41","70","96"
"太阳能板边缘中心旋转扫描.txt","太阳能板边缘中心旋转扫描","1","224","1947","RECOVERY","STOP","89","80","28","39","70","195"
"太阳能板边缘中心旋转扫描.txt","太阳能板边缘中心旋转扫描","1","229","1952","SAFE","FORWARD","89","81","19","43","69","210"
"太阳能板边缘中心旋转扫描.txt","太阳能板边缘中心旋转扫描","1","234","1958","CAUTION","STOP","87","77","8","47","73","227"
"太阳能板边缘中心旋转扫描.txt","太阳能板边缘中心旋转扫描","1","237","1961","TURN_LEFT_LATCHED","TURN_LEFT","88","75","5","47","76","230"
"太阳能板边缘中心旋转扫描.txt","太阳能板边缘中心旋转扫描","1","261","1991","TURN_LEFT_LATCHED","TURN_LEFT","91","52","0","45","137","218"
"太阳能板边缘中心旋转扫描.txt","太阳能板边缘中心旋转扫描","1","284","2019","TURN_LEFT_LATCHED","TURN_LEFT","90","15","0","49","216","199"
"太阳能板边缘中心旋转扫描.txt","太阳能板边缘中心旋转扫描","1","307","2048","TURN_LEFT_LATCHED","TURN_LEFT","56","6","0","129","225","209"
"太阳能板边缘中心旋转扫描.txt","太阳能板边缘中心旋转扫描","1","330","2077","TURN_LEFT_LATCHED","TURN_LEFT","20","12","0","208","197","223"
"太阳能板边缘中心旋转扫描.txt","太阳能板边缘中心旋转扫描","1","353","2106","TURN_LEFT_LATCHED","TURN_LEFT","8","13","1","229","167","212"
"太阳能板边缘中心旋转扫描.txt","太阳能板边缘中心旋转扫描","1","374","2134","TURN_LEFT_LATCHED","TURN_LEFT","16","12","4","193","157","186"
"太阳能板边缘中心旋转扫描.txt","太阳能板边缘中心旋转扫描","1","397","2164","TURN_LEFT_LATCHED","TURN_LEFT","14","13","3","174","167","191"
"太阳能板边缘中心旋转扫描.txt","太阳能板边缘中心旋转扫描","1","420","2193","TURN_LEFT_LATCHED","TURN_LEFT","12","15","3","174","184","219"
"太阳能板边缘中心旋转扫描.txt","太阳能板边缘中心旋转扫描","1","443","2221","TURN_LEFT_LATCHED","TURN_LEFT","10","15","2","176","204","245"
"太阳能板边缘中心旋转扫描.txt","太阳能板边缘中心旋转扫描","1","466","2250","TURN_LEFT_LATCHED","TURN_LEFT","10","5","43","183","240","165"
"太阳能板边缘中心旋转扫描.txt","太阳能板边缘中心旋转扫描","1","489","2279","TURN_LEFT_LATCHED","TURN_LEFT","8","23","88","212","198","61"
"太阳能板边缘中心旋转扫描.txt","太阳能板边缘中心旋转扫描","1","508","2304","RECOVERY","STOP","5","83","84","231","69","59"
"太阳能板边缘中心旋转扫描.txt","太阳能板边缘中心旋转扫描","1","514","2311","SAFE","FORWARD","11","91","83","220","51","64"
"太阳能板边缘中心旋转扫描.txt","太阳能板边缘中心旋转扫描","1","536","2339","SAFE","FORWARD","66","90","87","96","43","51"
"太阳能板边缘中心旋转扫描.txt","太阳能板边缘中心旋转扫描","1","559","2368","SAFE","FORWARD","98","89","88","30","47","45"
"太阳能板边缘中心旋转扫描.txt","太阳能板边缘中心旋转扫描","1","582","2397","SAFE","FORWARD","93","93","92","39","39","33"
"太阳能板边缘中心旋转扫描.txt","太阳能板边缘中心旋转扫描","1","605","2425","SAFE","FORWARD","96","92","91","31","41","35"
"太阳能板边缘中心旋转扫描.txt","太阳能板边缘中心旋转扫描","1","628","2455","SAFE","FORWARD","93","90","91","34","39","35"
"太阳能板边缘中心旋转扫描.txt","太阳能板边缘中心旋转扫描","1","650","2483","SAFE","FORWARD","92","90","93","33","42","34"
"太阳能板边缘中心旋转扫描.txt","太阳能板边缘中心旋转扫描","1","672","2512","SAFE","FORWARD","92","89","90","33","43","39"
"太阳能板边缘中心旋转扫描.txt","太阳能板边缘中心旋转扫描","1","695","2541","SAFE","FORWARD","93","89","91","33","44","37"
"太阳能板边缘中心旋转扫描.txt","太阳能板边缘中心旋转扫描","1","718","2570","SAFE","FORWARD","92","89","91","34","44","37"
"太阳能板边缘中心旋转扫描.txt","太阳能板边缘中心旋转扫描","1","741","2599","SAFE","FORWARD","92","88","91","33","43","37"
"太阳能板边缘中心旋转扫描.txt","太阳能板边缘中心旋转扫描","1","764","2627","SAFE","FORWARD","92","88","91","34","44","37"
"左转极限.txt","左转极限","1","3","267","SAFE","FORWARD","94","91","82","37","52","74"
"左转极限.txt","左转极限","1","26","297","SAFE","FORWARD","94","91","82","35","51","74"
"左转极限.txt","左转极限","1","49","326","SAFE","FORWARD","94","91","82","33","50","74"
"左转极限.txt","左转极限","1","72","355","SAFE","FORWARD","96","90","83","30","52","73"
"左转极限.txt","左转极限","1","95","383","SAFE","FORWARD","93","90","93","40","53","51"
"左转极限.txt","左转极限","1","116","412","SAFE","FORWARD","89","93","89","50","50","65"
"左转极限.txt","左转极限","1","139","441","SAFE","FORWARD","87","92","74","54","52","92"
"左转极限.txt","左转极限","1","162","470","SAFE","FORWARD","84","92","43","60","51","154"
"左转极限.txt","左转极限","1","185","498","SAFE","FORWARD","83","91","16","64","55","207"
"左转极限.txt","左转极限","1","208","528","SAFE","FORWARD","84","89","6","70","63","220"
"左转极限.txt","左转极限","1","231","556","CAUTION","STOP","66","75","37","113","87","171"
"左转极限.txt","左转极限","1","234","559","TURN_LEFT_LATCHED","TURN_LEFT","63","77","50","122","89","146"
"左转极限.txt","左转极限","1","256","588","TURN_LEFT_LATCHED","TURN_LEFT","29","72","80","193","93","86"
"左转极限.txt","左转极限","1","278","617","TURN_LEFT_LATCHED","TURN_LEFT","27","60","83","198","129","74"
"左转极限.txt","左转极限","1","301","645","TURN_LEFT_LATCHED","TURN_LEFT","58","19","82","139","213","86"
"左转极限.txt","左转极限","1","324","675","TURN_LEFT_LATCHED","TURN_LEFT","74","22","43","101","205","167"
"左转极限.txt","左转极限","1","347","703","TURN_LEFT_LATCHED","TURN_LEFT","83","57","17","88","132","216"
"左转极限.txt","左转极限","1","370","733","TURN_LEFT_LATCHED","TURN_LEFT","82","69","44","91","105","160"
"左转极限.txt","左转极限","1","392","761","TURN_LEFT_LATCHED","TURN_LEFT","70","69","57","116","105","132"
"左转极限.txt","左转极限","1","414","790","TURN_LEFT_LATCHED","TURN_LEFT","70","69","58","118","106","131"
"左转极限.txt","左转极限","1","437","819","TURN_LEFT_LATCHED","TURN_LEFT","70","69","57","117","106","132"
"左转极限.txt","左转极限","1","460","848","TURN_LEFT_LATCHED","TURN_LEFT","70","69","58","117","105","130"
"左转极限.txt","左转极限","1","483","876","TURN_LEFT_LATCHED","TURN_LEFT","71","72","60","116","103","128"
"左转极限.txt","左转极限","1","506","905","TURN_LEFT_LATCHED","TURN_LEFT","71","77","72","116","89","100"
"左转极限.txt","左转极限","1","509","909","RECOVERY","STOP","70","81","78","117","83","88"
"左转极限.txt","左转极限","1","514","914","SAFE","FORWARD","70","83","81","118","81","80"
"左转极限.txt","左转极限","1","521","922","CAUTION","STOP","66","79","73","124","88","96"
"左转极限.txt","左转极限","1","524","925","TURN_LEFT_LATCHED","TURN_LEFT","65","77","71","128","91","104"
"左转极限.txt","左转极限","1","548","954","TURN_LEFT_LATCHED","TURN_LEFT","65","78","68","126","89","106"
"左转极限.txt","左转极限","1","571","983","TURN_LEFT_LATCHED","TURN_LEFT","63","77","68","130","90","105"
"左转极限.txt","左转极限","1","594","1012","TURN_LEFT_LATCHED","TURN_LEFT","33","23","67","181","208","118"
"左转极限.txt","左转极限","1","617","1041","TURN_LEFT_LATCHED","TURN_LEFT","87","39","23","58","160","208"
"左转极限.txt","左转极限","1","638","1070","TURN_LEFT_LATCHED","TURN_LEFT","77","79","39","75","79","168"
"左转极限.txt","左转极限","1","642","1073","RECOVERY","STOP","76","81","46","77","77","154"
"左转极限.txt","左转极限","1","648","1079","SAFE","FORWARD","74","82","58","82","73","128"
"左转极限.txt","左转极限","1","670","1108","SAFE","FORWARD","96","89","87","36","57","58"
"左转极限.txt","左转极限","1","692","1136","SAFE","FORWARD","54","89","92","117","55","45"
"左转极限.txt","左转极限","1","715","1165","SAFE","FORWARD","90","93","91","57","44","44"
"左转极限.txt","左转极限","1","738","1193","SAFE","FORWARD","85","91","96","62","52","34"
"左转极限.txt","左转极限","1","761","1222","SAFE","FORWARD","86","92","93","60","47","36"
"左转极限.txt","左转极限","1","784","1251","SAFE","FORWARD","86","92","92","60","49","42"
"左转极限.txt","左转极限","1","806","1281","SAFE","FORWARD","86","92","92","61","50","43"
"左转极限.txt","左转极限","1","828","1309","SAFE","FORWARD","86","92","92","60","49","42"
"safe.txt","safe","1","1","903","TURN_LEFT_LATCHED","TURN_LEFT","91","75","94","31","70","22"
"safe.txt","safe","1","23","931","TURN_LEFT_LATCHED","TURN_LEFT","91","75","94","31","70","22"
"safe.txt","safe","1","47","961","TURN_LEFT_LATCHED","TURN_LEFT","92","75","94","31","70","22"
"safe.txt","safe","1","70","989","TURN_LEFT_LATCHED","TURN_LEFT","91","75","94","31","70","22"
"safe.txt","safe","1","93","1018","TURN_LEFT_LATCHED","TURN_LEFT","92","75","94","31","70","22"
"safe.txt","safe","1","116","1047","TURN_LEFT_LATCHED","TURN_LEFT","92","75","94","30","70","22"
"safe.txt","safe","1","138","1076","TURN_LEFT_LATCHED","TURN_LEFT","92","75","94","31","71","22"
"safe.txt","safe","1","160","1104","TURN_LEFT_LATCHED","TURN_LEFT","92","75","95","31","70","22"
"safe.txt","safe","1","183","1133","TURN_LEFT_LATCHED","TURN_LEFT","92","75","94","31","70","22"
"safe.txt","safe","1","206","1162","TURN_LEFT_LATCHED","TURN_LEFT","91","75","94","31","70","22"
"safe.txt","safe","1","229","1191","TURN_LEFT_LATCHED","TURN_LEFT","92","75","94","30","70","22"
"safe.txt","safe","1","252","1219","TURN_LEFT_LATCHED","TURN_LEFT","92","75","94","30","70","22"
"safe.txt","safe","1","274","1248","TURN_LEFT_LATCHED","TURN_LEFT","92","75","94","30","70","22"
"safe.txt","safe","1","296","1278","TURN_LEFT_LATCHED","TURN_LEFT","92","75","94","30","70","22"
"safe.txt","safe","1","319","1307","TURN_LEFT_LATCHED","TURN_LEFT","92","75","94","31","70","22"
"safe.txt","safe","1","342","1335","TURN_LEFT_LATCHED","TURN_LEFT","92","75","94","30","70","22"
"safe.txt","safe","1","365","1364","TURN_LEFT_LATCHED","TURN_LEFT","92","75","94","31","71","22"
"safe.txt","safe","1","388","1393","TURN_LEFT_LATCHED","TURN_LEFT","95","79","96","26","71","19"
"safe.txt","safe","1","410","1421","RECOVERY","STOP","96","80","96","27","68","24"
"safe.txt","safe","1","416","1427","SAFE","FORWARD","96","81","96","21","62","18"
"safe.txt","safe","1","421","1433","CAUTION","STOP","96","79","96","25","66","22"
"safe.txt","safe","1","424","1436","SAFE","FORWARD","96","80","96","22","66","20"
"safe.txt","safe","1","447","1465","SAFE","FORWARD","96","83","96","20","53","17"
"safe.txt","safe","1","470","1493","SAFE","FORWARD","96","83","96","20","56","16"
"safe.txt","safe","1","491","1523","SAFE","FORWARD","95","82","96","22","60","20"
"safe.txt","safe","1","508","1543","CAUTION","STOP","92","78","96","32","65","21"
"safe.txt","safe","1","511","1546","TURN_LEFT_LATCHED","TURN_LEFT","84","67","93","50","84","25"
"safe.txt","safe","1","534","1575","TURN_LEFT_LATCHED","TURN_LEFT","92","76","96","29","70","20"
"safe.txt","safe","1","557","1603","TURN_LEFT_LATCHED","TURN_LEFT","93","75","96","28","73","18"
"safe.txt","safe","1","580","1632","TURN_LEFT_LATCHED","TURN_LEFT","94","73","96","26","77","18"
"safe.txt","safe","1","601","1661","TURN_LEFT_LATCHED","TURN_LEFT","96","65","96","25","92","18"
"safe.txt","safe","1","624","1690","TURN_LEFT_LATCHED","TURN_LEFT","97","75","92","19","75","27"
"safe.txt","safe","1","647","1719","TURN_LEFT_LATCHED","TURN_LEFT","96","74","89","20","76","32"
"safe.txt","safe","1","670","1748","TURN_LEFT_LATCHED","TURN_LEFT","96","73","90","20","76","32"
"safe.txt","safe","1","693","1776","TURN_LEFT_LATCHED","TURN_LEFT","97","75","93","20","78","30"
"safe.txt","safe","1","716","1805","TURN_LEFT_LATCHED","TURN_LEFT","95","67","95","27","90","17"
"safe.txt","safe","1","737","1834","TURN_LEFT_LATCHED","TURN_LEFT","91","69","95","34","82","17"
"safe.txt","safe","1","760","1864","TURN_LEFT_LATCHED","TURN_LEFT","95","72","95","23","71","18"
"safe.txt","safe","1","783","1892","TURN_LEFT_LATCHED","TURN_LEFT","96","77","96","22","67","18"
"safe.txt","safe","1","806","1921","TURN_LEFT_LATCHED","TURN_LEFT","96","77","95","21","68","18"
"safe.txt","safe","1","829","1950","TURN_LEFT_LATCHED","TURN_LEFT","96","77","95","21","68","18"
"safe.txt","safe","1","853","1979","TURN_LEFT_LATCHED","TURN_LEFT","94","72","94","23","75","26"
"safe.txt","safe","1","874","2007","TURN_LEFT_LATCHED","TURN_LEFT","96","73","87","21","68","44"
"safe.txt","safe","1","897","2037","TURN_LEFT_LATCHED","TURN_LEFT","96","73","85","16","68","50"
"safe.txt","safe","1","920","2066","TURN_LEFT_LATCHED","TURN_LEFT","96","72","94","21","79","34"
"safe.txt","safe","1","943","2093","TURN_LEFT_LATCHED","TURN_LEFT","95","74","91","19","73","28"
"safe.txt","safe","1","966","2123","TURN_LEFT_LATCHED","TURN_LEFT","96","74","95","23","72","23"
"safe.txt","safe","1","989","2151","TURN_LEFT_LATCHED","TURN_LEFT","92","71","94","31","79","22"
"safe.txt","safe","1","1010","2180","TURN_LEFT_LATCHED","TURN_LEFT","93","69","95","32","76","24"
"safe.txt","safe","1","1033","2210","TURN_LEFT_LATCHED","TURN_LEFT","87","73","85","44","71","48"
"safe.txt","safe","1","1056","2238","TURN_LEFT_LATCHED","TURN_LEFT","75","77","90","72","68","39"
"safe.txt","safe","1","1065","2250","RECOVERY","STOP","70","83","94","85","59","30"
"safe.txt","safe","1","1072","2256","SAFE","FORWARD","68","80","92","83","57","30"
"safe.txt","safe","1","1083","2270","CAUTION","STOP","71","76","94","79","68","30"
"safe.txt","safe","1","1086","2273","TURN_LEFT_LATCHED","TURN_LEFT","73","71","93","78","75","31"
"safe.txt","safe","1","1109","2302","TURN_LEFT_LATCHED","TURN_LEFT","96","73","94","23","74","25"
"safe.txt","safe","1","1132","2331","TURN_LEFT_LATCHED","TURN_LEFT","93","76","97","29","73","21"
"safe.txt","safe","1","1155","2359","TURN_LEFT_LATCHED","TURN_LEFT","94","75","95","23","70","18"
"safe.txt","safe","1","1176","2388","TURN_LEFT_LATCHED","TURN_LEFT","94","74","95","24","72","18"
"safe.txt","safe","1","1199","2417","TURN_LEFT_LATCHED","TURN_LEFT","94","74","95","24","72","19"
"safe.txt","safe","1","1222","2446","TURN_LEFT_LATCHED","TURN_LEFT","93","74","95","24","72","18"
"safe.txt","safe","1","1245","2475","TURN_LEFT_LATCHED","TURN_LEFT","94","74","95","24","72","19"
"两太阳能板过度.txt","两太阳能板过度","1","11","1015","SAFE","FORWARD","91","90","93","38","44","38"
"两太阳能板过度.txt","两太阳能板过度","1","34","1043","SAFE","FORWARD","91","90","93","38","44","38"
"两太阳能板过度.txt","两太阳能板过度","1","57","1073","SAFE","FORWARD","92","90","93","38","43","37"
"两太阳能板过度.txt","两太阳能板过度","1","79","1101","SAFE","FORWARD","92","89","92","38","43","38"
"两太阳能板过度.txt","两太阳能板过度","1","101","1130","SAFE","FORWARD","94","93","91","39","42","41"
"两太阳能板过度.txt","两太阳能板过度","1","124","1159","SAFE","FORWARD","92","91","93","40","43","38"
"两太阳能板过度.txt","两太阳能板过度","1","148","1188","SAFE","FORWARD","88","89","91","45","46","39"
"两太阳能板过度.txt","两太阳能板过度","1","171","1217","SAFE","FORWARD","92","91","90","40","43","41"
"两太阳能板过度.txt","两太阳能板过度","1","194","1246","SAFE","FORWARD","92","89","91","42","45","40"
"两太阳能板过度.txt","两太阳能板过度","1","216","1275","SAFE","FORWARD","91","88","91","43","47","41"
"两太阳能板过度.txt","两太阳能板过度","1","238","1303","SAFE","FORWARD","90","88","89","44","47","45"
"两太阳能板过度.txt","两太阳能板过度","1","261","1332","SAFE","FORWARD","89","88","90","46","49","42"
"两太阳能板过度.txt","两太阳能板过度","1","284","1361","SAFE","FORWARD","89","88","89","48","52","44"
"两太阳能板过度.txt","两太阳能板过度","1","307","1390","SAFE","FORWARD","89","87","87","50","52","50"
"两太阳能板过度.txt","两太阳能板过度","1","328","1416","CAUTION","STOP","73","76","88","90","82","55"
"两太阳能板过度.txt","两太阳能板过度","1","331","1419","TURN_LEFT_LATCHED","TURN_LEFT","65","68","84","108","99","63"
"两太阳能板过度.txt","两太阳能板过度","1","353","1448","TURN_LEFT_LATCHED","TURN_LEFT","12","15","33","226","223","183"
"两太阳能板过度.txt","两太阳能板过度","1","375","1476","TURN_LEFT_LATCHED","TURN_LEFT","0","0","0","243","243","248"
"两太阳能板过度.txt","两太阳能板过度","1","398","1505","TURN_LEFT_LATCHED","TURN_LEFT","34","25","6","176","196","237"
"两太阳能板过度.txt","两太阳能板过度","1","417","1528","RECOVERY","STOP","88","80","59","55","73","119"
"两太阳能板过度.txt","两太阳能板过度","1","422","1534","SAFE","FORWARD","88","86","71","49","59","92"
"两太阳能板过度.txt","两太阳能板过度","1","445","1563","SAFE","FORWARD","91","90","90","41","47","47"
"两太阳能板过度.txt","两太阳能板过度","1","468","1592","SAFE","FORWARD","95","93","90","34","41","40"
"两太阳能板过度.txt","两太阳能板过度","1","490","1621","SAFE","FORWARD","90","97","93","41","30","34"
"两太阳能板过度.txt","两太阳能板过度","1","512","1649","SAFE","FORWARD","92","98","93","40","29","36"
"两太阳能板过度.txt","两太阳能板过度","1","535","1678","SAFE","FORWARD","90","97","93","41","28","35"
"两太阳能板过度.txt","两太阳能板过度","1","558","1707","SAFE","FORWARD","93","93","94","37","38","32"
"两太阳能板过度.txt","两太阳能板过度","1","581","1737","SAFE","FORWARD","93","93","95","38","40","32"
"两太阳能板过度.txt","两太阳能板过度","1","604","1765","SAFE","FORWARD","93","94","93","37","38","32"
"两太阳能板过度.txt","两太阳能板过度","1","623","1791","CAUTION","STOP","71","71","90","86","83","41"
"两太阳能板过度.txt","两太阳能板过度","1","627","1794","TURN_LEFT_LATCHED","TURN_LEFT","69","67","82","92","96","56"
"两太阳能板过度.txt","两太阳能板过度","1","641","1812","RECOVERY","STOP","87","87","76","49","58","78"
"两太阳能板过度.txt","两太阳能板过度","1","646","1817","SAFE","FORWARD","88","87","85","50","51","55"
"两太阳能板过度.txt","两太阳能板过度","1","669","1846","SAFE","FORWARD","93","94","93","41","41","38"
"两太阳能板过度.txt","两太阳能板过度","1","692","1875","SAFE","FORWARD","91","91","90","38","40","36"
"两太阳能板过度.txt","两太阳能板过度","1","715","1903","SAFE","FORWARD","92","91","89","38","41","35"
"两太阳能板过度.txt","两太阳能板过度","1","737","1933","SAFE","FORWARD","92","91","89","39","41","36"
"两太阳能板过度.txt","两太阳能板过度","1","759","1962","SAFE","FORWARD","92","91","90","38","41","35"
"两太阳能板过度.txt","两太阳能板过度","1","782","1990","SAFE","FORWARD","92","91","90","38","41","36"
"两太阳能板过度.txt","两太阳能板过度","1","805","2019","SAFE","FORWARD","92","91","89","38","41","36"
"两太阳能板过度.txt","两太阳能板过度","1","828","2047","SAFE","FORWARD","92","91","89","38","41","36"
"两太阳能板带角度过度.txt","两太阳能板带角度过度","1","1","637","SAFE","FORWARD","94","92","93","32","37","29"
"两太阳能板带角度过度.txt","两太阳能板带角度过度","1","24","666","SAFE","FORWARD","94","92","93","32","36","30"
"两太阳能板带角度过度.txt","两太阳能板带角度过度","1","47","694","SAFE","FORWARD","93","92","93","33","33","28"
"两太阳能板带角度过度.txt","两太阳能板带角度过度","1","69","724","SAFE","FORWARD","95","93","95","34","33","28"
"两太阳能板带角度过度.txt","两太阳能板带角度过度","1","91","752","SAFE","FORWARD","95","93","94","35","35","28"
"两太阳能板带角度过度.txt","两太阳能板带角度过度","1","114","781","SAFE","FORWARD","94","93","94","37","36","31"
"两太阳能板带角度过度.txt","两太阳能板带角度过度","1","137","810","SAFE","FORWARD","93","92","93","37","38","31"
"两太阳能板带角度过度.txt","两太阳能板带角度过度","1","160","839","SAFE","FORWARD","94","92","93","38","40","34"
"两太阳能板带角度过度.txt","两太阳能板带角度过度","1","183","868","SAFE","FORWARD","92","90","90","40","42","36"
"两太阳能板带角度过度.txt","两太阳能板带角度过度","1","205","896","SAFE","FORWARD","91","89","87","41","41","47"
"两太阳能板带角度过度.txt","两太阳能板带角度过度","1","227","926","SAFE","FORWARD","91","92","51","42","40","135"
"两太阳能板带角度过度.txt","两太阳能板带角度过度","1","242","943","CAUTION","STOP","91","74","19","43","84","208"
"两太阳能板带角度过度.txt","两太阳能板带角度过度","1","245","945","TURN_LEFT_LATCHED","TURN_LEFT","90","69","15","43","95","218"
"两太阳能板带角度过度.txt","两太阳能板带角度过度","1","268","975","TURN_LEFT_LATCHED","TURN_LEFT","61","3","0","115","237","246"
"两太阳能板带角度过度.txt","两太阳能板带角度过度","1","291","1003","TURN_LEFT_LATCHED","TURN_LEFT","6","2","39","233","239","162"
"两太阳能板带角度过度.txt","两太阳能板带角度过度","1","312","1032","TURN_LEFT_LATCHED","TURN_LEFT","6","57","87","231","123","46"
"两太阳能板带角度过度.txt","两太阳能板带角度过度","1","327","1050","RECOVERY","STOP","29","81","91","185","66","38"
"两太阳能板带角度过度.txt","两太阳能板带角度过度","1","332","1055","SAFE","FORWARD","44","87","92","156","54","36"
"两太阳能板带角度过度.txt","两太阳能板带角度过度","1","355","1084","SAFE","FORWARD","87","91","91","58","42","34"
"两太阳能板带角度过度.txt","两太阳能板带角度过度","1","378","1113","SAFE","FORWARD","93","93","93","39","38","29"
"两太阳能板带角度过度.txt","两太阳能板带角度过度","1","401","1142","SAFE","FORWARD","93","95","94","35","31","28"
"两太阳能板带角度过度.txt","两太阳能板带角度过度","1","422","1171","SAFE","FORWARD","95","92","94","34","38","32"
"两太阳能板带角度过度.txt","两太阳能板带角度过度","1","445","1200","SAFE","FORWARD","94","93","92","35","36","32"
"两太阳能板带角度过度.txt","两太阳能板带角度过度","1","468","1229","SAFE","FORWARD","93","93","94","38","37","32"
"两太阳能板带角度过度.txt","两太阳能板带角度过度","1","491","1258","SAFE","FORWARD","93","92","90","38","40","37"
"两太阳能板带角度过度.txt","两太阳能板带角度过度","1","514","1286","SAFE","FORWARD","89","82","72","40","57","82"
"两太阳能板带角度过度.txt","两太阳能板带角度过度","1","537","1315","SAFE","FORWARD","89","82","72","39","56","86"
"两太阳能板带角度过度.txt","两太阳能板带角度过度","1","558","1343","SAFE","FORWARD","89","83","72","40","56","86"
"两太阳能板带角度过度.txt","两太阳能板带角度过度","1","581","1372","SAFE","FORWARD","89","83","72","39","56","86"
"两太阳能板带角度过度.txt","两太阳能板带角度过度","1","604","1401","SAFE","FORWARD","89","83","72","40","56","86"
"两太阳能板带角度过度.txt","两太阳能板带角度过度","1","627","1430","SAFE","FORWARD","89","83","72","40","56","86"
"两太阳能板带角度过度.txt","两太阳能板带角度过度","1","650","1459","SAFE","FORWARD","89","83","72","39","56","86"
"两太阳能板带角度过度.txt","两太阳能板带角度过度","1","673","1489","SAFE","FORWARD","89","83","72","39","56","86"
"两太阳能板带角度过度.txt","两太阳能板带角度过度","1","694","1517","SAFE","FORWARD","89","83","72","40","56","86"
"两太阳能板带角度过度.txt","两太阳能板带角度过度","1","717","1545","SAFE","FORWARD","89","83","72","40","56","87"
"太阳能板直角边源.txt","太阳能板直角边源","1","4","823","TURN_LEFT_LATCHED","TURN_LEFT","0","23","88","189","198","65"
"太阳能板直角边源.txt","太阳能板直角边源","1","27","847","TURN_LEFT_LATCHED","TURN_LEFT","2","14","85","180","218","73"
"太阳能板直角边源.txt","太阳能板直角边源","1","50","874","TURN_LEFT_LATCHED","TURN_LEFT","2","15","85","180","217","72"
"太阳能板直角边源.txt","太阳能板直角边源","1","71","901","TURN_LEFT_LATCHED","TURN_LEFT","2","15","85","179","217","72"
"太阳能板直角边源.txt","太阳能板直角边源","1","94","930","TURN_LEFT_LATCHED","TURN_LEFT","2","14","85","178","218","72"
"太阳能板直角边源.txt","太阳能板直角边源","1","117","955","TURN_LEFT_LATCHED","TURN_LEFT","3","15","85","177","216","71"
"太阳能板直角边源.txt","太阳能板直角边源","1","140","984","TURN_LEFT_LATCHED","TURN_LEFT","8","16","86","174","215","70"
"太阳能板直角边源.txt","太阳能板直角边源","1","163","1012","TURN_LEFT_LATCHED","TURN_LEFT","8","16","86","173","215","70"
"太阳能板直角边源.txt","太阳能板直角边源","1","186","1042","TURN_LEFT_LATCHED","TURN_LEFT","9","16","86","173","215","70"
"太阳能板直角边源.txt","太阳能板直角边源","1","207","1062","TURN_LEFT_LATCHED","TURN_LEFT","9","16","86","172","215","70"
"太阳能板直角边源.txt","太阳能板直角边源","1","230","1092","TURN_LEFT_LATCHED","TURN_LEFT","9","16","85","171","216","70"
"太阳能板直角边源.txt","太阳能板直角边源","2","247","492","UNARMED","STOP","96","76","84","21","68","46"
"太阳能板直角边源.txt","太阳能板直角边源","2","269","521","UNARMED","STOP","96","80","96","26","71","22"
"太阳能板直角边源.txt","太阳能板直角边源","2","291","550","UNARMED","STOP","94","76","96","29","75","19"
"太阳能板直角边源.txt","太阳能板直角边源","2","314","579","UNARMED","STOP","92","74","95","31","76","20"
"太阳能板直角边源.txt","太阳能板直角边源","2","337","609","UNARMED","STOP","93","75","96","29","75","21"
"太阳能板直角边源.txt","太阳能板直角边源","2","360","637","UNARMED","STOP","96","72","93","22","82","32"
"太阳能板直角边源.txt","太阳能板直角边源","2","383","666","UNARMED","STOP","96","72","91","19","75","46"
"太阳能板直角边源.txt","太阳能板直角边源","2","394","680","SAFE","FORWARD","87","86","81","42","48","60"
"太阳能板直角边源.txt","太阳能板直角边源","2","417","709","SAFE","FORWARD","94","91","59","25","44","109"
"太阳能板直角边源.txt","太阳能板直角边源","2","440","738","SAFE","FORWARD","97","84","60","11","50","100"
"太阳能板直角边源.txt","太阳能板直角边源","2","449","749","CAUTION","STOP","100","77","90","36","68","59"
"太阳能板直角边源.txt","太阳能板直角边源","2","452","753","SAFE","FORWARD","100","86","100","25","79","37"
"太阳能板直角边源.txt","太阳能板直角边源","2","455","755","CAUTION","STOP","95","76","96","31","75","26"
"太阳能板直角边源.txt","太阳能板直角边源","2","458","758","TURN_LEFT_LATCHED","TURN_LEFT","92","75","95","33","72","23"
"太阳能板直角边源.txt","太阳能板直角边源","2","481","787","TURN_LEFT_LATCHED","TURN_LEFT","91","75","94","32","71","23"
"太阳能板直角边源.txt","太阳能板直角边源","2","504","816","TURN_LEFT_LATCHED","TURN_LEFT","91","75","94","32","71","23"
"太阳能板直角边源.txt","太阳能板直角边源","2","527","844","TURN_LEFT_LATCHED","TURN_LEFT","91","75","94","32","71","22"
"太阳能板直角边源.txt","太阳能板直角边源","2","550","873","TURN_LEFT_LATCHED","TURN_LEFT","91","75","94","32","71","23"
"太阳能板直角边源.txt","太阳能板直角边源","2","572","903","TURN_LEFT_LATCHED","TURN_LEFT","91","75","94","31","70","22"
"太阳能板直角边源.txt","太阳能板直角边源","2","594","931","TURN_LEFT_LATCHED","TURN_LEFT","91","75","94","31","70","22"
"太阳能板直角边源.txt","太阳能板直角边源","2","618","961","TURN_LEFT_LATCHED","TURN_LEFT","92","75","94","31","70","22"
"太阳能板直角边源.txt","太阳能板直角边源","2","641","989","TURN_LEFT_LATCHED","TURN_LEFT","91","75","94","31","70","22"
"太阳能板直角边源.txt","太阳能板直角边源","2","664","1018","TURN_LEFT_LATCHED","TURN_LEFT","92","75","94","31","70","22"
"太阳能板直角边源.txt","太阳能板直角边源","2","687","1047","TURN_LEFT_LATCHED","TURN_LEFT","92","75","94","30","70","22"
"太阳能板直角边源.txt","太阳能板直角边源","2","709","1076","TURN_LEFT_LATCHED","TURN_LEFT","92","75","94","31","71","22"
"太阳能板直角边源.txt","太阳能板直角边源","2","731","1104","TURN_LEFT_LATCHED","TURN_LEFT","92","75","95","31","70","22"
"太阳能板直角边源.txt","太阳能板直角边源","2","754","1133","TURN_LEFT_LATCHED","TURN_LEFT","92","75","94","31","70","22"
"太阳能板直角边源.txt","太阳能板直角边源","2","777","1162","TURN_LEFT_LATCHED","TURN_LEFT","91","75","94","31","70","22"
"太阳能板直角边源.txt","太阳能板直角边源","2","800","1191","TURN_LEFT_LATCHED","TURN_LEFT","92","75","94","30","70","22"
"太阳能板直角边源.txt","太阳能板直角边源","2","823","1219","TURN_LEFT_LATCHED","TURN_LEFT","92","75","94","30","70","22"
"太阳能板直角边源.txt","太阳能板直角边源","2","845","1248","TURN_LEFT_LATCHED","TURN_LEFT","92","75","94","30","70","22"
"太阳能板直角边源.txt","太阳能板直角边源","2","867","1278","TURN_LEFT_LATCHED","TURN_LEFT","92","75","94","30","70","22"
"太阳能板直角边源.txt","太阳能板直角边源","2","890","1307","TURN_LEFT_LATCHED","TURN_LEFT","92","75","94","31","70","22"
"太阳能板直角边源.txt","太阳能板直角边源","2","913","1335","TURN_LEFT_LATCHED","TURN_LEFT","92","75","94","30","70","22"
"太阳能板直角边源.txt","太阳能板直角边源","2","936","1364","TURN_LEFT_LATCHED","TURN_LEFT","92","75","94","31","71","22"
"太阳能板直角边源.txt","太阳能板直角边源","2","959","1393","TURN_LEFT_LATCHED","TURN_LEFT","95","79","96","26","71","19"
"太阳能板直角边源.txt","太阳能板直角边源","2","981","1421","RECOVERY","STOP","96","80","96","27","68","24"
"太阳能板直角边源.txt","太阳能板直角边源","2","987","1427","SAFE","FORWARD","96","81","96","21","62","18"
"太阳能板直角边源.txt","太阳能板直角边源","2","992","1433","CAUTION","STOP","96","79","96","25","66","22"
"太阳能板直角边源.txt","太阳能板直角边源","2","995","1436","SAFE","FORWARD","96","80","96","22","66","20"
"太阳能板直角边源.txt","太阳能板直角边源","2","1018","1465","SAFE","FORWARD","96","83","96","20","53","17"
"太阳能板直角边源.txt","太阳能板直角边源","2","1041","1493","SAFE","FORWARD","96","83","96","20","56","16"
"太阳能板直角边源.txt","太阳能板直角边源","2","1062","1523","SAFE","FORWARD","95","82","96","22","60","20"
"太阳能板直角边源.txt","太阳能板直角边源","2","1079","1543","CAUTION","STOP","92","78","96","32","65","21"
"太阳能板直角边源.txt","太阳能板直角边源","2","1082","1546","TURN_LEFT_LATCHED","TURN_LEFT","84","67","93","50","84","25"
"太阳能板直角边源.txt","太阳能板直角边源","2","1105","1575","TURN_LEFT_LATCHED","TURN_LEFT","92","76","96","29","70","20"
"太阳能板直角边源.txt","太阳能板直角边源","2","1128","1603","TURN_LEFT_LATCHED","TURN_LEFT","93","75","96","28","73","18"
"太阳能板直角边源.txt","太阳能板直角边源","2","1151","1632","TURN_LEFT_LATCHED","TURN_LEFT","94","73","96","26","77","18"
"太阳能板直角边源.txt","太阳能板直角边源","2","1172","1661","TURN_LEFT_LATCHED","TURN_LEFT","96","65","96","25","92","18"
"太阳能板直角边源.txt","太阳能板直角边源","2","1195","1690","TURN_LEFT_LATCHED","TURN_LEFT","97","75","92","19","75","27"
"太阳能板直角边源.txt","太阳能板直角边源","2","1218","1719","TURN_LEFT_LATCHED","TURN_LEFT","96","74","89","20","76","32"
"太阳能板直角边源.txt","太阳能板直角边源","2","1241","1748","TURN_LEFT_LATCHED","TURN_LEFT","96","73","90","20","76","32"
"太阳能板直角边源.txt","太阳能板直角边源","2","1264","1776","TURN_LEFT_LATCHED","TURN_LEFT","97","75","93","20","78","30"
"太阳能板直角边源.txt","太阳能板直角边源","2","1287","1805","TURN_LEFT_LATCHED","TURN_LEFT","95","67","95","27","90","17"
"太阳能板直角边源.txt","太阳能板直角边源","2","1308","1834","TURN_LEFT_LATCHED","TURN_LEFT","91","69","95","34","82","17"
"太阳能板直角边源.txt","太阳能板直角边源","2","1331","1864","TURN_LEFT_LATCHED","TURN_LEFT","95","72","95","23","71","18"
"太阳能板直角边源.txt","太阳能板直角边源","2","1354","1892","TURN_LEFT_LATCHED","TURN_LEFT","96","77","96","22","67","18"
"太阳能板直角边源.txt","太阳能板直角边源","2","1377","1921","TURN_LEFT_LATCHED","TURN_LEFT","96","77","95","21","68","18"
"太阳能板直角边源.txt","太阳能板直角边源","2","1400","1950","TURN_LEFT_LATCHED","TURN_LEFT","96","77","95","21","68","18"
"太阳能板直角边源.txt","太阳能板直角边源","2","1424","1979","TURN_LEFT_LATCHED","TURN_LEFT","94","72","94","23","75","26"
"太阳能板直角边源.txt","太阳能板直角边源","2","1445","2007","TURN_LEFT_LATCHED","TURN_LEFT","96","73","87","21","68","44"
"太阳能板直角边源.txt","太阳能板直角边源","2","1468","2037","TURN_LEFT_LATCHED","TURN_LEFT","96","73","85","16","68","50"
"太阳能板直角边源.txt","太阳能板直角边源","2","1491","2066","TURN_LEFT_LATCHED","TURN_LEFT","96","72","94","21","79","34"
"太阳能板直角边源.txt","太阳能板直角边源","2","1514","2093","TURN_LEFT_LATCHED","TURN_LEFT","95","74","91","19","73","28"
"太阳能板直角边源.txt","太阳能板直角边源","2","1537","2123","TURN_LEFT_LATCHED","TURN_LEFT","96","74","95","23","72","23"
"太阳能板直角边源.txt","太阳能板直角边源","2","1560","2151","TURN_LEFT_LATCHED","TURN_LEFT","92","71","94","31","79","22"
"太阳能板直角边源.txt","太阳能板直角边源","2","1581","2180","TURN_LEFT_LATCHED","TURN_LEFT","93","69","95","32","76","24"
"太阳能板直角边源.txt","太阳能板直角边源","2","1604","2210","TURN_LEFT_LATCHED","TURN_LEFT","87","73","85","44","71","48"
"太阳能板直角边源.txt","太阳能板直角边源","2","1627","2238","TURN_LEFT_LATCHED","TURN_LEFT","75","77","90","72","68","39"
"太阳能板直角边源.txt","太阳能板直角边源","2","1636","2250","RECOVERY","STOP","70","83","94","85","59","30"
"太阳能板直角边源.txt","太阳能板直角边源","2","1643","2256","SAFE","FORWARD","68","80","92","83","57","30"
"太阳能板直角边源.txt","太阳能板直角边源","2","1654","2270","CAUTION","STOP","71","76","94","79","68","30"
"太阳能板直角边源.txt","太阳能板直角边源","2","1657","2273","TURN_LEFT_LATCHED","TURN_LEFT","73","71","93","78","75","31"
"太阳能板直角边源.txt","太阳能板直角边源","2","1680","2302","TURN_LEFT_LATCHED","TURN_LEFT","96","73","94","23","74","25"
"太阳能板直角边源.txt","太阳能板直角边源","2","1703","2331","TURN_LEFT_LATCHED","TURN_LEFT","93","76","97","29","73","21"
"太阳能板直角边源.txt","太阳能板直角边源","2","1726","2359","TURN_LEFT_LATCHED","TURN_LEFT","94","75","95","23","70","18"
"太阳能板直角边源.txt","太阳能板直角边源","2","1747","2388","TURN_LEFT_LATCHED","TURN_LEFT","94","74","95","24","72","18"
"太阳能板直角边源.txt","太阳能板直角边源","2","1770","2417","TURN_LEFT_LATCHED","TURN_LEFT","94","74","95","24","72","19"
"太阳能板直角边源.txt","太阳能板直角边源","2","1793","2446","TURN_LEFT_LATCHED","TURN_LEFT","93","74","95","24","72","18"
"太阳能板直角边源.txt","太阳能板直角边源","2","1816","2475","TURN_LEFT_LATCHED","TURN_LEFT","94","74","95","24","72","19"
"太阳能板直角边源.txt","太阳能板直角边源","3","1825","3","UNARMED","STOP","94","92","83","33","48","69"
"太阳能板直角边源.txt","太阳能板直角边源","3","1831","8","SAFE","FORWARD","94","91","82","33","48","71"
"太阳能板直角边源.txt","太阳能板直角边源","3","1835","37","SAFE","FORWARD","94","91","82","36","50","73"
"太阳能板直角边源.txt","太阳能板直角边源","3","1836","66","SAFE","FORWARD","94","91","82","36","50","73"
"太阳能板直角边源.txt","太阳能板直角边源","3","1841","152","SAFE","FORWARD","94","91","82","36","51","74"
"太阳能板直角边源.txt","太阳能板直角边源","3","1863","182","SAFE","FORWARD","94","91","82","36","51","74"
"太阳能板直角边源.txt","太阳能板直角边源","3","1886","209","SAFE","FORWARD","94","91","82","36","51","74"
"太阳能板直角边源.txt","太阳能板直角边源","3","1907","239","SAFE","FORWARD","94","91","82","36","51","74"
"太阳能板直角边源.txt","太阳能板直角边源","3","1930","267","SAFE","FORWARD","94","91","82","37","52","74"
"太阳能板直角边源.txt","太阳能板直角边源","3","1953","297","SAFE","FORWARD","94","91","82","35","51","74"
"太阳能板直角边源.txt","太阳能板直角边源","3","1976","326","SAFE","FORWARD","94","91","82","33","50","74"
"太阳能板直角边源.txt","太阳能板直角边源","3","1999","355","SAFE","FORWARD","96","90","83","30","52","73"
"太阳能板直角边源.txt","太阳能板直角边源","3","2022","383","SAFE","FORWARD","93","90","93","40","53","51"
"太阳能板直角边源.txt","太阳能板直角边源","3","2043","412","SAFE","FORWARD","89","93","89","50","50","65"
"太阳能板直角边源.txt","太阳能板直角边源","3","2066","441","SAFE","FORWARD","87","92","74","54","52","92"
"太阳能板直角边源.txt","太阳能板直角边源","3","2089","470","SAFE","FORWARD","84","92","43","60","51","154"
"太阳能板直角边源.txt","太阳能板直角边源","3","2112","498","SAFE","FORWARD","83","91","16","64","55","207"
"太阳能板直角边源.txt","太阳能板直角边源","3","2135","528","SAFE","FORWARD","84","89","6","70","63","220"
"太阳能板直角边源.txt","太阳能板直角边源","3","2158","556","CAUTION","STOP","66","75","37","113","87","171"
"太阳能板直角边源.txt","太阳能板直角边源","3","2161","559","TURN_LEFT_LATCHED","TURN_LEFT","63","77","50","122","89","146"
"太阳能板直角边源.txt","太阳能板直角边源","3","2183","588","TURN_LEFT_LATCHED","TURN_LEFT","29","72","80","193","93","86"
"太阳能板直角边源.txt","太阳能板直角边源","3","2205","617","TURN_LEFT_LATCHED","TURN_LEFT","27","60","83","198","129","74"
"太阳能板直角边源.txt","太阳能板直角边源","3","2228","645","TURN_LEFT_LATCHED","TURN_LEFT","58","19","82","139","213","86"
"太阳能板直角边源.txt","太阳能板直角边源","3","2251","675","TURN_LEFT_LATCHED","TURN_LEFT","74","22","43","101","205","167"
"太阳能板直角边源.txt","太阳能板直角边源","3","2274","703","TURN_LEFT_LATCHED","TURN_LEFT","83","57","17","88","132","216"
"太阳能板直角边源.txt","太阳能板直角边源","3","2297","733","TURN_LEFT_LATCHED","TURN_LEFT","82","69","44","91","105","160"
"太阳能板直角边源.txt","太阳能板直角边源","3","2319","761","TURN_LEFT_LATCHED","TURN_LEFT","70","69","57","116","105","132"
"太阳能板直角边源.txt","太阳能板直角边源","3","2341","790","TURN_LEFT_LATCHED","TURN_LEFT","70","69","58","118","106","131"
"太阳能板直角边源.txt","太阳能板直角边源","3","2364","819","TURN_LEFT_LATCHED","TURN_LEFT","70","69","57","117","106","132"
"太阳能板直角边源.txt","太阳能板直角边源","3","2387","848","TURN_LEFT_LATCHED","TURN_LEFT","70","69","58","117","105","130"
"太阳能板直角边源.txt","太阳能板直角边源","3","2410","876","TURN_LEFT_LATCHED","TURN_LEFT","71","72","60","116","103","128"
"太阳能板直角边源.txt","太阳能板直角边源","3","2433","905","TURN_LEFT_LATCHED","TURN_LEFT","71","77","72","116","89","100"
"太阳能板直角边源.txt","太阳能板直角边源","3","2436","909","RECOVERY","STOP","70","81","78","117","83","88"
"太阳能板直角边源.txt","太阳能板直角边源","3","2441","914","SAFE","FORWARD","70","83","81","118","81","80"
"太阳能板直角边源.txt","太阳能板直角边源","3","2448","922","CAUTION","STOP","66","79","73","124","88","96"
"太阳能板直角边源.txt","太阳能板直角边源","3","2451","925","TURN_LEFT_LATCHED","TURN_LEFT","65","77","71","128","91","104"
"太阳能板直角边源.txt","太阳能板直角边源","3","2475","954","TURN_LEFT_LATCHED","TURN_LEFT","65","78","68","126","89","106"
"太阳能板直角边源.txt","太阳能板直角边源","3","2498","983","TURN_LEFT_LATCHED","TURN_LEFT","63","77","68","130","90","105"
"太阳能板直角边源.txt","太阳能板直角边源","3","2521","1012","TURN_LEFT_LATCHED","TURN_LEFT","33","23","67","181","208","118"
"太阳能板直角边源.txt","太阳能板直角边源","3","2544","1041","TURN_LEFT_LATCHED","TURN_LEFT","87","39","23","58","160","208"
"太阳能板直角边源.txt","太阳能板直角边源","3","2565","1070","TURN_LEFT_LATCHED","TURN_LEFT","77","79","39","75","79","168"
"太阳能板直角边源.txt","太阳能板直角边源","3","2569","1073","RECOVERY","STOP","76","81","46","77","77","154"
"太阳能板直角边源.txt","太阳能板直角边源","3","2575","1079","SAFE","FORWARD","74","82","58","82","73","128"
"太阳能板直角边源.txt","太阳能板直角边源","3","2597","1108","SAFE","FORWARD","96","89","87","36","57","58"
"太阳能板直角边源.txt","太阳能板直角边源","3","2619","1136","SAFE","FORWARD","54","89","92","117","55","45"
"太阳能板直角边源.txt","太阳能板直角边源","3","2642","1165","SAFE","FORWARD","90","93","91","57","44","44"
"太阳能板直角边源.txt","太阳能板直角边源","3","2665","1193","SAFE","FORWARD","85","91","96","62","52","34"
"太阳能板直角边源.txt","太阳能板直角边源","3","2688","1222","SAFE","FORWARD","86","92","93","60","47","36"
"太阳能板直角边源.txt","太阳能板直角边源","3","2711","1251","SAFE","FORWARD","86","92","92","60","49","42"
"太阳能板直角边源.txt","太阳能板直角边源","3","2733","1281","SAFE","FORWARD","86","92","92","61","50","43"
"太阳能板直角边源.txt","太阳能板直角边源","3","2755","1309","SAFE","FORWARD","86","92","92","60","49","42"
"太阳能板直角边源.txt","太阳能板直角边源","4","2779","1338","SAFE","FORWARD","86","92","92","61","50","43"
"太阳能板直角边源.txt","太阳能板直角边源","4","2783","1367","SAFE","FORWARD","86","92","92","60","49","43"
"太阳能板直角边源.txt","太阳能板直角边源","4","2790","3990","TURN_LEFT_LATCHED","TURN_LEFT","19","20","35","217","216","181"
"太阳能板直角边源.txt","太阳能板直角边源","4","2813","4018","TURN_LEFT_LATCHED","TURN_LEFT","19","20","35","217","215","179"
"太阳能板直角边源.txt","太阳能板直角边源","4","2836","4047","TURN_LEFT_LATCHED","TURN_LEFT","19","20","35","217","215","178"
"太阳能板直角边源.txt","太阳能板直角边源","4","2859","4076","TURN_LEFT_LATCHED","TURN_LEFT","19","20","35","216","213","176"
"太阳能板直角边源.txt","太阳能板直角边源","4","2882","4105","TURN_LEFT_LATCHED","TURN_LEFT","18","19","35","217","214","177"
"太阳能板直角边源.txt","太阳能板直角边源","5","2900","3","UNARMED","STOP","18","19","35","215","210","173"
"太阳能板直角边源.txt","太阳能板直角边源","5","2922","31","UNARMED","STOP","18","19","35","218","216","178"
"太阳能板直角边源.txt","太阳能板直角边源","5","2945","60","UNARMED","STOP","18","19","35","218","216","182"
"太阳能板直角边源.txt","太阳能板直角边源","5","2968","89","UNARMED","STOP","18","19","35","218","216","182"
"太阳能板直角边源.txt","太阳能板直角边源","5","2991","118","UNARMED","STOP","18","19","35","218","216","181"
"太阳能板直角边源.txt","太阳能板直角边源","5","3014","147","UNARMED","STOP","18","19","35","218","216","182"
"太阳能板直角边源.txt","太阳能板直角边源","5","3036","176","UNARMED","STOP","18","19","35","218","217","182"
"太阳能板直角边源.txt","太阳能板直角边源","5","3058","204","UNARMED","STOP","18","19","35","218","217","182"
"太阳能板直角边源.txt","太阳能板直角边源","5","3081","233","UNARMED","STOP","18","19","35","218","217","182"
"太阳能板直角边源.txt","太阳能板直角边源","5","3104","262","UNARMED","STOP","18","19","35","218","217","182"
"太阳能板直角边源.txt","太阳能板直角边源","5","3127","291","UNARMED","STOP","18","19","35","218","216","182"
"太阳能板直角边源.txt","太阳能板直角边源","5","3150","319","UNARMED","STOP","18","19","35","218","217","182"
"太阳能板直角边源.txt","太阳能板直角边源","5","3172","349","UNARMED","STOP","18","19","35","218","217","182"
"太阳能板直角边源.txt","太阳能板直角边源","5","3194","377","UNARMED","STOP","18","19","35","218","217","182"
"太阳能板直角边源.txt","太阳能板直角边源","5","3217","407","UNARMED","STOP","18","19","35","218","217","182"
"太阳能板直角边源.txt","太阳能板直角边源","5","3240","435","UNARMED","STOP","18","19","35","218","217","182"
"太阳能板直角边源.txt","太阳能板直角边源","5","3263","464","UNARMED","STOP","18","19","35","218","217","182"
"太阳能板直角边源.txt","太阳能板直角边源","5","3286","493","UNARMED","STOP","18","19","35","218","217","183"
"太阳能板直角边源.txt","太阳能板直角边源","5","3308","521","UNARMED","STOP","18","19","35","218","217","182"
"太阳能板直角边源.txt","太阳能板直角边源","5","3330","550","UNARMED","STOP","18","19","35","218","217","183"
"太阳能板直角边源.txt","太阳能板直角边源","5","3353","579","UNARMED","STOP","18","19","35","218","217","182"
"太阳能板直角边源.txt","太阳能板直角边源","5","3376","609","UNARMED","STOP","18","19","34","218","216","182"
"太阳能板直角边源.txt","太阳能板直角边源","5","3395","631","SAFE","FORWARD","85","93","100","72","41","5"
"太阳能板直角边源.txt","太阳能板直角边源","5","3417","660","SAFE","FORWARD","86","93","100","58","32","12"
"太阳能板直角边源.txt","太阳能板直角边源","5","3439","689","SAFE","FORWARD","91","86","93","49","64","39"
"太阳能板直角边源.txt","太阳能板直角边源","5","3462","717","SAFE","FORWARD","91","86","93","49","64","42"
"太阳能板直角边源.txt","太阳能板直角边源","5","3485","747","SAFE","FORWARD","91","86","93","48","64","41"
"太阳能板直角边源.txt","太阳能板直角边源","5","3508","775","SAFE","FORWARD","91","86","93","49","64","41"
"太阳能板直角边源.txt","太阳能板直角边源","5","3531","804","SAFE","FORWARD","91","86","93","48","64","40"
"太阳能板直角边源.txt","太阳能板直角边源","5","3553","833","SAFE","FORWARD","91","86","94","47","61","37"
"太阳能板直角边源.txt","太阳能板直角边源","5","3575","862","SAFE","FORWARD","91","86","94","49","60","36"
"太阳能板直角边源.txt","太阳能板直角边源","5","3598","891","SAFE","FORWARD","91","86","94","49","59","37"
"太阳能板直角边源.txt","太阳能板直角边源","5","3621","920","SAFE","FORWARD","91","86","93","48","59","36"
"太阳能板直角边源.txt","太阳能板直角边源","5","3644","949","SAFE","FORWARD","91","86","94","48","58","36"
"太阳能板直角边源.txt","太阳能板直角边源","6","3658","3","UNARMED","STOP","91","86","94","46","58","36"
"太阳能板直角边源.txt","太阳能板直角边源","6","3664","8","SAFE","FORWARD","91","86","94","45","58","36"
"太阳能板直角边源.txt","太阳能板直角边源","6","3686","37","SAFE","FORWARD","91","86","93","46","60","39"
"太阳能板直角边源.txt","太阳能板直角边源","6","3708","66","SAFE","FORWARD","91","86","93","46","61","39"
"太阳能板直角边源.txt","太阳能板直角边源","6","3731","94","SAFE","FORWARD","91","86","93","46","60","39"
"太阳能板直角边源.txt","太阳能板直角边源","6","3754","124","SAFE","FORWARD","91","86","93","46","61","39"
"太阳能板直角边源.txt","太阳能板直角边源","6","3777","153","SAFE","FORWARD","91","86","93","47","61","40"
"太阳能板直角边源.txt","太阳能板直角边源","6","3800","181","SAFE","FORWARD","91","86","93","47","61","39"
"太阳能板直角边源.txt","太阳能板直角边源","6","3822","210","SAFE","FORWARD","91","86","93","47","61","39"
"太阳能板直角边源.txt","太阳能板直角边源","6","3844","239","SAFE","FORWARD","91","86","93","47","62","40"
"太阳能板直角边源.txt","太阳能板直角边源","6","3867","268","SAFE","FORWARD","91","86","94","47","61","38"
"太阳能板直角边源.txt","太阳能板直角边源","6","3890","296","SAFE","FORWARD","91","86","98","47","57","33"
"太阳能板直角边源.txt","太阳能板直角边源","6","3913","326","TURN_LEFT_LATCHED","TURN_LEFT","91","62","16","44","96","177"
"太阳能板直角边源.txt","太阳能板直角边源","6","3918","331","RECOVERY","STOP","91","86","40","45","66","144"
"太阳能板直角边源.txt","太阳能板直角边源","6","3923","337","SAFE","FORWARD","91","86","45","46","57","138"
"太阳能板直角边源.txt","太阳能板直角边源","6","3946","365","SAFE","FORWARD","91","86","94","48","61","38"
"太阳能板直角边源.txt","太阳能板直角边源","6","3969","395","SAFE","FORWARD","91","86","93","48","62","41"
"太阳能板直角边源.txt","太阳能板直角边源","6","3992","423","SAFE","FORWARD","91","86","93","48","62","40"
"太阳能板直角边源.txt","太阳能板直角边源","6","4014","452","SAFE","FORWARD","91","86","93","48","62","40"
"太阳能板直角边源.txt","太阳能板直角边源","6","4036","481","SAFE","FORWARD","91","86","93","48","62","41"
"太阳能板直角边源.txt","太阳能板直角边源","6","4059","510","SAFE","FORWARD","91","86","93","48","62","38"
"太阳能板直角边源.txt","太阳能板直角边源","6","4082","539","SAFE","FORWARD","91","86","94","48","60","36"
"太阳能板直角边源.txt","太阳能板直角边源","6","4105","567","SAFE","FORWARD","91","86","94","49","59","36"
"太阳能板直角边源.txt","太阳能板直角边源","6","4128","597","SAFE","FORWARD","90","87","94","49","58","36"
"太阳能板直角边源.txt","太阳能板直角边源","6","4150","625","SAFE","FORWARD","91","86","94","49","60","36"
"太阳能板直角边源.txt","太阳能板直角边源","6","4172","655","SAFE","FORWARD","91","86","94","49","60","37"
"太阳能板直角边源.txt","太阳能板直角边源","6","4195","683","SAFE","FORWARD","91","86","94","50","61","39"
"太阳能板直角边源.txt","太阳能板直角边源","6","4218","712","SAFE","FORWARD","90","87","93","53","62","41"
"太阳能板直角边源.txt","太阳能板直角边源","6","4241","741","CAUTION","STOP","79","75","89","74","83","51"
"太阳能板直角边源.txt","太阳能板直角边源","6","4244","744","TURN_LEFT_LATCHED","TURN_LEFT","77","76","80","83","89","70"
"太阳能板直角边源.txt","太阳能板直角边源","6","4251","753","RECOVERY","STOP","87","89","87","67","65","63"
"太阳能板直角边源.txt","太阳能板直角边源","6","4256","758","SAFE","FORWARD","89","88","93","56","61","44"
"太阳能板直角边源.txt","太阳能板直角边源","6","4279","787","SAFE","FORWARD","92","83","94","49","71","40"
"太阳能板直角边源.txt","太阳能板直角边源","6","4284","793","CAUTION","STOP","81","75","94","69","87","43"
"太阳能板直角边源.txt","太阳能板直角边源","6","4287","796","TURN_LEFT_LATCHED","TURN_LEFT","79","72","90","75","95","50"
"太阳能板直角边源.txt","太阳能板直角边源","6","4310","824","TURN_LEFT_LATCHED","TURN_LEFT","82","76","83","68","85","65"
"太阳能板直角边源.txt","太阳能板直角边源","6","4313","828","RECOVERY","STOP","91","83","87","55","74","58"
"太阳能板直角边源.txt","太阳能板直角边源","6","4319","833","SAFE","FORWARD","91","84","92","52","71","45"
"太阳能板直角边源.txt","太阳能板直角边源","6","4341","862","CAUTION","STOP","76","74","93","89","100","52"
"太阳能板直角边源.txt","太阳能板直角边源","6","4344","865","TURN_LEFT_LATCHED","TURN_LEFT","71","68","89","104","114","60"
"太阳能板直角边源.txt","太阳能板直角边源","6","4367","893","TURN_LEFT_LATCHED","TURN_LEFT","23","22","42","207","211","162"
"太阳能板直角边源.txt","太阳能板直角边源","6","4390","923","TURN_LEFT_LATCHED","TURN_LEFT","8","2","3","234","245","246"
"太阳能板直角边源.txt","太阳能板直角边源","6","4413","951","TURN_LEFT_LATCHED","TURN_LEFT","30","28","9","193","200","227"
"太阳能板直角边源.txt","太阳能板直角边源","6","4436","980","TURN_LEFT_LATCHED","TURN_LEFT","30","25","8","197","204","231"
"太阳能板直角边源.txt","太阳能板直角边源","6","4459","1010","TURN_LEFT_LATCHED","TURN_LEFT","29","25","8","197","204","232"
"太阳能板直角边源.txt","太阳能板直角边源","6","4480","1038","TURN_LEFT_LATCHED","TURN_LEFT","24","24","5","199","206","233"
"太阳能板直角边源.txt","太阳能板直角边源","6","4503","1067","TURN_LEFT_LATCHED","TURN_LEFT","24","24","6","199","206","233"
"太阳能板直角边源.txt","太阳能板直角边源","6","4526","1095","TURN_LEFT_LATCHED","TURN_LEFT","24","24","5","200","207","234"
"太阳能板直角边源.txt","太阳能板直角边源","6","4549","1125","TURN_LEFT_LATCHED","TURN_LEFT","24","24","5","200","207","234"
"太阳能板直角边源.txt","太阳能板直角边源","6","4572","1153","TURN_LEFT_LATCHED","TURN_LEFT","24","24","5","200","207","234"
"太阳能板直角边源.txt","太阳能板直角边源","6","4595","1182","TURN_LEFT_LATCHED","TURN_LEFT","24","23","5","200","207","234"
"太阳能板直角边源.txt","太阳能板直角边源","6","4616","1211","TURN_LEFT_LATCHED","TURN_LEFT","24","24","5","200","207","234"
"太阳能板直角边源.txt","太阳能板直角边源","7","4643","3","UNARMED","STOP","77","64","70","82","116","103"
"太阳能板直角边源.txt","太阳能板直角边源","7","4673","205","UNARMED","STOP","76","63","70","85","120","106"
"太阳能板直角边源.txt","太阳能板直角边源","7","4694","233","UNARMED","STOP","76","63","70","86","120","103"
"太阳能板直角边源.txt","太阳能板直角边源","7","4717","262","UNARMED","STOP","76","63","70","85","121","101"
"太阳能板直角边源.txt","太阳能板直角边源","7","4740","291","UNARMED","STOP","76","63","70","86","121","101"
"太阳能板直角边源.txt","太阳能板直角边源","7","4763","320","UNARMED","STOP","76","63","70","86","121","102"
"太阳能板直角边源.txt","太阳能板直角边源","7","4786","348","UNARMED","STOP","76","63","70","86","121","101"
"太阳能板直角边源.txt","太阳能板直角边源","7","4809","377","UNARMED","STOP","76","63","70","87","121","103"
"太阳能板直角边源.txt","太阳能板直角边源","7","4830","406","UNARMED","STOP","76","63","70","87","121","105"
"太阳能板直角边源.txt","太阳能板直角边源","7","4853","435","UNARMED","STOP","75","63","70","86","121","103"
"太阳能板直角边源.txt","太阳能板直角边源","7","4876","464","UNARMED","STOP","94","87","88","51","67","61"
"太阳能板直角边源.txt","太阳能板直角边源","7","4879","467","SAFE","FORWARD","92","85","87","47","62","54"
"太阳能板直角边源.txt","太阳能板直角边源","7","4902","496","SAFE","FORWARD","93","92","94","35","39","32"
"太阳能板直角边源.txt","太阳能板直角边源","7","4925","524","SAFE","FORWARD","92","90","93","38","44","38"
"太阳能板直角边源.txt","太阳能板直角边源","7","4948","553","SAFE","FORWARD","92","90","93","38","44","39"
"太阳能板直角边源.txt","太阳能板直角边源","7","4970","582","SAFE","FORWARD","92","90","93","38","44","39"
"太阳能板直角边源.txt","太阳能板直角边源","7","4992","611","SAFE","FORWARD","92","90","92","39","45","40"
"太阳能板直角边源.txt","太阳能板直角边源","7","5015","640","SAFE","FORWARD","92","90","92","39","45","40"
"太阳能板直角边源.txt","太阳能板直角边源","7","5038","668","SAFE","FORWARD","92","90","92","39","44","39"
"太阳能板直角边源.txt","太阳能板直角边源","7","5061","698","SAFE","FORWARD","92","90","93","39","44","38"
"太阳能板直角边源.txt","太阳能板直角边源","7","5084","726","SAFE","FORWARD","92","90","93","39","43","38"
"太阳能板直角边源.txt","太阳能板直角边源","7","5106","755","SAFE","FORWARD","92","90","93","39","44","39"
"太阳能板直角边源.txt","太阳能板直角边源","7","5128","784","SAFE","FORWARD","92","90","93","39","45","39"
"太阳能板直角边源.txt","太阳能板直角边源","7","5151","813","SAFE","FORWARD","92","90","92","39","45","39"
"太阳能板直角边源.txt","太阳能板直角边源","7","5174","842","SAFE","FORWARD","91","89","93","39","47","40"
"太阳能板直角边源.txt","太阳能板直角边源","7","5197","871","SAFE","FORWARD","93","90","93","38","44","38"
"太阳能板直角边源.txt","太阳能板直角边源","7","5220","899","SAFE","FORWARD","91","90","93","38","43","38"
"太阳能板直角边源.txt","太阳能板直角边源","7","5242","928","SAFE","FORWARD","91","90","93","38","44","38"
"太阳能板直角边源.txt","太阳能板直角边源","7","5264","957","SAFE","FORWARD","91","90","93","38","44","38"
"太阳能板直角边源.txt","太阳能板直角边源","7","5287","986","SAFE","FORWARD","91","90","93","38","44","38"
"太阳能板直角边源.txt","太阳能板直角边源","7","5310","1015","SAFE","FORWARD","91","90","93","38","44","38"
"太阳能板直角边源.txt","太阳能板直角边源","7","5333","1043","SAFE","FORWARD","91","90","93","38","44","38"
"太阳能板直角边源.txt","太阳能板直角边源","7","5356","1073","SAFE","FORWARD","92","90","93","38","43","37"
"太阳能板直角边源.txt","太阳能板直角边源","7","5378","1101","SAFE","FORWARD","92","89","92","38","43","38"
"太阳能板直角边源.txt","太阳能板直角边源","7","5400","1130","SAFE","FORWARD","94","93","91","39","42","41"
"太阳能板直角边源.txt","太阳能板直角边源","7","5423","1159","SAFE","FORWARD","92","91","93","40","43","38"
"太阳能板直角边源.txt","太阳能板直角边源","7","5447","1188","SAFE","FORWARD","88","89","91","45","46","39"
"太阳能板直角边源.txt","太阳能板直角边源","7","5470","1217","SAFE","FORWARD","92","91","90","40","43","41"
"太阳能板直角边源.txt","太阳能板直角边源","7","5493","1246","SAFE","FORWARD","92","89","91","42","45","40"
"太阳能板直角边源.txt","太阳能板直角边源","7","5515","1275","SAFE","FORWARD","91","88","91","43","47","41"
"太阳能板直角边源.txt","太阳能板直角边源","7","5537","1303","SAFE","FORWARD","90","88","89","44","47","45"
"太阳能板直角边源.txt","太阳能板直角边源","7","5560","1332","SAFE","FORWARD","89","88","90","46","49","42"
"太阳能板直角边源.txt","太阳能板直角边源","7","5583","1361","SAFE","FORWARD","89","88","89","48","52","44"
"太阳能板直角边源.txt","太阳能板直角边源","7","5606","1390","SAFE","FORWARD","89","87","87","50","52","50"
"太阳能板直角边源.txt","太阳能板直角边源","7","5627","1416","CAUTION","STOP","73","76","88","90","82","55"
"太阳能板直角边源.txt","太阳能板直角边源","7","5630","1419","TURN_LEFT_LATCHED","TURN_LEFT","65","68","84","108","99","63"
"太阳能板直角边源.txt","太阳能板直角边源","7","5652","1448","TURN_LEFT_LATCHED","TURN_LEFT","12","15","33","226","223","183"
"太阳能板直角边源.txt","太阳能板直角边源","7","5674","1476","TURN_LEFT_LATCHED","TURN_LEFT","0","0","0","243","243","248"
"太阳能板直角边源.txt","太阳能板直角边源","7","5697","1505","TURN_LEFT_LATCHED","TURN_LEFT","34","25","6","176","196","237"
"太阳能板直角边源.txt","太阳能板直角边源","7","5716","1528","RECOVERY","STOP","88","80","59","55","73","119"
"太阳能板直角边源.txt","太阳能板直角边源","7","5721","1534","SAFE","FORWARD","88","86","71","49","59","92"
"太阳能板直角边源.txt","太阳能板直角边源","7","5744","1563","SAFE","FORWARD","91","90","90","41","47","47"
"太阳能板直角边源.txt","太阳能板直角边源","7","5767","1592","SAFE","FORWARD","95","93","90","34","41","40"
"太阳能板直角边源.txt","太阳能板直角边源","7","5789","1621","SAFE","FORWARD","90","97","93","41","30","34"
"太阳能板直角边源.txt","太阳能板直角边源","7","5811","1649","SAFE","FORWARD","92","98","93","40","29","36"
"太阳能板直角边源.txt","太阳能板直角边源","7","5834","1678","SAFE","FORWARD","90","97","93","41","28","35"
"太阳能板直角边源.txt","太阳能板直角边源","7","5857","1707","SAFE","FORWARD","93","93","94","37","38","32"
"太阳能板直角边源.txt","太阳能板直角边源","7","5880","1737","SAFE","FORWARD","93","93","95","38","40","32"
"太阳能板直角边源.txt","太阳能板直角边源","7","5903","1765","SAFE","FORWARD","93","94","93","37","38","32"
"太阳能板直角边源.txt","太阳能板直角边源","7","5922","1791","CAUTION","STOP","71","71","90","86","83","41"
"太阳能板直角边源.txt","太阳能板直角边源","7","5926","1794","TURN_LEFT_LATCHED","TURN_LEFT","69","67","82","92","96","56"
"太阳能板直角边源.txt","太阳能板直角边源","7","5940","1812","RECOVERY","STOP","87","87","76","49","58","78"
"太阳能板直角边源.txt","太阳能板直角边源","7","5945","1817","SAFE","FORWARD","88","87","85","50","51","55"
"太阳能板直角边源.txt","太阳能板直角边源","7","5968","1846","SAFE","FORWARD","93","94","93","41","41","38"
"太阳能板直角边源.txt","太阳能板直角边源","7","5991","1875","SAFE","FORWARD","91","91","90","38","40","36"
"太阳能板直角边源.txt","太阳能板直角边源","7","6014","1903","SAFE","FORWARD","92","91","89","38","41","35"
"太阳能板直角边源.txt","太阳能板直角边源","7","6036","1933","SAFE","FORWARD","92","91","89","39","41","36"
"太阳能板直角边源.txt","太阳能板直角边源","7","6058","1962","SAFE","FORWARD","92","91","90","38","41","35"
"太阳能板直角边源.txt","太阳能板直角边源","7","6081","1990","SAFE","FORWARD","92","91","90","38","41","36"
"太阳能板直角边源.txt","太阳能板直角边源","7","6104","2019","SAFE","FORWARD","92","91","89","38","41","36"
"太阳能板直角边源.txt","太阳能板直角边源","7","6127","2047","SAFE","FORWARD","92","91","89","38","41","36"
"太阳能板直角边源.txt","太阳能板直角边源","8","6142","3","UNARMED","STOP","93","91","93","30","36","30"
"太阳能板直角边源.txt","太阳能板直角边源","8","6148","8","SAFE","FORWARD","94","91","93","30","36","30"
"太阳能板直角边源.txt","太阳能板直角边源","8","6152","37","SAFE","FORWARD","94","91","93","30","36","30"
"太阳能板直角边源.txt","太阳能板直角边源","8","6153","65","SAFE","FORWARD","93","91","93","30","36","30"
"太阳能板直角边源.txt","太阳能板直角边源","8","6168","94","SAFE","FORWARD","93","91","93","30","36","30"
"太阳能板直角边源.txt","太阳能板直角边源","8","6190","124","SAFE","FORWARD","93","91","93","30","36","30"
"太阳能板直角边源.txt","太阳能板直角边源","8","6213","152","SAFE","FORWARD","93","92","93","31","34","29"
"太阳能板直角边源.txt","太阳能板直角边源","8","6236","181","SAFE","FORWARD","95","94","95","32","34","27"
"太阳能板直角边源.txt","太阳能板直角边源","8","6259","210","SAFE","FORWARD","94","94","94","34","37","29"
"太阳能板直角边源.txt","太阳能板直角边源","8","6281","239","SAFE","FORWARD","93","90","94","36","40","30"
"太阳能板直角边源.txt","太阳能板直角边源","8","6303","268","SAFE","FORWARD","93","91","92","39","41","34"
"太阳能板直角边源.txt","太阳能板直角边源","8","6326","297","SAFE","FORWARD","90","90","92","41","45","37"
"太阳能板直角边源.txt","太阳能板直角边源","8","6347","323","CAUTION","STOP","90","75","57","46","81","123"
"太阳能板直角边源.txt","太阳能板直角边源","8","6350","325","TURN_LEFT_LATCHED","TURN_LEFT","89","71","52","46","90","135"
"太阳能板直角边源.txt","太阳能板直角边源","8","6373","354","TURN_LEFT_LATCHED","TURN_LEFT","36","0","0","171","241","245"
"太阳能板直角边源.txt","太阳能板直角边源","8","6396","383","TURN_LEFT_LATCHED","TURN_LEFT","2","0","19","237","241","209"
"太阳能板直角边源.txt","太阳能板直角边源","8","6418","412","TURN_LEFT_LATCHED","TURN_LEFT","4","44","77","235","154","77"
"太阳能板直角边源.txt","太阳能板直角边源","8","6434","432","RECOVERY","STOP","37","81","89","170","68","44"
"太阳能板直角边源.txt","太阳能板直角边源","8","6439","438","SAFE","FORWARD","48","86","91","145","55","39"
"太阳能板直角边源.txt","太阳能板直角边源","8","6462","467","SAFE","FORWARD","59","87","90","116","50","36"
"太阳能板直角边源.txt","太阳能板直角边源","8","6485","496","SAFE","FORWARD","66","87","90","101","48","35"
"太阳能板直角边源.txt","太阳能板直角边源","8","6494","507","TURN_LEFT_LATCHED","TURN_LEFT","2","38","72","220","145","86"
"太阳能板直角边源.txt","太阳能板直角边源","8","6502","516","RECOVERY","STOP","95","94","94","41","52","67"
"太阳能板直角边源.txt","太阳能板直角边源","8","6508","522","SAFE","FORWARD","94","93","94","36","37","31"
"太阳能板直角边源.txt","太阳能板直角边源","8","6530","550","SAFE","FORWARD","95","94","94","31","29","28"
"太阳能板直角边源.txt","太阳能板直角边源","8","6552","579","SAFE","FORWARD","94","92","93","32","37","30"
"太阳能板直角边源.txt","太阳能板直角边源","8","6575","608","SAFE","FORWARD","94","92","93","32","36","29"
"太阳能板直角边源.txt","太阳能板直角边源","8","6598","637","SAFE","FORWARD","94","92","93","32","37","29"
"太阳能板直角边源.txt","太阳能板直角边源","8","6621","666","SAFE","FORWARD","94","92","93","32","36","30"
"太阳能板直角边源.txt","太阳能板直角边源","8","6644","694","SAFE","FORWARD","93","92","93","33","33","28"
"太阳能板直角边源.txt","太阳能板直角边源","8","6666","724","SAFE","FORWARD","95","93","95","34","33","28"
"太阳能板直角边源.txt","太阳能板直角边源","8","6688","752","SAFE","FORWARD","95","93","94","35","35","28"
"太阳能板直角边源.txt","太阳能板直角边源","8","6711","781","SAFE","FORWARD","94","93","94","37","36","31"
"太阳能板直角边源.txt","太阳能板直角边源","8","6734","810","SAFE","FORWARD","93","92","93","37","38","31"
"太阳能板直角边源.txt","太阳能板直角边源","8","6757","839","SAFE","FORWARD","94","92","93","38","40","34"
"太阳能板直角边源.txt","太阳能板直角边源","8","6780","868","SAFE","FORWARD","92","90","90","40","42","36"
"太阳能板直角边源.txt","太阳能板直角边源","8","6802","896","SAFE","FORWARD","91","89","87","41","41","47"
"太阳能板直角边源.txt","太阳能板直角边源","8","6824","926","SAFE","FORWARD","91","92","51","42","40","135"
"太阳能板直角边源.txt","太阳能板直角边源","8","6839","943","CAUTION","STOP","91","74","19","43","84","208"
"太阳能板直角边源.txt","太阳能板直角边源","8","6842","945","TURN_LEFT_LATCHED","TURN_LEFT","90","69","15","43","95","218"
"太阳能板直角边源.txt","太阳能板直角边源","8","6865","975","TURN_LEFT_LATCHED","TURN_LEFT","61","3","0","115","237","246"
"太阳能板直角边源.txt","太阳能板直角边源","8","6888","1003","TURN_LEFT_LATCHED","TURN_LEFT","6","2","39","233","239","162"
"太阳能板直角边源.txt","太阳能板直角边源","8","6909","1032","TURN_LEFT_LATCHED","TURN_LEFT","6","57","87","231","123","46"
"太阳能板直角边源.txt","太阳能板直角边源","8","6924","1050","RECOVERY","STOP","29","81","91","185","66","38"
"太阳能板直角边源.txt","太阳能板直角边源","8","6929","1055","SAFE","FORWARD","44","87","92","156","54","36"
"太阳能板直角边源.txt","太阳能板直角边源","8","6952","1084","SAFE","FORWARD","87","91","91","58","42","34"
"太阳能板直角边源.txt","太阳能板直角边源","8","6975","1113","SAFE","FORWARD","93","93","93","39","38","29"
"太阳能板直角边源.txt","太阳能板直角边源","8","6998","1142","SAFE","FORWARD","93","95","94","35","31","28"
"太阳能板直角边源.txt","太阳能板直角边源","8","7019","1171","SAFE","FORWARD","95","92","94","34","38","32"
"太阳能板直角边源.txt","太阳能板直角边源","8","7042","1200","SAFE","FORWARD","94","93","92","35","36","32"
"太阳能板直角边源.txt","太阳能板直角边源","8","7065","1229","SAFE","FORWARD","93","93","94","38","37","32"
"太阳能板直角边源.txt","太阳能板直角边源","8","7088","1258","SAFE","FORWARD","93","92","90","38","40","37"
"太阳能板直角边源.txt","太阳能板直角边源","8","7111","1286","SAFE","FORWARD","89","82","72","40","57","82"
"太阳能板直角边源.txt","太阳能板直角边源","8","7134","1315","SAFE","FORWARD","89","82","72","39","56","86"
"太阳能板直角边源.txt","太阳能板直角边源","8","7155","1343","SAFE","FORWARD","89","83","72","40","56","86"
"太阳能板直角边源.txt","太阳能板直角边源","8","7178","1372","SAFE","FORWARD","89","83","72","39","56","86"
"太阳能板直角边源.txt","太阳能板直角边源","8","7201","1401","SAFE","FORWARD","89","83","72","40","56","86"
"太阳能板直角边源.txt","太阳能板直角边源","8","7224","1430","SAFE","FORWARD","89","83","72","40","56","86"
"太阳能板直角边源.txt","太阳能板直角边源","8","7247","1459","SAFE","FORWARD","89","83","72","39","56","86"
"太阳能板直角边源.txt","太阳能板直角边源","8","7270","1489","SAFE","FORWARD","89","83","72","39","56","86"
"太阳能板直角边源.txt","太阳能板直角边源","8","7291","1517","SAFE","FORWARD","89","83","72","40","56","86"
"太阳能板直角边源.txt","太阳能板直角边源","8","7314","1545","SAFE","FORWARD","89","83","72","40","56","87"
"太阳能板直角边源.txt","太阳能板直角边源","9","7339","3","UNARMED","STOP","97","37","2","22","162","223"
"太阳能板直角边源.txt","太阳能板直角边源","9","7361","89","UNARMED","STOP","96","37","1","26","169","224"
"太阳能板直角边源.txt","太阳能板直角边源","9","7384","117","UNARMED","STOP","97","37","1","24","165","224"
"太阳能板直角边源.txt","太阳能板直角边源","9","7407","147","UNARMED","STOP","94","36","0","38","170","227"
"太阳能板直角边源.txt","太阳能板直角边源","9","7430","176","UNARMED","STOP","94","32","0","41","182","225"
"太阳能板直角边源.txt","太阳能板直角边源","9","7453","205","UNARMED","STOP","84","14","1","66","217","218"
"太阳能板直角边源.txt","太阳能板直角边源","9","7475","233","UNARMED","STOP","60","4","4","115","238","207"
"太阳能板直角边源.txt","太阳能板直角边源","9","7497","262","UNARMED","STOP","27","6","5","190","231","203"
"太阳能板直角边源.txt","太阳能板直角边源","9","7520","291","UNARMED","STOP","4","18","8","238","205","200"
"太阳能板直角边源.txt","太阳能板直角边源","9","7543","320","UNARMED","STOP","7","20","4","233","198","208"
"太阳能板直角边源.txt","太阳能板直角边源","9","7566","349","UNARMED","STOP","19","17","5","212","199","213"
"太阳能板直角边源.txt","太阳能板直角边源","9","7589","377","UNARMED","STOP","20","17","5","203","204","227"
"太阳能板直角边源.txt","太阳能板直角边源","9","7611","406","UNARMED","STOP","16","11","1","201","224","249"
"太阳能板直角边源.txt","太阳能板直角边源","9","7633","435","UNARMED","STOP","15","2","23","209","245","207"
"太阳能板直角边源.txt","太阳能板直角边源","9","7656","464","UNARMED","STOP","10","3","52","219","241","143"
"太阳能板直角边源.txt","太阳能板直角边源","9","7679","493","UNARMED","STOP","5","24","82","234","196","76"
"太阳能板直角边源.txt","太阳能板直角边源","9","7702","521","UNARMED","STOP","2","57","93","241","122","48"
"太阳能板直角边源.txt","太阳能板直角边源","9","7725","550","UNARMED","STOP","11","82","87","222","67","55"
"太阳能板直角边源.txt","太阳能板直角边源","9","7728","553","SAFE","FORWARD","12","84","87","220","63","55"
"太阳能板直角边源.txt","太阳能板直角边源","9","7751","583","SAFE","FORWARD","28","94","83","185","39","67"
"太阳能板直角边源.txt","太阳能板直角边源","9","7772","611","SAFE","FORWARD","48","95","79","141","33","75"
"太阳能板直角边源.txt","太阳能板直角边源","9","7795","640","SAFE","FORWARD","66","92","80","98","38","73"
"太阳能板直角边源.txt","太阳能板直角边源","9","7818","668","SAFE","FORWARD","80","89","83","68","44","63"
"太阳能板直角边源.txt","太阳能板直角边源","9","7841","697","SAFE","FORWARD","91","86","85","43","51","56"
"太阳能板直角边源.txt","太阳能板直角边源","9","7864","726","SAFE","FORWARD","96","87","83","32","49","59"
"太阳能板直角边源.txt","太阳能板直角边源","9","7887","755","SAFE","FORWARD","96","88","82","30","46","62"
"太阳能板直角边源.txt","太阳能板直角边源","9","7908","784","SAFE","FORWARD","94","90","84","35","41","59"
"太阳能板直角边源.txt","太阳能板直角边源","9","7931","813","SAFE","FORWARD","91","95","85","44","32","52"
"太阳能板直角边源.txt","太阳能板直角边源","9","7954","842","SAFE","FORWARD","92","90","90","41","45","38"
"太阳能板直角边源.txt","太阳能板直角边源","9","7977","870","SAFE","FORWARD","94","88","88","36","44","42"
"太阳能板直角边源.txt","太阳能板直角边源","9","8000","900","SAFE","FORWARD","93","94","90","38","35","38"
"太阳能板直角边源.txt","太阳能板直角边源","9","8023","929","SAFE","FORWARD","94","89","88","37","44","41"
"太阳能板直角边源.txt","太阳能板直角边源","9","8044","958","SAFE","FORWARD","91","88","91","39","44","37"
"太阳能板直角边源.txt","太阳能板直角边源","9","8067","986","SAFE","FORWARD","90","89","90","38","43","39"
"太阳能板直角边源.txt","太阳能板直角边源","9","8090","1014","SAFE","FORWARD","90","89","89","38","44","40"
"太阳能板直角边源.txt","太阳能板直角边源","9","8113","1043","SAFE","FORWARD","90","89","89","38","44","40"
"太阳能板直角边源.txt","太阳能板直角边源","9","8136","1073","SAFE","FORWARD","90","89","89","38","44","39"
"太阳能板直角边源.txt","太阳能板直角边源","9","8159","1102","SAFE","FORWARD","90","89","89","38","44","40"
"太阳能板直角边源.txt","太阳能板直角边源","9","8180","1131","SAFE","FORWARD","90","89","89","38","44","39"
"太阳能板直角边源.txt","太阳能板直角边源","9","8203","1159","SAFE","FORWARD","90","88","89","38","44","39"
"太阳能板直角边源.txt","太阳能板直角边源","9","8226","1188","SAFE","FORWARD","90","88","89","39","45","40"
"太阳能板直角边源.txt","太阳能板直角边源","9","8249","1217","SAFE","FORWARD","90","88","89","39","45","40"
"太阳能板直角边源.txt","太阳能板直角边源","9","8272","1246","SAFE","FORWARD","90","89","90","38","44","39"
"太阳能板直角边源.txt","太阳能板直角边源","9","8295","1275","SAFE","FORWARD","96","99","91","43","35","49"
"太阳能板直角边源.txt","太阳能板直角边源","9","8316","1304","SAFE","FORWARD","97","80","85","51","77","103"
"太阳能板直角边源.txt","太阳能板直角边源","9","8323","1309","CAUTION","STOP","94","78","94","29","67","49"
"太阳能板直角边源.txt","太阳能板直角边源","9","8326","1312","SAFE","FORWARD","94","80","94","26","60","42"
"太阳能板直角边源.txt","太阳能板直角边源","9","8348","1341","CAUTION","STOP","75","77","91","70","71","43"
"太阳能板直角边源.txt","太阳能板直角边源","9","8352","1344","TURN_LEFT_LATCHED","TURN_LEFT","75","76","89","69","71","42"
"太阳能板直角边源.txt","太阳能板直角边源","9","8373","1372","TURN_LEFT_LATCHED","TURN_LEFT","64","74","89","96","77","42"
"太阳能板直角边源.txt","太阳能板直角边源","9","8396","1402","TURN_LEFT_LATCHED","TURN_LEFT","75","73","88","68","80","42"
"太阳能板直角边源.txt","太阳能板直角边源","9","8419","1430","TURN_LEFT_LATCHED","TURN_LEFT","50","69","94","136","90","42"
"太阳能板直角边源.txt","太阳能板直角边源","9","8424","1436","RECOVERY","STOP","61","80","89","106","61","41"
"太阳能板直角边源.txt","太阳能板直角边源","9","8429","1441","SAFE","FORWARD","64","80","89","101","60","40"
"太阳能板直角边源.txt","太阳能板直角边源","9","8452","1470","SAFE","FORWARD","76","80","89","68","64","41"
"太阳能板直角边源.txt","太阳能板直角边源","9","8455","1474","CAUTION","STOP","75","79","89","69","66","40"
"太阳能板直角边源.txt","太阳能板直角边源","9","8458","1477","TURN_LEFT_LATCHED","TURN_LEFT","75","79","89","70","68","40"
"太阳能板直角边源.txt","太阳能板直角边源","9","8481","1506","TURN_LEFT_LATCHED","TURN_LEFT","75","78","89","73","69","40"
"太阳能板直角边源.txt","太阳能板直角边源","9","8504","1535","TURN_LEFT_LATCHED","TURN_LEFT","76","78","89","70","69","41"
"太阳能板直角边源.txt","太阳能板直角边源","9","8527","1563","TURN_LEFT_LATCHED","TURN_LEFT","79","70","74","58","85","78"
"太阳能板直角边源.txt","太阳能板直角边源","9","8550","1592","TURN_LEFT_LATCHED","TURN_LEFT","79","72","74","64","86","79"
"太阳能板直角边源.txt","太阳能板直角边源","9","8573","1621","TURN_LEFT_LATCHED","TURN_LEFT","78","73","74","64","85","78"
"太阳能板直角边源.txt","太阳能板直角边源","9","8594","1650","TURN_LEFT_LATCHED","TURN_LEFT","79","73","74","62","85","78"
"太阳能板直角边源.txt","太阳能板直角边源","9","8617","1678","TURN_LEFT_LATCHED","TURN_LEFT","79","73","74","62","85","78"
"太阳能板直角边源.txt","太阳能板直角边源","9","8640","1707","TURN_LEFT_LATCHED","TURN_LEFT","79","73","74","63","85","79"
"太阳能板直角边源.txt","太阳能板直角边源","9","8663","1737","TURN_LEFT_LATCHED","TURN_LEFT","79","75","74","61","80","79"
"太阳能板直角边源.txt","太阳能板直角边源","9","8686","1765","TURN_LEFT_LATCHED","TURN_LEFT","79","77","73","60","78","84"
"太阳能板直角边源.txt","太阳能板直角边源","9","8709","1793","TURN_LEFT_LATCHED","TURN_LEFT","79","76","73","60","79","83"
"太阳能板直角边源.txt","太阳能板直角边源","9","8722","1812","RECOVERY","STOP","76","80","73","65","72","84"
"太阳能板直角边源.txt","太阳能板直角边源","9","8725","1814","TURN_LEFT_LATCHED","TURN_LEFT","77","78","71","65","74","87"
"太阳能板直角边源.txt","太阳能板直角边源","9","8748","1843","TURN_LEFT_LATCHED","TURN_LEFT","76","79","90","70","69","46"
"太阳能板直角边源.txt","太阳能板直角边源","9","8751","1846","RECOVERY","STOP","75","84","91","72","62","47"
"太阳能板直角边源.txt","太阳能板直角边源","9","8756","1851","SAFE","FORWARD","74","87","92","74","51","43"
"太阳能板直角边源.txt","太阳能板直角边源","9","8779","1881","SAFE","FORWARD","82","84","91","53","57","46"
"太阳能板直角边源.txt","太阳能板直角边源","9","8800","1906","CAUTION","STOP","86","79","91","44","68","51"
"太阳能板直角边源.txt","太阳能板直角边源","9","8803","1909","TURN_LEFT_LATCHED","TURN_LEFT","86","78","89","43","67","57"
"太阳能板直角边源.txt","太阳能板直角边源","9","8808","1915","RECOVERY","STOP","88","81","81","41","66","74"
"太阳能板直角边源.txt","太阳能板直角边源","9","8813","1920","TURN_LEFT_LATCHED","TURN_LEFT","88","78","71","41","70","96"
"太阳能板直角边源.txt","太阳能板直角边源","9","8834","1947","RECOVERY","STOP","89","80","28","39","70","195"
"太阳能板直角边源.txt","太阳能板直角边源","9","8839","1952","SAFE","FORWARD","89","81","19","43","69","210"
"太阳能板直角边源.txt","太阳能板直角边源","9","8844","1958","CAUTION","STOP","87","77","8","47","73","227"
"太阳能板直角边源.txt","太阳能板直角边源","9","8847","1961","TURN_LEFT_LATCHED","TURN_LEFT","88","75","5","47","76","230"
"太阳能板直角边源.txt","太阳能板直角边源","9","8871","1991","TURN_LEFT_LATCHED","TURN_LEFT","91","52","0","45","137","218"
"太阳能板直角边源.txt","太阳能板直角边源","9","8894","2019","TURN_LEFT_LATCHED","TURN_LEFT","90","15","0","49","216","199"
"太阳能板直角边源.txt","太阳能板直角边源","9","8917","2048","TURN_LEFT_LATCHED","TURN_LEFT","56","6","0","129","225","209"
"太阳能板直角边源.txt","太阳能板直角边源","9","8940","2077","TURN_LEFT_LATCHED","TURN_LEFT","20","12","0","208","197","223"
"太阳能板直角边源.txt","太阳能板直角边源","9","8963","2106","TURN_LEFT_LATCHED","TURN_LEFT","8","13","1","229","167","212"
"太阳能板直角边源.txt","太阳能板直角边源","9","8984","2134","TURN_LEFT_LATCHED","TURN_LEFT","16","12","4","193","157","186"
"太阳能板直角边源.txt","太阳能板直角边源","9","9007","2164","TURN_LEFT_LATCHED","TURN_LEFT","14","13","3","174","167","191"
"太阳能板直角边源.txt","太阳能板直角边源","9","9030","2193","TURN_LEFT_LATCHED","TURN_LEFT","12","15","3","174","184","219"
"太阳能板直角边源.txt","太阳能板直角边源","9","9053","2221","TURN_LEFT_LATCHED","TURN_LEFT","10","15","2","176","204","245"
"太阳能板直角边源.txt","太阳能板直角边源","9","9076","2250","TURN_LEFT_LATCHED","TURN_LEFT","10","5","43","183","240","165"
"太阳能板直角边源.txt","太阳能板直角边源","9","9099","2279","TURN_LEFT_LATCHED","TURN_LEFT","8","23","88","212","198","61"
"太阳能板直角边源.txt","太阳能板直角边源","9","9118","2304","RECOVERY","STOP","5","83","84","231","69","59"
"太阳能板直角边源.txt","太阳能板直角边源","9","9124","2311","SAFE","FORWARD","11","91","83","220","51","64"
"太阳能板直角边源.txt","太阳能板直角边源","9","9146","2339","SAFE","FORWARD","66","90","87","96","43","51"
"太阳能板直角边源.txt","太阳能板直角边源","9","9169","2368","SAFE","FORWARD","98","89","88","30","47","45"
"太阳能板直角边源.txt","太阳能板直角边源","9","9192","2397","SAFE","FORWARD","93","93","92","39","39","33"
"太阳能板直角边源.txt","太阳能板直角边源","9","9215","2425","SAFE","FORWARD","96","92","91","31","41","35"
"太阳能板直角边源.txt","太阳能板直角边源","9","9238","2455","SAFE","FORWARD","93","90","91","34","39","35"
"太阳能板直角边源.txt","太阳能板直角边源","9","9260","2483","SAFE","FORWARD","92","90","93","33","42","34"
"太阳能板直角边源.txt","太阳能板直角边源","9","9282","2512","SAFE","FORWARD","92","89","90","33","43","39"
"太阳能板直角边源.txt","太阳能板直角边源","9","9305","2541","SAFE","FORWARD","93","89","91","33","44","37"
"太阳能板直角边源.txt","太阳能板直角边源","9","9328","2570","SAFE","FORWARD","92","89","91","34","44","37"
"太阳能板直角边源.txt","太阳能板直角边源","9","9351","2599","SAFE","FORWARD","92","88","91","33","43","37"
"太阳能板直角边源.txt","太阳能板直角边源","9","9374","2627","SAFE","FORWARD","92","88","91","34","44","37"
"太阳能板直角边源.txt","太阳能板直角边源","10","9387","3","UNARMED","STOP","1","81","35","213","62","174"
"太阳能板直角边源.txt","太阳能板直角边源","10","9393","8","SAFE","FORWARD","1","81","34","216","66","178"
"太阳能板直角边源.txt","太阳能板直角边源","10","9397","37","SAFE","FORWARD","1","81","34","219","67","178"
"太阳能板直角边源.txt","太阳能板直角边源","10","9398","66","SAFE","FORWARD","1","81","34","221","68","179"
"太阳能板直角边源.txt","太阳能板直角边源","10","9417","119","SAFE","FORWARD","1","81","34","221","68","179"
"太阳能板直角边源.txt","太阳能板直角边源","10","9439","148","SAFE","FORWARD","1","81","34","222","68","178"
"太阳能板直角边源.txt","太阳能板直角边源","10","9462","177","SAFE","FORWARD","1","81","33","222","69","180"
"太阳能板直角边源.txt","太阳能板直角边源","10","9485","204","SAFE","FORWARD","1","81","34","222","69","179"
"太阳能板直角边源.txt","太阳能板直角边源","10","9508","231","SAFE","FORWARD","1","81","34","222","68","178"
"太阳能板直角边源.txt","太阳能板直角边源","10","9531","260","SAFE","FORWARD","1","81","35","222","67","177"
"太阳能板直角边源.txt","太阳能板直角边源","10","9553","285","SAFE","FORWARD","1","81","35","222","67","178"
"太阳能板直角边源.txt","太阳能板直角边源","10","9575","313","SAFE","FORWARD","1","81","34","222","68","179"
"太阳能板直角边源.txt","太阳能板直角边源","10","9598","340","SAFE","FORWARD","1","81","34","222","68","178"
"太阳能板直角边源.txt","太阳能板直角边源","10","9621","369","SAFE","FORWARD","1","81","34","222","68","178"
"太阳能板直角边源.txt","太阳能板直角边源","10","9644","398","SAFE","FORWARD","1","81","34","222","68","179"
"太阳能板直角边源.txt","太阳能板直角边源","10","9667","425","SAFE","FORWARD","1","81","34","222","68","178"
"太阳能板直角边源.txt","太阳能板直角边源","10","9689","451","SAFE","FORWARD","1","81","34","222","68","178"
"太阳能板直角边源.txt","太阳能板直角边源","10","9711","478","SAFE","FORWARD","1","81","35","221","68","178"
"太阳能板直角边源.txt","太阳能板直角边源","10","9734","504","SAFE","FORWARD","1","81","35","222","66","177"
"太阳能板直角边源.txt","太阳能板直角边源","10","9757","530","SAFE","FORWARD","1","81","34","223","69","180"
"太阳能板直角边源.txt","太阳能板直角边源","10","9780","559","SAFE","FORWARD","31","84","6","179","64","233"
"太阳能板直角边源.txt","太阳能板直角边源","10","9783","562","CAUTION","STOP","37","79","3","166","76","236"
"太阳能板直角边源.txt","太阳能板直角边源","10","9786","565","TURN_LEFT_LATCHED","TURN_LEFT","42","74","1","155","88","238"
"太阳能板直角边源.txt","太阳能板直角边源","10","9809","594","TURN_LEFT_LATCHED","TURN_LEFT","67","38","0","94","171","224"
"太阳能板直角边源.txt","太阳能板直角边源","10","9832","618","TURN_LEFT_LATCHED","TURN_LEFT","67","37","0","95","171","224"
"太阳能板直角边源.txt","太阳能板直角边源","10","9854","644","TURN_LEFT_LATCHED","TURN_LEFT","67","39","0","95","170","224"
"太阳能板直角边源.txt","太阳能板直角边源","10","9876","670","TURN_LEFT_LATCHED","TURN_LEFT","66","39","0","95","168","224"
"太阳能板直角边源.txt","太阳能板直角边源","10","9899","699","TURN_LEFT_LATCHED","TURN_LEFT","65","40","0","97","166","224"
"太阳能板直角边源.txt","太阳能板直角边源","10","9922","728","TURN_LEFT_LATCHED","TURN_LEFT","63","43","0","101","160","225"
"太阳能板直角边源.txt","太阳能板直角边源","10","9945","757","TURN_LEFT_LATCHED","TURN_LEFT","49","69","0","135","99","238"
"太阳能板直角边源.txt","太阳能板直角边源","10","9960","777","RECOVERY","STOP","28","81","3","179","69","237"
"太阳能板直角边源.txt","太阳能板直角边源","10","9967","782","SAFE","FORWARD","19","90","8","199","53","230"
"太阳能板直角边源.txt","太阳能板直角边源","10","9978","796","CAUTION","STOP","1","78","40","224","73","164"
"太阳能板直角边源.txt","太阳能板直角边源","10","9981","798","TURN_LEFT_LATCHED","TURN_LEFT","0","76","45","223","80","153"
"太阳能板直角边源.txt","太阳能板直角边源","10","10004","823","TURN_LEFT_LATCHED","TURN_LEFT","0","23","88","189","198","65"
"太阳能板直角边源.txt","太阳能板直角边源","10","10027","847","TURN_LEFT_LATCHED","TURN_LEFT","2","14","85","180","218","73"
"太阳能板直角边源.txt","太阳能板直角边源","10","10050","874","TURN_LEFT_LATCHED","TURN_LEFT","2","15","85","180","217","72"
"太阳能板直角边源.txt","太阳能板直角边源","10","10071","901","TURN_LEFT_LATCHED","TURN_LEFT","2","15","85","179","217","72"
"太阳能板直角边源.txt","太阳能板直角边源","10","10094","930","TURN_LEFT_LATCHED","TURN_LEFT","2","14","85","178","218","72"
"太阳能板直角边源.txt","太阳能板直角边源","10","10117","955","TURN_LEFT_LATCHED","TURN_LEFT","3","15","85","177","216","71"
"太阳能板直角边源.txt","太阳能板直角边源","10","10140","984","TURN_LEFT_LATCHED","TURN_LEFT","8","16","86","174","215","70"
"太阳能板直角边源.txt","太阳能板直角边源","10","10163","1012","TURN_LEFT_LATCHED","TURN_LEFT","8","16","86","173","215","70"
"太阳能板直角边源.txt","太阳能板直角边源","10","10186","1042","TURN_LEFT_LATCHED","TURN_LEFT","9","16","86","173","215","70"
"太阳能板直角边源.txt","太阳能板直角边源","10","10207","1062","TURN_LEFT_LATCHED","TURN_LEFT","9","16","86","172","215","70"
"太阳能板直角边源.txt","太阳能板直角边源","10","10230","1092","TURN_LEFT_LATCHED","TURN_LEFT","9","16","85","171","216","70"
