content_sha256,snapshot_id,source_file,scenario,segment,begin_frame,ground_truth,notes,motion_context,motion_notes
09EE6D2D753F47FE7401E5395F07F5F3E223FE1F3C34DF42283630D744F655AC,太阳能板边缘中心旋转扫描:s1:b2,太阳能板边缘中心旋转扫描.txt,太阳能板边缘中心旋转扫描,1,1687,UNLABELED,,REVERSE,NaN
1571F52166E308708E655B5075A14F2B21E346E1185FB4A6B84733FC951FA831,太阳能板边缘中心旋转扫描:s1:b3,太阳能板边缘中心旋转扫描.txt,太阳能板边缘中心旋转扫描,1,1722,UNLABELED,,REVERSE,NaN
FB8A67A75188D2FEC82F274E8BAEDD6A057E7B1B02C5B7B6C2C64F93405C20D6,太阳能板边缘中心旋转扫描:s1:b4,太阳能板边缘中心旋转扫描.txt,太阳能板边缘中心旋转扫描,1,1756,UNLABELED,,REVERSE,NaN
4738C220833DF342AB769F13A95BB026C51DFF4F961B7006B9A7E8A0F58180A0,太阳能板边缘中心旋转扫描:s1:b5,太阳能板边缘中心旋转扫描.txt,太阳能板边缘中心旋转扫描,1,1791,UNLABELED,,REVERSE,NaN
6669594F34C84FC51678D798D1607CC85996792398D6698A465D8E1A5B05756E,太阳能板边缘中心旋转扫描:s1:b6,太阳能板边缘中心旋转扫描.txt,太阳能板边缘中心旋转扫描,1,1825,UNLABELED,,TURN_RIGHT,NaN
74F8A83AE2430E9FAB98C791A28A2A38F1A8D397C4DE1E389B85CF4C2EB2B0F0,太阳能板边缘中心旋转扫描:s1:b7,太阳能板边缘中心旋转扫描.txt,太阳能板边缘中心旋转扫描,1,1860,UNLABELED,,TURN_RIGHT,NaN
ADEF8C9B36CE64F18720BE93AC8CC84D97D1BD11BA38D862DBB778F4B287CD6C,太阳能板边缘中心旋转扫描:s1:b8,太阳能板边缘中心旋转扫描.txt,太阳能板边缘中心旋转扫描,1,1894,UNLABELED,,TURN_RIGHT,NaN
3AE88B103E0A9239D497F267CA7EEAB57587CA1422BBAD21CA345BFF508BA21D,太阳能板边缘中心旋转扫描:s1:b9,太阳能板边缘中心旋转扫描.txt,太阳能板边缘中心旋转扫描,1,1929,UNLABELED,,TURN_RIGHT,NaN
FBD51FE5598BA1488A8072C1E88763B4461F58D7EBA2DCF88993ED5123EDB7C9,太阳能板边缘中心旋转扫描:s1:b10,太阳能板边缘中心旋转扫描.txt,太阳能板边缘中心旋转扫描,1,1964,UNLABELED,,TURN_RIGHT,NaN
6AD3EF6D8902D94E7A7030025DA7A2BFF2774AA80176D72F7327FAF1EF940EE5,太阳能板边缘中心旋转扫描:s1:b11,太阳能板边缘中心旋转扫描.txt,太阳能板边缘中心旋转扫描,1,1999,UNLABELED,,TURN_RIGHT,NaN
594378B19FDFF03E9C704DB265CD1DDFE0BF594E93E71C2CC8D0E11753C8F8A7,太阳能板边缘中心旋转扫描:s1:b12,太阳能板边缘中心旋转扫描.txt,太阳能板边缘中心旋转扫描,1,2033,UNLABELED,,TURN_RIGHT,NaN
A9FDB3072891B68071AC2237836DACDA2DC8A21555FC08E9A96613257C09D7B5,太阳能板边缘中心旋转扫描:s1:b13,太阳能板边缘中心旋转扫描.txt,太阳能板边缘中心旋转扫描,1,2068,UNLABELED,,TURN_RIGHT,NaN
10A5726273758FD1E648A9E4E47F2EE4F21AAC883482B997F28E83AC2184B049,太阳能板边缘中心旋转扫描:s1:b14,太阳能板边缘中心旋转扫描.txt,太阳能板边缘中心旋转扫描,1,2103,UNLABELED,,TURN_RIGHT,NaN
9EE9E97A512D4EB609C9D0559E9C85077C9BF70B7600A65D12B340450BC1D07F,太阳能板边缘中心旋转扫描:s1:b15,太阳能板边缘中心旋转扫描.txt,太阳能板边缘中心旋转扫描,1,2137,UNLABELED,,TURN_RIGHT,NaN
607FC732C4082BEE4995DFB0FE7966DBFB814A75EBC6701D5F8C1BC4E537729E,太阳能板边缘中心旋转扫描:s1:b16,太阳能板边缘中心旋转扫描.txt,太阳能板边缘中心旋转扫描,1,2172,UNLABELED,,TURN_RIGHT,NaN
3CD5BF7D2E944D68244F844CDC791DEB37DEA8CA6E43686587D3A457322FC8E7,太阳能板边缘中心旋转扫描:s1:b17,太阳能板边缘中心旋转扫描.txt,太阳能板边缘中心旋转扫描,1,2206,UNLABELED,,TURN_RIGHT,NaN
4712FFE123A89766BD02F1D7C4005F4CC3C3961653D9C7F7CAFD2490141F8A12,太阳能板边缘中心旋转扫描:s1:b18,太阳能板边缘中心旋转扫描.txt,太阳能板边缘中心旋转扫描,1,2241,UNLABELED,,TURN_RIGHT,NaN
CD71BC8E2126264028CEEBD5EFBE5EE859E4FA5153E709F7EEDDC206373C5540,太阳能板边缘中心旋转扫描:s1:b19,太阳能板边缘中心旋转扫描.txt,太阳能板边缘中心旋转扫描,1,2275,UNLABELED,,TURN_RIGHT,NaN
BD736EF347ABF1AD7ECEF29861EE8DAD129E56FF3F48F8ED9CA3EF330B970880,太阳能板边缘中心旋转扫描:s1:b20,太阳能板边缘中心旋转扫描.txt,太阳能板边缘中心旋转扫描,1,2311,UNLABELED,,TURN_RIGHT,NaN
B7E80B5B7A23668EB4A846A772ECC8008E4448ED7B85EFEEEF389FC7781449E5,太阳能板边缘中心旋转扫描:s1:b21,太阳能板边缘中心旋转扫描.txt,太阳能板边缘中心旋转扫描,1,2345,UNLABELED,,TURN_RIGHT,NaN
20CA3DC504F5F4D32128A25A796643779505BB1AC3ADDFF81B1BF9C64F183AA0,太阳能板边缘中心旋转扫描:s1:b22,太阳能板边缘中心旋转扫描.txt,太阳能板边缘中心旋转扫描,1,2379,UNLABELED,,TURN_RIGHT,NaN
036EF071C3C2AF38F5340EBAC67DDDD65AC33C404ED2AE673E3164429C371338,太阳能板边缘中心旋转扫描:s1:b23,太阳能板边缘中心旋转扫描.txt,太阳能板边缘中心旋转扫描,1,2414,UNLABELED,,TURN_RIGHT,NaN
A6F2045AD54A09655E6AC7826292B648B31D455C7DD63423CCA065CAE847E701,太阳能板边缘中心旋转扫描:s1:b24,太阳能板边缘中心旋转扫描.txt,太阳能板边缘中心旋转扫描,1,2449,UNLABELED,,TURN_RIGHT,NaN
1A7514CDA9CA2CC8356622198CA5DB8712E12A3F12A1992C4D6A479D90D993E3,太阳能板边缘中心旋转扫描:s1:b25,太阳能板边缘中心旋转扫描.txt,太阳能板边缘中心旋转扫描,1,2483,UNLABELED,,TURN_RIGHT,NaN
7BEE161BC5730539F1FB318871C8E8206EF5AAF144CCC39F1EB2E9950A75C6FA,太阳能板边缘中心旋转扫描:s1:b26,太阳能板边缘中心旋转扫描.txt,太阳能板边缘中心旋转扫描,1,2519,UNLABELED,,STATIONARY,NaN
285746A2CABBA5D0E16F424192C08AE7F191180AF8C1ADA0696FF17F7DCB5F43,太阳能板边缘中心旋转扫描:s1:b27,太阳能板边缘中心旋转扫描.txt,太阳能板边缘中心旋转扫描,1,2553,UNLABELED,,STATIONARY,NaN
110323AE35A6596EE7C630F417D45AF071F312DAED4B645795F544D13B34BDD1,太阳能板边缘中心旋转扫描:s1:b28,太阳能板边缘中心旋转扫描.txt,太阳能板边缘中心旋转扫描,1,2587,UNLABELED,,STATIONARY,NaN
045899872D1051AD00AEA82E2C55027DFD0619BDD73D1C416F995631742FA364,左转极限:s1:b2,左转极限.txt,左转极限,1,276,UNLABELED,,STATIONARY,NaN
75650D27EF457A3AEA56BB819449BFEDC5B30CFBE092F355B93960CD85F4EDC9,左转极限:s1:b3,左转极限.txt,左转极限,1,311,UNLABELED,,STATIONARY,NaN
4D9F030A7353B72E1C33C0BC8750DF4F171867591BAD6F773EFB3B7344ABC0FC,左转极限:s1:b4,左转极限.txt,左转极限,1,346,UNLABELED,,STATIONARY,NaN
1C4F987ED31939FD577D3B3228D1EFAAAA1316089B47F9F03A8AD6EE01517E66,左转极限:s1:b5,左转极限.txt,左转极限,1,381,UNLABELED,,TURN_LEFT,NaN
F17527B10B05DF6F7C2613CFCEDB6F7FEF07928FF96EE4E95623A3447CA66D7F,左转极限:s1:b6,左转极限.txt,左转极限,1,415,UNLABELED,,TURN_LEFT,NaN
506BA5D824C7953A54E844B1F667BAC4A8E1D3EBB92B994E8883969DEB2D2C3C,左转极限:s1:b7,左转极限.txt,左转极限,1,450,UNLABELED,,TURN_LEFT,NaN
D4036D94CEFF6BC951BA680BE76814C4EA3B451E39A471A8EC4C6E46F6597B45,左转极限:s1:b8,左转极限.txt,左转极限,1,484,UNLABELED,,TURN_LEFT,NaN
E4E1A780F22913998512151A7B5450D696569A0D59158D7D306DBE43422857CA,左转极限:s1:b9,左转极限.txt,左转极限,1,519,UNLABELED,,TURN_LEFT,NaN
DAEA405109D2EE3D2EB9DB81EEDA50921C2EA38576F86ECE4C37435A295B82F1,左转极限:s1:b10,左转极限.txt,左转极限,1,553,UNLABELED,,TURN_LEFT,NaN
90BE92A727B56BD90B097CCDDC77BA373B6B87A1BE406548A8DF74ED5BA6DC58,左转极限:s1:b11,左转极限.txt,左转极限,1,588,UNLABELED,,TURN_LEFT,NaN
909CCDC484128823CE965BDC7DA15C51F6F08F62C6D92897CE03EB0C47464E47,左转极限:s1:b12,左转极限.txt,左转极限,1,623,UNLABELED,,TURN_LEFT,NaN
C2D773FA65EF338A395526764030A6795387764D127C99F2ADEF9EA7126B2F49,左转极限:s1:b13,左转极限.txt,左转极限,1,658,UNLABELED,,TURN_LEFT,NaN
1F62F3A0170C6EB346E0A9D5FB670CF1B94F38AFC8F763AE3F74B17C4AB7A82C,左转极限:s1:b14,左转极限.txt,左转极限,1,691,UNLABELED,,TURN_LEFT,NaN
96AF894A23EA2D439731C333983503C269AEE98751BA4CF50490EA5A2AC7A95B,左转极限:s1:b15,左转极限.txt,左转极限,1,726,UNLABELED,,TURN_LEFT,NaN
DE0C0FBA8AF7FB4711E60D34DC9A37D886371793C5511AB8341D4C6C8E723CCA,左转极限:s1:b16,左转极限.txt,左转极限,1,761,UNLABELED,,TURN_LEFT,NaN
680FA16025D607574AEFAA3C60F3ED1F28F7861632738D67107B27390F774E4A,左转极限:s1:b17,左转极限.txt,左转极限,1,796,UNLABELED,,STATIONARY,NaN
38DE4B9185EF540518BB55A14462AE3CD7B611FB21C38B6F88F6DE597366D92A,左转极限:s1:b18,左转极限.txt,左转极限,1,831,UNLABELED,,STATIONARY,NaN
18C43016AECACF7B09C0B5B3BEAF76B14D66E61C763ABFEBE3CCA82289A24DAE,左转极限:s1:b19,左转极限.txt,左转极限,1,865,UNLABELED,,STATIONARY,NaN
0836BF8BBB73D9F1A24CF3650677501E401A17C36F38454D7533C2043A0C5D99,左转极限:s1:b20,左转极限.txt,左转极限,1,900,UNLABELED,,STATIONARY,NaN
EA4620B6DCC1FE253839D32BFBE91B1B8C8A59200811E8E803AC15C9B2829E45,左转极限:s1:b21,左转极限.txt,左转极限,1,934,UNLABELED,,TURN_LEFT,NaN
A00ECBC8EA9151C08DF72F99630765C2A695BF0C5D98375CA8D8B052562EF703,左转极限:s1:b22,左转极限.txt,左转极限,1,969,UNLABELED,,TURN_LEFT,NaN
6097A9D7F2BFD990C4B264FC394D55243D2A9E3AB9EF249D8507C47A4F34D2C7,左转极限:s1:b23,左转极限.txt,左转极限,1,1003,UNLABELED,,TURN_LEFT,NaN
25B2C0A88DFA518609A63C59A40CCD449B83A272F9E0F89F45D2F15B8CF0FCAF,左转极限:s1:b24,左转极限.txt,左转极限,1,1038,UNLABELED,,TURN_LEFT,NaN
B6C5A29C9F545834E8E0964BCA691F0334DE9ABFDF9CE4390AB994379B42E0B0,左转极限:s1:b25,左转极限.txt,左转极限,1,1073,UNLABELED,,TURN_LEFT,NaN
23FD1679ABBE02A19E6E937DAAB7A70870F0C1628AA4146B9FAAFA6C69449EEA,左转极限:s1:b26,左转极限.txt,左转极限,1,1108,UNLABELED,,TURN_LEFT,NaN
60EBE83AEE22AD9F36DB58B5BCB1C9210361ADC9A30BA55E31E8A07A3F490398,左转极限:s1:b27,左转极限.txt,左转极限,1,1141,UNLABELED,,TURN_LEFT,NaN
1F0993D7817E8C6CA216047BD9F5149A42761D94C0BAF44AAD5A0C583B973571,左转极限:s1:b28,左转极限.txt,左转极限,1,1176,UNLABELED,,TURN_LEFT,NaN
7217B1B4319F85FA3106B4A1DCCC55BE895EADF9AE16E3A75A3CC13C8A90D2D3,左转极限:s1:b29,左转极限.txt,左转极限,1,1211,UNLABELED,,TURN_LEFT,NaN
20E484847A066D0097F1606ACB5EAF749A527A9D7E61DC4DA231357F36347BF2,左转极限:s1:b30,左转极限.txt,左转极限,1,1246,UNLABELED,,TURN_LEFT,NaN
4E4921FBEE0C28933EABC72330A84588457ED34AA1947FDA5D4961EA00FBC87B,左转极限:s1:b31,左转极限.txt,左转极限,1,1281,UNLABELED,,STATIONARY,NaN
01E5D974BA54E744810064FD4BC41E3384AABE15CF87A2AA4025B17FD84D01E2,safe:s1:b1,safe.txt,safe,1,903,UNLABELED,,STATIONARY,NaN
AA061D0F55894CE25E41CB5B6A7974FB1960887947F235C1137A2EC38087CCC4,safe:s1:b2,safe.txt,safe,1,937,UNLABELED,,STATIONARY,NaN
3CBB69507B4785C31A389FC046C8FB2262F1EF2A7D78C6047A223B146F3963C1,safe:s1:b3,safe.txt,safe,1,971,UNLABELED,,STATIONARY,NaN
31302DD86F58EB5C0AAFBAAA93700E18CCDA93A7B6652EA02CC0F76323601E4D,safe:s1:b4,safe.txt,safe,1,1006,UNLABELED,,STATIONARY,NaN
9BE1479EA6552D68C8D6230DCCCDDD38502307A07F1E1C35C02FB73F44B08297,safe:s1:b5,safe.txt,safe,1,1041,UNLABELED,,STATIONARY,NaN
3A2C75AE31262DCCEF31A85E44AEC7EEEAC94F7CD93E9D09863C9606CB22DC90,safe:s1:b6,safe.txt,safe,1,1076,UNLABELED,,STATIONARY,NaN
07ABD7D92F44A93D68C9A1AA97C8659D82B00362234FA4EB8E4A4D0C5E38CE72,safe:s1:b7,safe.txt,safe,1,1111,UNLABELED,,STATIONARY,NaN
83F4F783FF75B5B40C269180AEDF3740413886B64718C2FC7BCB8135976F502A,safe:s1:b8,safe.txt,safe,1,1145,UNLABELED,,STATIONARY,NaN
B289217D88B55C1A1E6A6E920B4F23A1DCE458D18CAC0A530046EAC159C8F436,safe:s1:b9,safe.txt,safe,1,1179,UNLABELED,,STATIONARY,NaN
9C7E64C4A5B83AFD13E20541D8F108D8BB922344FD7F1EBF8F52696065764CEB,safe:s1:b10,safe.txt,safe,1,1214,UNLABELED,,STATIONARY,NaN
8DFF868C012B02F45FC6CE18CA5664EC7D6C7954C96E23FF10B7CFB9742B066B,safe:s1:b11,safe.txt,safe,1,1248,UNLABELED,,STATIONARY,NaN
022128C02132B85A8D3147993E17CFA91D5C571AFFB87FD2E0F71AEFA40547D2,safe:s1:b12,safe.txt,safe,1,1283,UNLABELED,,STATIONARY,NaN
B5A9853DF3B40EEE42DC9060C0665466758C2C90579D975F821EECB84B4C6DD5,safe:s1:b13,safe.txt,safe,1,1318,UNLABELED,,STATIONARY,NaN
F7A328D83ED433CC88ADC96FC92453E0C025AFFD546E49E23794F861B8F86807,safe:s1:b14,safe.txt,safe,1,1352,UNLABELED,,STATIONARY,NaN
32FC3A244F322621131E172C8FD29123CE1140299BD6BEFB37401A33A85331CE,safe:s1:b15,safe.txt,safe,1,1387,UNLABELED,,STATIONARY,NaN
822A4FA79FCA03E9A436BE3E90AF52EFE600A86537315829D9D2B620E7DD73E3,safe:s1:b16,safe.txt,safe,1,1421,UNLABELED,,STATIONARY,NaN
E5955E2EF3FD174BA66C7613055FBDA28B2382CE90DFC56A81A2BBC85F2B1C4B,safe:s1:b17,safe.txt,safe,1,1457,UNLABELED,,STATIONARY,NaN
FE6771C96F38C6BAC7F816917B6ECB4A595E308A636DFA81DBBCF4C8A58D6BE8,safe:s1:b18,safe.txt,safe,1,1491,UNLABELED,,STATIONARY,NaN
03C0764DEFAE5D16E3CB21FD228550E23D81CD0A3B55C18B0FF0F6C5D176335A,safe:s1:b19,safe.txt,safe,1,1525,UNLABELED,,STATIONARY,NaN
775CE9BC321F269B4D971E0499E86D4FC0623309762CD2658FD3829CEB70E087,safe:s1:b20,safe.txt,safe,1,1560,UNLABELED,,TURN_RIGHT,NaN
8B2EECC1061A9ED7364ED288641DF9546D68419758628B8982C925E301620176,safe:s1:b21,safe.txt,safe,1,1594,UNLABELED,,STATIONARY,NaN
177186C8707032A0475A4E7F87597CDD8219010688223F2397D306CF650764AC,safe:s1:b22,safe.txt,safe,1,1630,UNLABELED,,STATIONARY,NaN
8D6D2BF5BDADFE61E6A6D928AC17FDA6A214160FB74F192C6E3B7EAC19F0A2BD,safe:s1:b23,safe.txt,safe,1,1664,UNLABELED,,STATIONARY,NaN
FD9995A9FB161D666408A19D9F871B530D21F25E8BE1DAD36C4F5B6FE73E6C23,safe:s1:b24,safe.txt,safe,1,1698,UNLABELED,,STATIONARY,NaN
6FF5F1B766A3886C7D84302CF20B9A1AC11DAA1F88C815DEB2DC7C11A14AEAF3,safe:s1:b25,safe.txt,safe,1,1733,UNLABELED,,STATIONARY,NaN
265864FB9CE87250D3BE16CAD20E0252B007D1D163F0BA2771A88C88BCC2EB08,safe:s1:b26,safe.txt,safe,1,1768,UNLABELED,,STATIONARY,NaN
E11D15D8CF1C345B52E92AD9FAB7B3B0CF1459E561C4F2AB07A2F923DC52AD55,safe:s1:b27,safe.txt,safe,1,1803,UNLABELED,,STATIONARY,NaN
1C025ED51BB2A6EAC4CFF8A05BEFA2AE29D4304037A062936CC5C8878675E21C,safe:s1:b28,safe.txt,safe,1,1837,UNLABELED,,STATIONARY,NaN
5191C8E56FEA2081B546A84BE30A13E7C3EDD51547C8256C28A8C4DD285CFB00,safe:s1:b29,safe.txt,safe,1,1872,UNLABELED,,STATIONARY,NaN
857BB6F1491FDA9A687199F85566C04BC1A6F23FE73B87D8C18B48F6EF69524D,safe:s1:b30,safe.txt,safe,1,1906,UNLABELED,,STATIONARY,NaN
9637BC4693C56D89079E7A62B027D7CBFB35E9E5F59A6F07B94687C14692F2D7,safe:s1:b31,safe.txt,safe,1,1941,UNLABELED,,STATIONARY,NaN
9EB59CD2CC8EE2A55900836F6708A435D99C6A4F0CEF48AE2B7540CD0489A96B,safe:s1:b32,safe.txt,safe,1,1976,UNLABELED,,TURN_LEFT,NaN
B41B0BAE40AACF06371F339469CA3B5FFFF3512E8E1228993C20284C8230E5B5,safe:s1:b33,safe.txt,safe,1,2010,UNLABELED,,TURN_LEFT,NaN
22329579BB20A0689C2F2553FA0BCF4EF2D7014B5DA9F6FF31FF877466A8D784,safe:s1:b34,safe.txt,safe,1,2045,UNLABELED,,TURN_LEFT,NaN
4EC5AE4CF738C17BEDA3E9CD6F6B029BC97A639D8078271063FB656E5B6052D7,safe:s1:b35,safe.txt,safe,1,2080,UNLABELED,,TURN_RIGHT,NaN
E56E1AC0DDFC59DD6789EC8236D6722FE1845F137D660F54200258E1D06787E0,safe:s1:b36,safe.txt,safe,1,2114,UNLABELED,,STATIONARY,NaN
D2BA566B241D929C3EE1BF487591FCC69DB06FBE04B8372C86AF51F046B8322B,safe:s1:b37,safe.txt,safe,1,2149,UNLABELED,,TURN_RIGHT,NaN
B729A32BD08EB833FF6F299E33E95FC6323E6D699EAAB39922F5D4CE4AA60648,safe:s1:b38,safe.txt,safe,1,2183,UNLABELED,,TURN_RIGHT,NaN
1B902D16C08FEF61168DA2FD1BEA1878D6815F5F8A688E7C320B6AB967C4E827,safe:s1:b39,safe.txt,safe,1,2218,UNLABELED,,TURN_RIGHT,NaN
D94FCEFA96936CA5D97F3F50EC233B269C547F120ADE3F8948E64FDDEDF989C5,safe:s1:b40,safe.txt,safe,1,2252,UNLABELED,,TURN_RIGHT,NaN
C09E6E2B05F9B35698D478418D587CB5139D2F52BFCC290AAF17EA0ADADE31EE,safe:s1:b41,safe.txt,safe,1,2287,UNLABELED,,TURN_RIGHT,NaN
7D366B9D6B3758DB6BE0B19C7FADA2C470D00733D98F96BE6EB88A9E4BE86A18,safe:s1:b42,safe.txt,safe,1,2322,UNLABELED,,TURN_LEFT,NaN
B1DA4B49B0F5C548A76C182776E7304BEEFF99AE9E209F9DEC0BAD61314B6DD4,safe:s1:b43,safe.txt,safe,1,2356,UNLABELED,,STATIONARY,NaN
8DC0C9A99BEBC477258055BBCA637270DB867DB38C3B77D135B96511F3923E72,safe:s1:b44,safe.txt,safe,1,2391,UNLABELED,,STATIONARY,NaN
F275513D468CF5E73A01494A081B1763A1E7BA6FC7B973A978A3919DD7A3CAA8,safe:s1:b45,safe.txt,safe,1,2426,UNLABELED,,STATIONARY,NaN
A7925FE1A6D50ABD970421BC5FC23ECC079EC7B52FCFD19722BEBE357F4BB5F4,两太阳能板过度:s1:b2,两太阳能板过度.txt,两太阳能板过度,1,1032,UNLABELED,,STATIONARY,NaN
7DBF7184C21E7B1AADE56AE022CFBEA82ECB06817E4AD7CCD64F7452F881CA9D,两太阳能板过度:s1:b3,两太阳能板过度.txt,两太阳能板过度,1,1066,UNLABELED,,STATIONARY,NaN
F8BCC039403F519BE2AA6DBE7B2BD5CBC3388CED16DE1DD059A978FD815A9F97,两太阳能板过度:s1:b4,两太阳能板过度.txt,两太阳能板过度,1,1101,UNLABELED,,FORWARD,NaN
590DCC5E4F234B8D31C6C5FA941E3AAC01BC40EA80ADB44AC09DC070D531552C,两太阳能板过度:s1:b5,两太阳能板过度.txt,两太阳能板过度,1,1136,UNLABELED,,FORWARD,NaN
BFD138FE0AFDF87892B5B525BAC271854287DA929F606EE020FF5F16F91DA27E,两太阳能板过度:s1:b6,两太阳能板过度.txt,两太阳能板过度,1,1171,UNLABELED,,FORWARD,NaN
66D06291CF2B6029E288ADB92D9C581EF5DF4657CE9928E23A7433AF4EC46C65,两太阳能板过度:s1:b7,两太阳能板过度.txt,两太阳能板过度,1,1205,UNLABELED,,FORWARD,NaN
C4DD54F6AA64F7161AA18B32519CFDE2FCF6A33A72E2FCCB66D2248F241F8214,两太阳能板过度:s1:b8,两太阳能板过度.txt,两太阳能板过度,1,1240,UNLABELED,,FORWARD,NaN
42D6BD25AF33971DE4773DE927BA4CECC68278AABD74EAA43CB1FAF3AF796B49,两太阳能板过度:s1:b9,两太阳能板过度.txt,两太阳能板过度,1,1275,UNLABELED,,FORWARD,NaN
C644EBC0389BDA9FAB4F1CA4EA82FC606BBFAB00E466437847DE8B7651CC9CC3,两太阳能板过度:s1:b10,两太阳能板过度.txt,两太阳能板过度,1,1309,UNLABELED,,FORWARD,NaN
B2D01823770B7C53123908575DA5DEEF339C9C7ADA3AADD5229038E4E11D1CF3,两太阳能板过度:s1:b11,两太阳能板过度.txt,两太阳能板过度,1,1344,UNLABELED,,FORWARD,NaN
3DB53286AC18ACBFB02F8A86D41A6E2309EC3F9C0B96DFA1B89C6AB20C476105,两太阳能板过度:s1:b12,两太阳能板过度.txt,两太阳能板过度,1,1378,UNLABELED,,FORWARD,NaN
4C25A6B55D69A499CF502A68C37CF86D5DCD11A045E39EF0A257FB60E494FADA,两太阳能板过度:s1:b13,两太阳能板过度.txt,两太阳能板过度,1,1413,UNLABELED,,FORWARD,NaN
D3A69AE0C0437EF77DE53C048FB54D2698296E80A4F1583193BB30993799A7A8,两太阳能板过度:s1:b14,两太阳能板过度.txt,两太阳能板过度,1,1448,UNLABELED,,FORWARD,NaN
23BAEB3CB670697EF0357770771958D691EFF1C7C9A2AE1C247E31AB488F3A70,两太阳能板过度:s1:b15,两太阳能板过度.txt,两太阳能板过度,1,1482,UNLABELED,,FORWARD,NaN
D7FFC2D9B2E59C02386676A80E2C1B36070529397DC55E42B2C8AE054A1D27F0,两太阳能板过度:s1:b16,两太阳能板过度.txt,两太阳能板过度,1,1517,UNLABELED,,FORWARD,NaN
0EE05508C96F7CF000332B5788744C572638E830DEA8754CABF93E6623858812,两太阳能板过度:s1:b17,两太阳能板过度.txt,两太阳能板过度,1,1552,UNLABELED,,FORWARD,NaN
F3FAD2D2A5BBE246AA797CB13C95540DF4B89A4F3674B23DD4F95B084DA0FF98,两太阳能板过度:s1:b18,两太阳能板过度.txt,两太阳能板过度,1,1586,UNLABELED,,FORWARD,NaN
BCDCA939EC15E8F52DF665BCF8213D5B38E1E9F1B46867F64C1F64583A40BA9A,两太阳能板过度:s1:b19,两太阳能板过度.txt,两太阳能板过度,1,1621,UNLABELED,,FORWARD,NaN
F8F24313DECB9D9093FF2B2EF6958BFF28AEBEA6826D85C419615DCC2371F550,两太阳能板过度:s1:b20,两太阳能板过度.txt,两太阳能板过度,1,1655,UNLABELED,,FORWARD,NaN
24B399D5FF91A4EC3EF6F0161EB9450289483CC6DDC73E30CC2A4BE64618DB30,两太阳能板过度:s1:b21,两太阳能板过度.txt,两太阳能板过度,1,1690,UNLABELED,,FORWARD,NaN
16E7C9DB6D71BD262DFCA47034810D007039F85B00B7E744F2DC949D78CEAB0E,两太阳能板过度:s1:b22,两太阳能板过度.txt,两太阳能板过度,1,1724,UNLABELED,,FORWARD,NaN
6FC9A215C4385EACE4E81D896833857A7CCA728E0D89A4AFF63D04021FFC8D2B,两太阳能板过度:s1:b23,两太阳能板过度.txt,两太阳能板过度,1,1760,UNLABELED,,FORWARD,NaN
BD082AC4CAD931E5F63CE606AD5014CE1F35B980C4E3F92E04D54FEB335C717E,两太阳能板过度:s1:b24,两太阳能板过度.txt,两太阳能板过度,1,1794,UNLABELED,,FORWARD,NaN
F636042FE2B1CF92DED0B3857FBED9138E0B0375093BF975F19AA2D6B9742EFF,两太阳能板过度:s1:b25,两太阳能板过度.txt,两太阳能板过度,1,1828,UNLABELED,,FORWARD,NaN
90AFBB4C6C73809F23F66475441F5E16DC42266E7C07E143022E225935816AFE,两太阳能板过度:s1:b26,两太阳能板过度.txt,两太阳能板过度,1,1863,UNLABELED,,FORWARD,NaN
BB0F5C29E8BBD059522844127947F47BA7BBA8B80069E66219556A9198FB10FC,两太阳能板过度:s1:b27,两太阳能板过度.txt,两太阳能板过度,1,1897,UNLABELED,,FORWARD,NaN
3F48F58062481D12543E74FD6F750DE9A47C51CFF538E32021D62F5DDD836471,两太阳能板过度:s1:b28,两太阳能板过度.txt,两太阳能板过度,1,1933,UNLABELED,,STATIONARY,NaN
39C048AE17A112A5AD05CB71BE5E74EF0C5943DF8DFA32E3865C6F2D7ACC8674,两太阳能板过度:s1:b29,两太阳能板过度.txt,两太阳能板过度,1,1967,UNLABELED,,STATIONARY,NaN
12C269AB0ACF9DC37C3601C2994F54A310964902482BB80A8FC90F6B509AD559,两太阳能板过度:s1:b30,两太阳能板过度.txt,两太阳能板过度,1,2002,UNLABELED,,STATIONARY,NaN
AD7B2C12BFA253C7EAFE411004810F5DB81A2B0A1A09629E392D16B1C0D40A33,两太阳能板带角度过度:s1:b2,两太阳能板带角度过度.txt,两太阳能板带角度过度,1,654,EXCLUDED,Oblique crossing between two solar panels is outside the target operating scope,UNLABELED,NaN
3D846179A02C72C8D53EE169D45C83C8DE70304B1880A9FB854C80E8947426CC,两太阳能板带角度过度:s1:b3,两太阳能板带角度过度.txt,两太阳能板带角度过度,1,689,EXCLUDED,Oblique crossing between two solar panels is outside the target operating scope,UNLABELED,NaN
2943AE7F25AC9C6EDAC8120C9ADB84A538CDFB8242F99D1EBC89A02FB2DED095,两太阳能板带角度过度:s1:b4,两太阳能板带角度过度.txt,两太阳能板带角度过度,1,724,EXCLUDED,Oblique crossing between two solar panels is outside the target operating scope,UNLABELED,NaN
C2CFF487442550768BEBCF095B0C0DE43EF0458D7D10F81A70A69548A3B7ABF4,两太阳能板带角度过度:s1:b5,两太阳能板带角度过度.txt,两太阳能板带角度过度,1,758,EXCLUDED,Oblique crossing between two solar panels is outside the target operating scope,UNLABELED,NaN
77CE823F0FCE1952B91F38963EE0E0C15404453769957E901D10BAA9B53E797E,两太阳能板带角度过度:s1:b6,两太阳能板带角度过度.txt,两太阳能板带角度过度,1,793,EXCLUDED,Oblique crossing between two solar panels is outside the target operating scope,UNLABELED,NaN
79D58B987125556C0B1AE7380FF37B3779F10DE6E6A3AE1D33173726B1C4BBD9,两太阳能板带角度过度:s1:b7,两太阳能板带角度过度.txt,两太阳能板带角度过度,1,827,EXCLUDED,Oblique crossing between two solar panels is outside the target operating scope,UNLABELED,NaN
4E106CB5784F194200F18040FD6FF3C11A0BAA262E80C04F98C6F4B92578AEAA,两太阳能板带角度过度:s1:b8,两太阳能板带角度过度.txt,两太阳能板带角度过度,1,862,EXCLUDED,Oblique crossing between two solar panels is outside the target operating scope,UNLABELED,NaN
921C53B2EE810708558AC39B1989B1CC739168A48D0387461F0B5C2403736828,两太阳能板带角度过度:s1:b9,两太阳能板带角度过度.txt,两太阳能板带角度过度,1,896,EXCLUDED,Oblique crossing between two solar panels is outside the target operating scope,UNLABELED,NaN
43D819E8DE16BF22389553A614F458E8AE2B20E70BB4B21EB7C38C7D811A5921,两太阳能板带角度过度:s1:b10,两太阳能板带角度过度.txt,两太阳能板带角度过度,1,931,EXCLUDED,Oblique crossing between two solar panels is outside the target operating scope,UNLABELED,NaN
3DEC6F1B66340FC206BF79C848E2D2CE63D2442852823BA30A7328B5D80BCF39,两太阳能板带角度过度:s1:b11,两太阳能板带角度过度.txt,两太阳能板带角度过度,1,966,EXCLUDED,Oblique crossing between two solar panels is outside the target operating scope,UNLABELED,NaN
7BD716469981A5E7D7B95F2312E32CBEC6F16B318EA3E215D22E5C9827DDAF0E,两太阳能板带角度过度:s1:b12,两太阳能板带角度过度.txt,两太阳能板带角度过度,1,1001,EXCLUDED,Oblique crossing between two solar panels is outside the target operating scope,UNLABELED,NaN
E5B8A38C3DC6E5AACB37EF3C5DAEF1F974F8F3F90D32D829C43D3FD4999D331E,两太阳能板带角度过度:s1:b13,两太阳能板带角度过度.txt,两太阳能板带角度过度,1,1035,EXCLUDED,Oblique crossing between two solar panels is outside the target operating scope,UNLABELED,NaN
BF5264BBC747A9AE2069DE42A90CE88252E6C9CF53512F7DE09FE9690ACFD611,两太阳能板带角度过度:s1:b14,两太阳能板带角度过度.txt,两太阳能板带角度过度,1,1070,EXCLUDED,Oblique crossing between two solar panels is outside the target operating scope,UNLABELED,NaN
DC0A25228C26028BB9E9BC75EBAE9AA679373EF95DDEA64B68A8A089AA2E107A,两太阳能板带角度过度:s1:b15,两太阳能板带角度过度.txt,两太阳能板带角度过度,1,1104,EXCLUDED,Oblique crossing between two solar panels is outside the target operating scope,UNLABELED,NaN
2541AB276E8BDC75E0C5521EBCE3FE9884A9BD79DE778431C62DFAC427CBCBB8,两太阳能板带角度过度:s1:b16,两太阳能板带角度过度.txt,两太阳能板带角度过度,1,1139,EXCLUDED,Oblique crossing between two solar panels is outside the target operating scope,UNLABELED,NaN
EE648F4F4DE2B0B84D7883546045E05DEB26FB860A306E3192BAC3295B162773,两太阳能板带角度过度:s1:b17,两太阳能板带角度过度.txt,两太阳能板带角度过度,1,1173,EXCLUDED,Oblique crossing between two solar panels is outside the target operating scope,UNLABELED,NaN
A309D33C109DB4E8F3ECB90E46F0E9E3B3A4A95746159214A0D9842AA18FE208,两太阳能板带角度过度:s1:b18,两太阳能板带角度过度.txt,两太阳能板带角度过度,1,1209,EXCLUDED,Oblique crossing between two solar panels is outside the target operating scope,UNLABELED,NaN
78491F06DE07E32C569A47C9C364EA98E9C43D59E173B5AC667E698CFA36A08D,两太阳能板带角度过度:s1:b19,两太阳能板带角度过度.txt,两太阳能板带角度过度,1,1242,EXCLUDED,Oblique crossing between two solar panels is outside the target operating scope,UNLABELED,NaN
87D411B967C8B236A08FED7798C8FD0ABEC00AFBECF79DF94A0CA58BC1A67107,两太阳能板带角度过度:s1:b20,两太阳能板带角度过度.txt,两太阳能板带角度过度,1,1277,EXCLUDED,Oblique crossing between two solar panels is outside the target operating scope,UNLABELED,NaN
17C31C650FE8EFEB7A90B16AEA2FE6A395FF0E498A9BDBED31930318E259BBF5,两太阳能板带角度过度:s1:b21,两太阳能板带角度过度.txt,两太阳能板带角度过度,1,1312,EXCLUDED,Oblique crossing between two solar panels is outside the target operating scope,UNLABELED,NaN
201D5461CFD83A1B454B393BA3E0E2A4492D6A95D51C84D4542C97EA1E2350B7,两太阳能板带角度过度:s1:b22,两太阳能板带角度过度.txt,两太阳能板带角度过度,1,1347,EXCLUDED,Oblique crossing between two solar panels is outside the target operating scope,UNLABELED,NaN
14C2E76E43B57B5144F55191A8DBE3AE89B43C61ABE6B6F1CAFC6FC886B2688C,两太阳能板带角度过度:s1:b23,两太阳能板带角度过度.txt,两太阳能板带角度过度,1,1381,EXCLUDED,Oblique crossing between two solar panels is outside the target operating scope,UNLABELED,NaN
DEB03F402F36711D698B9B6E730B5BF97360288B41B04EB0C0E2C0118674FA1E,两太阳能板带角度过度:s1:b24,两太阳能板带角度过度.txt,两太阳能板带角度过度,1,1416,EXCLUDED,Oblique crossing between two solar panels is outside the target operating scope,UNLABELED,NaN
56718E899225C5FB564001FBB02E7EDBF3A9CD0025E8946C24F83761C3E594DA,两太阳能板带角度过度:s1:b25,两太阳能板带角度过度.txt,两太阳能板带角度过度,1,1450,EXCLUDED,Oblique crossing between two solar panels is outside the target operating scope,UNLABELED,NaN
499F9EEC66A7936304ADC1B1121B599108A2FC4BE64B7AFFA4CB0BB3F1588A83,两太阳能板带角度过度:s1:b26,两太阳能板带角度过度.txt,两太阳能板带角度过度,1,1485,EXCLUDED,Oblique crossing between two solar panels is outside the target operating scope,UNLABELED,NaN
C0A99F6A79966F97125060DC0A3DE4A86CA77F4D2B7A4482AFB6E4F17D106905,两太阳能板带角度过度:s1:b27,两太阳能板带角度过度.txt,两太阳能板带角度过度,1,1519,EXCLUDED,Oblique crossing between two solar panels is outside the target operating scope,UNLABELED,NaN
D9006859CED3E000CD55272644BC7373C2C0F09BEACD4148CFFE027130B3B575,太阳能板直角边源:s1:b2,太阳能板直角边源.txt,太阳能板直角边源,1,839,UNLABELED,,STATIONARY,NaN
CF79FBCF0DA8B9B58F0DE7B541757C7BE3316DDD2D0ED4DCAC0F8E4FD1E05F14,太阳能板直角边源:s1:b3,太阳能板直角边源.txt,太阳能板直角边源,1,872,UNLABELED,,STATIONARY,NaN
C29210BB4F28A4A23BAA3121A7451B22BA0854FE1D22256C5B6D32923F7E145A,太阳能板直角边源:s1:b4,太阳能板直角边源.txt,太阳能板直角边源,1,904,UNLABELED,,STATIONARY,NaN
E7DF82082170C375372C6D7AFEFB8A4E2DA4824AE5610CC20B05BB82290A274F,太阳能板直角边源:s1:b5,太阳能板直角边源.txt,太阳能板直角边源,1,936,UNLABELED,,STATIONARY,NaN
51554908A688BFC4AA90D2BD545B7465B9894EADD1E4887FD6F6E522B763A8FF,太阳能板直角边源:s1:b6,太阳能板直角边源.txt,太阳能板直角边源,1,970,UNLABELED,,STATIONARY,NaN
A446867858694E5CAB56628CF58F5DE38C041AC2EB53503C1407A3B5A9F62C75,太阳能板直角边源:s1:b7,太阳能板直角边源.txt,太阳能板直角边源,1,1004,UNLABELED,,STATIONARY,NaN
891C7F398499F5A2D62073723592AB0712A7673F8A6C4C4B15CA43BD64660318,太阳能板直角边源:s1:b8,太阳能板直角边源.txt,太阳能板直角边源,1,1038,UNLABELED,,STATIONARY,NaN
7487D10437B24BB5CC385B483180D0385CCFB6CF5A9096409650801FEBD96013,太阳能板直角边源:s1:b9,太阳能板直角边源.txt,太阳能板直角边源,1,1066,UNLABELED,,STATIONARY,NaN
0E8A153B5063E260DBFEB572154DA9BBCBD8537A9ABAEC1D1D6D73A98FEA1DF6,太阳能板直角边源:s2:b1,太阳能板直角边源.txt,太阳能板直角边源,2,487,UNLABELED,,STATIONARY,NaN
45A7CA0A1C3B66422627F9003B96F4798FF746F33ABCC1FCB75A733505AF5865,太阳能板直角边源:s2:b2,太阳能板直角边源.txt,太阳能板直角边源,2,521,UNLABELED,,STATIONARY,NaN
51BF58C89E8B4FBD23DC2ED7447AF78D6469014555C10516D2AB7A794D4C0BDB,太阳能板直角边源:s2:b3,太阳能板直角边源.txt,太阳能板直角边源,2,557,UNLABELED,,STATIONARY,NaN
51FF037625EA53DB681A9245BA347D364D1F8A2D7990733EDC0DA0167379BAD6,太阳能板直角边源:s2:b4,太阳能板直角边源.txt,太阳能板直角边源,2,590,UNLABELED,,STATIONARY,NaN
43A814ED478E4B0A2256668F5BC67EE7C45890430188EB0C1E415BA67F8AD256,太阳能板直角边源:s2:b5,太阳能板直角边源.txt,太阳能板直角边源,2,626,UNLABELED,,STATIONARY,NaN
14F88F2F58E8D3C86F699D028F4323BE75D08DB36F95093E9CC1EAF8ECC93D95,太阳能板直角边源:s2:b6,太阳能板直角边源.txt,太阳能板直角边源,2,660,UNLABELED,,TURN_LEFT,NaN
E4C570265860EDCA286E684EFFA745B1E739FC85A4AE8D55D3C86AD2F421DA35,太阳能板直角边源:s2:b7,太阳能板直角边源.txt,太阳能板直角边源,2,695,UNLABELED,,TURN_LEFT,NaN
6ABD3EDEEEFBACCF20EC156F17207F6DDD5A6516D1ACD41D1A583C7DAE404F4C,太阳能板直角边源:s2:b8,太阳能板直角边源.txt,太阳能板直角边源,2,729,UNLABELED,,TURN_LEFT,NaN
F65C8B7FA32257E9CFA174B913AA9DE74A53083E724691357447C8D1C3D7DF23,太阳能板直角边源:s2:b9,太阳能板直角边源.txt,太阳能板直角边源,2,764,UNLABELED,,STATIONARY,NaN
7F59B3525A6E14A6936D7C3CA09B8B359E76D314E77B702A2E6E1A7FB391BC77,太阳能板直角边源:s2:b10,太阳能板直角边源.txt,太阳能板直角边源,2,799,UNLABELED,,STATIONARY,NaN
654ED20CFFAE53B720FC5D5DF928C7DB28135BC96698FEAAA4B021F9086E48F1,太阳能板直角边源:s2:b11,太阳能板直角边源.txt,太阳能板直角边源,2,833,UNLABELED,,STATIONARY,NaN
6DAF3CE5CB4B3CDBB2A405AE15B9F0BC8D49FAF6BD17C967975C1983F1C89E90,太阳能板直角边源:s2:b12,太阳能板直角边源.txt,太阳能板直角边源,2,868,UNLABELED,,STATIONARY,NaN
398BB92D8840509E09A70AA7A163F1E77EC52F9818CAACB8BDABD36FB5AE83AB,太阳能板直角边源:s3:b1,太阳能板直角边源.txt,太阳能板直角边源,3,3,UNLABELED,,STATIONARY,NaN
473A1590E71D21521EB65A3D316FD43738C0BE8B844D0FC240C26F6C3B6779C7,太阳能板直角边源:s3:b2,太阳能板直角边源.txt,太阳能板直角边源,3,173,UNLABELED,,STATIONARY,NaN
BD1F37F5790785E5D5AE9654E8A7FB130166523CF92C65B00D93470979CCDA4B,太阳能板直角边源:s3:b3,太阳能板直角边源.txt,太阳能板直角边源,3,207,UNLABELED,,STATIONARY,NaN
002B1E4C14F970A88FA95E01404B9E2632B4C912226B8B65852281B93DF90AC2,太阳能板直角边源:s3:b4,太阳能板直角边源.txt,太阳能板直角边源,3,242,UNLABELED,,STATIONARY,NaN
2ED97FA0B21C76F1EE37D77427E63402996828972904DA0CCC04463A3DAFCF91,太阳能板直角边源:s4:b2,太阳能板直角边源.txt,太阳能板直角边源,4,3990,UNLABELED,,STATIONARY,NaN
406D3353B583B2C3EE4B7588D4BFFBFF19C1AC024939F0905A1BCA9697B5D38A,太阳能板直角边源:s4:b3,太阳能板直角边源.txt,太阳能板直角边源,4,4024,UNLABELED,,STATIONARY,NaN
DAE0E79AFE3B8C0127FA30DD66EDCF98E41D95D07948E736677E876E45C75E5C,太阳能板直角边源:s4:b4,太阳能板直角边源.txt,太阳能板直角边源,4,4059,UNLABELED,,STATIONARY,NaN
5DF5C8AFDB8F4CAB8775CFE07CC2F61FFD9115020E4DBF30CF49EEE12DA40A6A,太阳能板直角边源:s5:b1,太阳能板直角边源.txt,太阳能板直角边源,5,3,UNLABELED,,STATIONARY,NaN
6FF73D24FCC90CD67245092876FAB5EF1323EED8AE45F9B1CD60C896E0E05C44,太阳能板直角边源:s5:b2,太阳能板直角边源.txt,太阳能板直角边源,5,36,UNLABELED,,STATIONARY,NaN
80C2B88BB71E270A79EE3A3C4BB29F607D4A37B75DE88EC4B129B8EB86DB5B2D,太阳能板直角边源:s5:b3,太阳能板直角边源.txt,太阳能板直角边源,5,71,UNLABELED,,STATIONARY,NaN
90046EF32EA7B470F21BB1E391A9A2633C1A69FC0BA365AC25AB9FDEA9169226,太阳能板直角边源:s5:b4,太阳能板直角边源.txt,太阳能板直角边源,5,106,UNLABELED,,STATIONARY,NaN
0AEE2F5D1593E343606CD44C038DD45E13513F45422AB890984FF9845133C200,太阳能板直角边源:s5:b5,太阳能板直角边源.txt,太阳能板直角边源,5,140,UNLABELED,,STATIONARY,NaN
A8DC90129AAF8DD5B52DD7352F4A0AE808567DDD7BAC74968578959BC5CFAD48,太阳能板直角边源:s5:b6,太阳能板直角边源.txt,太阳能板直角边源,5,176,UNLABELED,,STATIONARY,NaN
D18BDE2152333CC1FB3CCD3F06EE70862DE16EA4DA968E0A49DB116378E7B962,太阳能板直角边源:s5:b7,太阳能板直角边源.txt,太阳能板直角边源,5,210,UNLABELED,,STATIONARY,NaN
0B541DF0F0C03512DB5BE3E23A45AFD70D7189AA6FBE217286EB73CC4CB91005,太阳能板直角边源:s5:b8,太阳能板直角边源.txt,太阳能板直角边源,5,245,UNLABELED,,STATIONARY,NaN
AD129F0D5FC025802EAB18011859539B7CD43E76EA0C9244358913D53B5205F2,太阳能板直角边源:s5:b9,太阳能板直角边源.txt,太阳能板直角边源,5,279,UNLABELED,,STATIONARY,NaN
FBB606B6B926D3FF5252023F148C435E900A613C7F5F09EA121841E0A06C8275,太阳能板直角边源:s5:b10,太阳能板直角边源.txt,太阳能板直角边源,5,314,UNLABELED,,STATIONARY,NaN
D4770D36E6BCED06A02F0310FF60365583C85BD1023C208FDBFF716656B88292,太阳能板直角边源:s5:b11,太阳能板直角边源.txt,太阳能板直角边源,5,349,UNLABELED,,STATIONARY,NaN
E100C652211E59E78D24CAC65DFE895DDF4F15BF833F401CFFE0654B59B0EDE5,太阳能板直角边源:s5:b12,太阳能板直角边源.txt,太阳能板直角边源,5,383,UNLABELED,,STATIONARY,NaN
1FA8364AB76A4B0C520BC0BE20401BAF701C9891D9B16B444458BC8B6F6AF7C5,太阳能板直角边源:s5:b13,太阳能板直角边源.txt,太阳能板直角边源,5,418,UNLABELED,,STATIONARY,NaN
423CF4C3220714A9C3A9B2B283EBE747BCE898CB44E213F72EBA7125E1B80969,太阳能板直角边源:s5:b14,太阳能板直角边源.txt,太阳能板直角边源,5,452,UNLABELED,,STATIONARY,NaN
510A0F18689F3B74A9F9B75058BB5A528EB0379E1AD404C4A70B10DF218C1871,太阳能板直角边源:s5:b15,太阳能板直角边源.txt,太阳能板直角边源,5,487,UNLABELED,,STATIONARY,NaN
3FF5DCEA5334EF4CC81870EF702D964C621B5FD367270271E192FCAC73B2908E,太阳能板直角边源:s5:b16,太阳能板直角边源.txt,太阳能板直角边源,5,521,UNLABELED,,STATIONARY,NaN
C9C2655A7775A6E0D782D3BAFAE63EE52604FD2E45DE03E24668FF84DDF80108,太阳能板直角边源:s5:b17,太阳能板直角边源.txt,太阳能板直角边源,5,556,UNLABELED,,STATIONARY,NaN
7E21C6AC39F4BB9651DFF9F9B57A0D9CB12E19780052FF597D528B7514AC5179,太阳能板直角边源:s5:b18,太阳能板直角边源.txt,太阳能板直角边源,5,591,UNLABELED,,STATIONARY,NaN
A1E310C49AA3F8E7025B9F142D46A72B0B6D7167BF390EDDF94BB628FA411126,太阳能板直角边源:s5:b19,太阳能板直角边源.txt,太阳能板直角边源,5,626,UNLABELED,,STATIONARY,NaN
542BF57236B2B1EF6A7D33504451DB03F58119ECDC768378B71999627A3FC0C6,太阳能板直角边源:s5:b20,太阳能板直角边源.txt,太阳能板直角边源,5,660,UNLABELED,,STATIONARY,NaN
1F43DCE61E012AAA4B811B7D5279B1ADF2583D02476E8464A02C36D8A0E7A6FF,太阳能板直角边源:s5:b21,太阳能板直角边源.txt,太阳能板直角边源,5,695,UNLABELED,,STATIONARY,NaN
D4726A6E720BD3D124C4F5A1081DC0FD63293588E53DB6976AF71BF4C8BBB109,太阳能板直角边源:s5:b22,太阳能板直角边源.txt,太阳能板直角边源,5,730,UNLABELED,,STATIONARY,NaN
B4E9ED857D439208325CAA48EE559ACEB01515A14FB5206D462189B117D68688,太阳能板直角边源:s5:b23,太阳能板直角边源.txt,太阳能板直角边源,5,764,UNLABELED,,STATIONARY,NaN
B205A12D844DEE8FE1B0080470DBAB09725EF042A573C52156526E339214BC30,太阳能板直角边源:s5:b24,太阳能板直角边源.txt,太阳能板直角边源,5,798,UNLABELED,,STATIONARY,NaN
7DB4D3B426E96C8B5822C740CBF88D9BA55409FCB0A655A38AE624C01CCAEE5E,太阳能板直角边源:s5:b25,太阳能板直角边源.txt,太阳能板直角边源,5,833,UNLABELED,,STATIONARY,NaN
F774E7C854C456AC765C2A8FD8530D044669E741F15300FD3880E1C55BA6C71B,太阳能板直角边源:s5:b26,太阳能板直角边源.txt,太阳能板直角边源,5,867,UNLABELED,,STATIONARY,NaN
99E374F3FA0204E3EA60E47A32107A5FF739392DCC51564E72D76DBC1C5E5992,太阳能板直角边源:s5:b27,太阳能板直角边源.txt,太阳能板直角边源,5,902,UNLABELED,,STATIONARY,NaN
0AD0A889BA96937EC74B62B3CB9021A08BB3C7B1EBA75DECE3D3846A737C41E5,太阳能板直角边源:s6:b1,太阳能板直角边源.txt,太阳能板直角边源,6,3,UNLABELED,,STATIONARY,NaN
E3FD1771AADAA370EFC1020A6F42323E19C570B6EC2F936F310450B7F75C1CB1,太阳能板直角边源:s6:b2,太阳能板直角边源.txt,太阳能板直角边源,6,37,UNLABELED,,STATIONARY,NaN
E3CBB34151DA764E7AB0D206706F5C26AA6CE634A342F4511E1A50ED0F2E2780,太阳能板直角边源:s6:b3,太阳能板直角边源.txt,太阳能板直角边源,6,72,UNLABELED,,STATIONARY,NaN
910ABE6250C85699C01910176DDC4C8F9A559C4006BA9180FFDFF0DA1966ECDA,太阳能板直角边源:s6:b4,太阳能板直角边源.txt,太阳能板直角边源,6,106,UNLABELED,,STATIONARY,NaN
806399C40EF4F44BDBEDD499C4EA27025859A86B422A5244D633472D9BF944A1,太阳能板直角边源:s6:b5,太阳能板直角边源.txt,太阳能板直角边源,6,140,UNLABELED,,STATIONARY,NaN
39A6FC0AFF4039F3EF77D9B3E936F313D9014EFA3840E1703CCED1BE1372130B,太阳能板直角边源:s6:b6,太阳能板直角边源.txt,太阳能板直角边源,6,175,UNLABELED,,STATIONARY,NaN
78111520F8317485EE004097B3E2D9432D18AB8C00B86FC41D87F8DBC0DFF884,太阳能板直角边源:s6:b7,太阳能板直角边源.txt,太阳能板直角边源,6,210,UNLABELED,,STATIONARY,NaN
30613FAFB18DECCC82822BF32D18F162E82F52875F66E8BD8D6A59D96BA138FB,太阳能板直角边源:s6:b8,太阳能板直角边源.txt,太阳能板直角边源,6,244,UNLABELED,,STATIONARY,NaN
4A7418D5503D784C18341C21A3F6E20C95AE141DBA5B23DAD82E65A532301BBD,太阳能板直角边源:s6:b9,太阳能板直角边源.txt,太阳能板直角边源,6,279,UNLABELED,,STATIONARY,NaN
FAE993D80C5F510F340D0E348948EF907EBEE97D2690D2611219E0CC4F641396,太阳能板直角边源:s6:b10,太阳能板直角边源.txt,太阳能板直角边源,6,314,UNLABELED,,STATIONARY,NaN
029D0B0892C8D06CC03626B16AFE0897D39632C28E1A806466E609DE9E34306F,太阳能板直角边源:s6:b11,太阳能板直角边源.txt,太阳能板直角边源,6,348,UNLABELED,,STATIONARY,NaN
667EFD7EABD5F7AF7239C0560379B1F46771A598C8E6FF114FE2111C24315758,太阳能板直角边源:s6:b12,太阳能板直角边源.txt,太阳能板直角边源,6,383,UNLABELED,,STATIONARY,NaN
E0F5EE3B8E450A64BF17E9652B305E1CC10822008725DB7DD5B08788178322FA,太阳能板直角边源:s6:b13,太阳能板直角边源.txt,太阳能板直角边源,6,417,UNLABELED,,STATIONARY,NaN
06F01158CDDE2144AA14D362768208ADF265779E63EBA134AA491BFF5239A446,太阳能板直角边源:s6:b14,太阳能板直角边源.txt,太阳能板直角边源,6,452,UNLABELED,,STATIONARY,NaN
3403BD3F85644597E274CBAAC1FED6A94F607E91EFD94FC79D88A345CA2846B3,太阳能板直角边源:s6:b15,太阳能板直角边源.txt,太阳能板直角边源,6,486,UNLABELED,,STATIONARY,NaN
2F28442DBAE785D94F14F2F8A21E6E3F01D2ED007F73E4E9A426E6506BA3CA62,太阳能板直角边源:s6:b16,太阳能板直角边源.txt,太阳能板直角边源,6,521,UNLABELED,,STATIONARY,NaN
5D4BF1A8E94A4EFCDCAE7D8A7B653B7C1A5D014369D9E417B668BB6170CE15A7,太阳能板直角边源:s6:b17,太阳能板直角边源.txt,太阳能板直角边源,6,556,UNLABELED,,STATIONARY,NaN
01FE751C3353EB37497B90B1A8D1348120F932F9CD5B8F2A927AF28800CEAD6E,太阳能板直角边源:s6:b18,太阳能板直角边源.txt,太阳能板直角边源,6,591,UNLABELED,,STATIONARY,NaN
AE1DBD35746AB701B4DB61E5E2A1CC0CE485087F05B2A046E609A329F355D575,太阳能板直角边源:s6:b19,太阳能板直角边源.txt,太阳能板直角边源,6,625,UNLABELED,,STATIONARY,NaN
929C9A5013201BBAB2780E5654BA94A8CEB1DDC72B0B82E07A7270DC91F497B0,太阳能板直角边源:s6:b20,太阳能板直角边源.txt,太阳能板直角边源,6,660,UNLABELED,,STATIONARY,NaN
C194861DEC6125D8F88E4EE5175472191047BE939F84D923ECFD940D0F364835,太阳能板直角边源:s6:b21,太阳能板直角边源.txt,太阳能板直角边源,6,694,UNLABELED,,STATIONARY,NaN
B76AA5128322DD8F81E6D679CEB7A3AAEDF81305A89291823A5B7C80D4527B43,太阳能板直角边源:s6:b22,太阳能板直角边源.txt,太阳能板直角边源,6,729,UNLABELED,,STATIONARY,NaN
2D45517D19DD855241026274A82BDD9831A3B0121BB940F768E00D5B233FFA0F,太阳能板直角边源:s6:b23,太阳能板直角边源.txt,太阳能板直角边源,6,764,UNLABELED,,STATIONARY,NaN
8BD8D9250B1C7BCACA01C94FC396D0EEF2A3E12DBAE77AA65EC999951D0220BE,太阳能板直角边源:s6:b24,太阳能板直角边源.txt,太阳能板直角边源,6,798,UNLABELED,,FORWARD,NaN
9F4E7129CE3BA849C08E4B73D88E1E820EBF5320E0A814A812F0DB17B8B56177,太阳能板直角边源:s6:b25,太阳能板直角边源.txt,太阳能板直角边源,6,833,UNLABELED,,STATIONARY,NaN
CB6A71CF87A6E02438D50EC419C9F3CE2FBB500FE80C29E5B46658FB00F2092E,太阳能板直角边源:s6:b26,太阳能板直角边源.txt,太阳能板直角边源,6,868,UNLABELED,,FORWARD,NaN
7484C6978DC0C7470B15186E91BD3472D2A61773728BACBED95678900843EDA0,太阳能板直角边源:s6:b27,太阳能板直角边源.txt,太阳能板直角边源,6,902,UNLABELED,,STATIONARY,NaN
C799B312FC434AC9C529200A8246687308749DB917BE5639C9D3DC1590E140FC,太阳能板直角边源:s6:b28,太阳能板直角边源.txt,太阳能板直角边源,6,937,UNLABELED,,STATIONARY,NaN
1AB8D98ACE026974929E192EAEC523F8A55EA5982EA43B676A65D757B963ECA0,太阳能板直角边源:s6:b29,太阳能板直角边源.txt,太阳能板直角边源,6,971,UNLABELED,,STATIONARY,NaN
3442C38E564F56156828591A22B90120832D4763DD9BA7FFE83C09D91D046B26,太阳能板直角边源:s6:b30,太阳能板直角边源.txt,太阳能板直角边源,6,1006,UNLABELED,,STATIONARY,NaN
7FD8D86AFCCC30121642671DDF45CFEE9AC3907614E77800011F40919DB32E94,太阳能板直角边源:s6:b31,太阳能板直角边源.txt,太阳能板直角边源,6,1041,UNLABELED,,STATIONARY,NaN
33BEAF89A09B9B37F6038F41BBB5692783CFD9C9C87E5A7265AF8EC41D4DABA2,太阳能板直角边源:s6:b32,太阳能板直角边源.txt,太阳能板直角边源,6,1076,UNLABELED,,STATIONARY,NaN
D8AF87F8ED3A5B0783EC758B695A1D2CB4A495C2FD3287FE0061C3A35BD82081,太阳能板直角边源:s6:b33,太阳能板直角边源.txt,太阳能板直角边源,6,1110,UNLABELED,,STATIONARY,NaN
6EAB8C97179289C0044E726794331110EE3FB6F2916CCD2B1F1814C5FB9DD1BD,太阳能板直角边源:s6:b34,太阳能板直角边源.txt,太阳能板直角边源,6,1145,UNLABELED,,STATIONARY,NaN
212F7760C978A73343C238122CD2867E5BF4E3CD779786EEAAE10A8FCCF941C3,太阳能板直角边源:s6:b35,太阳能板直角边源.txt,太阳能板直角边源,6,1180,UNLABELED,,STATIONARY,NaN
E59780318301DEC60F894A87E8CC8F55DE1832AF229040E76C976E4EA8A13894,太阳能板直角边源:s7:b1,太阳能板直角边源.txt,太阳能板直角边源,7,3,UNLABELED,,UNKNOWN,NaN
D2C0F694616045A7F603B66DA8D4F5AFF6A9B71A8D912117EDB6138C471DDF7F,太阳能板直角边源:s7:b2,太阳能板直角边源.txt,太阳能板直角边源,7,201,UNLABELED,,UNKNOWN,NaN
FBB0DCF0535B841B187AD1F1D5EB267717BA0CD2C7FAC22D35661EACB1F1A8FF,太阳能板直角边源:s7:b3,太阳能板直角边源.txt,太阳能板直角边源,7,236,UNLABELED,,UNKNOWN,NaN
B49FB54ED62A50D6A02AB283F100022843E6FBA8BC431DCF5A4D51C38CC98AD7,太阳能板直角边源:s7:b4,太阳能板直角边源.txt,太阳能板直角边源,7,270,UNLABELED,,UNKNOWN,NaN
3FF86C2934DF785148FA895FFE78211C6CDA1373580064B45977E862AA1B09B0,太阳能板直角边源:s7:b5,太阳能板直角边源.txt,太阳能板直角边源,7,305,UNLABELED,,UNKNOWN,NaN
2C7731E9CFABCAA8AF9166F68E3BFC09C9EE19D2EEE61EEA336073FA101F6B66,太阳能板直角边源:s7:b6,太阳能板直角边源.txt,太阳能板直角边源,7,339,UNLABELED,,UNKNOWN,NaN
40DB47A5784884ACD6DB0F6CD06AA36B6857FC2CC05AE84892A85068D913E537,太阳能板直角边源:s7:b7,太阳能板直角边源.txt,太阳能板直角边源,7,375,UNLABELED,,UNKNOWN,NaN
F6A57B4BCB0E811A196C3556A4AF70E443BD6CB596BFB1B4BE21265DBEDAA9B7,太阳能板直角边源:s7:b8,太阳能板直角边源.txt,太阳能板直角边源,7,409,UNLABELED,,UNKNOWN,NaN
9E30A82DE19DC2B1F2B7295987747A2E97AB762A70E463074103C148AE0E7B2F,太阳能板直角边源:s7:b9,太阳能板直角边源.txt,太阳能板直角边源,7,444,UNLABELED,,UNKNOWN,NaN
19F79C4098B9B038F099B1F7787ADD4D989125C4C885368D1F090A4C9E7897FF,太阳能板直角边源:s7:b10,太阳能板直角边源.txt,太阳能板直角边源,7,479,UNLABELED,,STATIONARY,NaN
0F84854B43984AD31A8122C6B29545AF640BB5D2BC763D76CE72877F1A99F679,太阳能板直角边源:s7:b11,太阳能板直角边源.txt,太阳能板直角边源,7,513,UNLABELED,,STATIONARY,NaN
B2BF6B9DC8A7EB5092D6DE917A21EBB2F0591301D119F70B645858022EBF4D86,太阳能板直角边源:s7:b12,太阳能板直角边源.txt,太阳能板直角边源,7,548,UNLABELED,,STATIONARY,NaN
885FC4A2D478BE78D235B9750CD8729CFD713F6DC4AA780D4F6CCCC6CAFF33BE,太阳能板直角边源:s7:b13,太阳能板直角边源.txt,太阳能板直角边源,7,582,UNLABELED,,STATIONARY,NaN
A6CCDD310B818494768142064A4DC01C9AFF95CF12A900CBE0F384A3333B3749,太阳能板直角边源:s7:b14,太阳能板直角边源.txt,太阳能板直角边源,7,616,UNLABELED,,STATIONARY,NaN
A98D50CFACCD05ADDE1679B7131EA778D7D4089213C613ED430F2F36C68FC4F8,太阳能板直角边源:s7:b15,太阳能板直角边源.txt,太阳能板直角边源,7,651,UNLABELED,,STATIONARY,NaN
2D644EACD18E6BA1E9B2DBB70C55328CFEF04DAEF9BAC2E2A3CC9AC4C01B7F3F,太阳能板直角边源:s7:b16,太阳能板直角边源.txt,太阳能板直角边源,7,686,UNLABELED,,STATIONARY,NaN
4A9079D5C1A1FD0A43E16EEA0B3E3F3BBDAED7A3AEFC0386D5F0F189F3189A10,太阳能板直角边源:s7:b17,太阳能板直角边源.txt,太阳能板直角边源,7,720,UNLABELED,,STATIONARY,NaN
110A35CDDF0F431E72D45B777629D69049EF6D5F62B0F87D0F26A718F34258E3,太阳能板直角边源:s7:b18,太阳能板直角边源.txt,太阳能板直角边源,7,755,UNLABELED,,STATIONARY,NaN
803D1F6CB3AC83F342139C0A4D8420EE0D85CAD2EE0802E06526CCF41FFB0F47,太阳能板直角边源:s7:b19,太阳能板直角边源.txt,太阳能板直角边源,7,790,UNLABELED,,STATIONARY,NaN
AFAB6AC0EAD54EBF8B38DDE8822133F53B233C650C94D0A03039D4B59868C4D5,太阳能板直角边源:s7:b20,太阳能板直角边源.txt,太阳能板直角边源,7,824,UNLABELED,,STATIONARY,NaN
6DBA8467056C129BA94277C7EF343661FA75909FF70892FCB24F519F656A5F7F,太阳能板直角边源:s7:b21,太阳能板直角边源.txt,太阳能板直角边源,7,859,UNLABELED,,STATIONARY,NaN
FCF4625C1CE6655A52A59FE9FB11A11AB6AFBC91E8642B8B45E526E8A0A54DCF,太阳能板直角边源:s7:b22,太阳能板直角边源.txt,太阳能板直角边源,7,894,UNLABELED,,STATIONARY,NaN
E25A927F3BC6A9F064E183D91B55467C1A00ECEB949779236F005A0B70B154FD,太阳能板直角边源:s7:b23,太阳能板直角边源.txt,太阳能板直角边源,7,928,UNLABELED,,STATIONARY,NaN
6A2CC03BFB91C96655A59DB547264C284A3C321FA188946AE5561C342C3D3D44,太阳能板直角边源:s7:b24,太阳能板直角边源.txt,太阳能板直角边源,7,963,UNLABELED,,STATIONARY,NaN
5DDC34F311C1519455C8EA2DCA5695146B6D3A9BDE256A25723CCD3620290A01,太阳能板直角边源:s7:b25,太阳能板直角边源.txt,太阳能板直角边源,7,997,UNLABELED,,STATIONARY,NaN
42805D1F9F86B9F8ED4BAF07D3E58FBC46E5E8226EFB32428AB8E6B61D034E80,太阳能板直角边源:s8:b1,太阳能板直角边源.txt,太阳能板直角边源,8,3,EXCLUDED,Source capture segment corresponding to oblique two-panel crossing,UNLABELED,NaN
E0632779E14AE3F86CF67F668735171308EF602BD1AEAB14F4E7DB23694AEFE3,太阳能板直角边源:s8:b2,太阳能板直角边源.txt,太阳能板直角边源,8,100,EXCLUDED,Source capture segment corresponding to oblique two-panel crossing,UNLABELED,NaN
6836C9B686E814A264A925BB88B11C7B27B8D89DA1865A4FFEB9E614D05EDF67,太阳能板直角边源:s8:b3,太阳能板直角边源.txt,太阳能板直角边源,8,135,EXCLUDED,Source capture segment corresponding to oblique two-panel crossing,UNLABELED,NaN
B816C71A2A699563C99C56920C875EC6968CB8F04596215108A25E86CEF64922,太阳能板直角边源:s8:b4,太阳能板直角边源.txt,太阳能板直角边源,8,169,EXCLUDED,Source capture segment corresponding to oblique two-panel crossing,UNLABELED,NaN
9C7CEF5667E2FA296F8EC814A0D7987CEE1B06348972992BC1286F356930211A,太阳能板直角边源:s8:b5,太阳能板直角边源.txt,太阳能板直角边源,8,204,EXCLUDED,Source capture segment corresponding to oblique two-panel crossing,UNLABELED,NaN
6743E554C740BD00F933913432CFF6C2627FB133BFA589DD135CDB86267727D2,太阳能板直角边源:s8:b6,太阳能板直角边源.txt,太阳能板直角边源,8,239,EXCLUDED,Source capture segment corresponding to oblique two-panel crossing,UNLABELED,NaN
A2B3E469A30A708EAFD1A7E1874D3499DEC3B5C5F4439E13838175FB06831CE4,太阳能板直角边源:s8:b7,太阳能板直角边源.txt,太阳能板直角边源,8,273,EXCLUDED,Source capture segment corresponding to oblique two-panel crossing,UNLABELED,NaN
F77AD6E192C3D83B378C56C28EF526E18BB3D53E1D75295026EE4807F80CD12C,太阳能板直角边源:s8:b8,太阳能板直角边源.txt,太阳能板直角边源,8,308,EXCLUDED,Source capture segment corresponding to oblique two-panel crossing,UNLABELED,NaN
70517E6BA3BE6C196518DD454DB1D76441DF14423654F938C6EB127FEEA09E60,太阳能板直角边源:s8:b9,太阳能板直角边源.txt,太阳能板直角边源,8,343,EXCLUDED,Source capture segment corresponding to oblique two-panel crossing,UNLABELED,NaN
4FC13B1B3E6E106DD500535611B201FA9E77A3F0F736B5BB8037DBCC15C70A8C,太阳能板直角边源:s8:b10,太阳能板直角边源.txt,太阳能板直角边源,8,377,EXCLUDED,Source capture segment corresponding to oblique two-panel crossing,UNLABELED,NaN
4233707ABB75665700C8845600D3ACA8B14361930FB0F5AABB3BBD6E79FAB950,太阳能板直角边源:s8:b11,太阳能板直角边源.txt,太阳能板直角边源,8,412,EXCLUDED,Source capture segment corresponding to oblique two-panel crossing,UNLABELED,NaN
4A79B370454BFE7C88B470B522DF0EDA7C4F514C0AD0B1593FD8152A4DDD2F60,太阳能板直角边源:s8:b12,太阳能板直角边源.txt,太阳能板直角边源,8,447,EXCLUDED,Source capture segment corresponding to oblique two-panel crossing,UNLABELED,NaN
606AB5DB6FE5A8667A8E52ABE9DAC2CD9490E2A6A876A92639E272755C563E33,太阳能板直角边源:s8:b13,太阳能板直角边源.txt,太阳能板直角边源,8,481,EXCLUDED,Source capture segment corresponding to oblique two-panel crossing,UNLABELED,NaN
AE52184967A9BD0BACEAC7C86F73952E82078E8CCDFE505E80F1DC74DA037D45,太阳能板直角边源:s8:b14,太阳能板直角边源.txt,太阳能板直角边源,8,516,EXCLUDED,Source capture segment corresponding to oblique two-panel crossing,UNLABELED,NaN
E17DA7C31F78C25E7A80319A818CF80DD498E6E6F3BD3982C1F688425B023671,太阳能板直角边源:s8:b15,太阳能板直角边源.txt,太阳能板直角边源,8,550,EXCLUDED,Source capture segment corresponding to oblique two-panel crossing,UNLABELED,NaN
DB4D05802F614BB2DC43B0D71DDFB283AF58782040541C46303F36089DCA3E42,太阳能板直角边源:s8:b16,太阳能板直角边源.txt,太阳能板直角边源,8,585,EXCLUDED,Source capture segment corresponding to oblique two-panel crossing,UNLABELED,NaN
8DD8100A5D42C54B3D3E34A824063C8D342F03C0B629EA481732712E42A4CD18,太阳能板直角边源:s8:b17,太阳能板直角边源.txt,太阳能板直角边源,8,620,EXCLUDED,Source capture segment corresponding to oblique two-panel crossing,UNLABELED,NaN
57D2FC2E7615A795F2530F1A3A6431BCAFE7610327E2C799C7554B7C90412B0F,太阳能板直角边源:s9:b1,太阳能板直角边源.txt,太阳能板直角边源,9,3,UNLABELED,,STATIONARY,NaN
C6C6C869F79E878AC1704B1C80DA49CD280BC08347794EB996D6EE863C5B7870,太阳能板直角边源:s9:b2,太阳能板直角边源.txt,太阳能板直角边源,9,94,UNLABELED,,STATIONARY,NaN
9D0A07186535088DDA947A397760BE81111825A688D262C6504B75E1F4E84C1C,太阳能板直角边源:s9:b3,太阳能板直角边源.txt,太阳能板直角边源,9,129,UNLABELED,,STATIONARY,NaN
8647F90F9ADDFFD97E135B91A498F0A13CCAE8CD6EE7D54779E1AAAE3712F6A4,太阳能板直角边源:s9:b4,太阳能板直角边源.txt,太阳能板直角边源,9,164,UNLABELED,,STATIONARY,NaN
65D05D20B4CF79D0E04A409548E50DDF040F804B48BAA0A86D2334706908255A,太阳能板直角边源:s9:b5,太阳能板直角边源.txt,太阳能板直角边源,9,198,UNLABELED,,TURN_RIGHT,NaN
BA3A4D559ECBDF1CA7019C5C6904E590A88D3B7B8A0C10CCFAB5DC5722AF5BD7,太阳能板直角边源:s9:b6,太阳能板直角边源.txt,太阳能板直角边源,9,233,UNLABELED,,TURN_RIGHT,NaN
B274E9C520EF8570024C4234720B8372569795DDCC9444FF68F3A3785FF5E806,太阳能板直角边源:s9:b7,太阳能板直角边源.txt,太阳能板直角边源,9,267,UNLABELED,,TURN_RIGHT,NaN
6BE889CDFF699BAEA08E6AFA084453E9EC294ACA990443410E57E7ADA0434C4D,太阳能板直角边源:s9:b8,太阳能板直角边源.txt,太阳能板直角边源,9,303,UNLABELED,,TURN_RIGHT,NaN
1CD2269326A1E253093A9A786D3D1E6526731BB5F5F6A7BB2F6FD976803F7E73,太阳能板直角边源:s9:b9,太阳能板直角边源.txt,太阳能板直角边源,9,337,UNLABELED,,TURN_RIGHT,NaN
92F0929ED692BAEC23C062DA6C35DE75B94CDE28A3BEEB973DE10C40F8BE711B,太阳能板直角边源:s9:b10,太阳能板直角边源.txt,太阳能板直角边源,9,372,UNLABELED,,TURN_RIGHT,NaN
0EFFC6D4BA127E587CA143A53C2217B1D32DDEA59854B828B5D38AFE372CF2F8,太阳能板直角边源:s9:b11,太阳能板直角边源.txt,太阳能板直角边源,9,406,UNLABELED,,TURN_RIGHT,NaN
C782ECAEC435A27A325657CCBAB1EEFD350C201810035E00807E45BAF2975505,太阳能板直角边源:s9:b12,太阳能板直角边源.txt,太阳能板直角边源,9,441,UNLABELED,,TURN_RIGHT,NaN
17D66086979E17F1EFAB0D0A38196D6F4C348DA372C1FD3B38CABBC440F40F85,太阳能板直角边源:s9:b13,太阳能板直角边源.txt,太阳能板直角边源,9,475,UNLABELED,,TURN_RIGHT,NaN
2AFCCE6964A94717EEECAB66316B1308565204208B59768A82BE59BB7F8BBA6C,太阳能板直角边源:s9:b14,太阳能板直角边源.txt,太阳能板直角边源,9,510,UNLABELED,,TURN_RIGHT,NaN
1E6FE128101AE8B1E24C5BFF352901C4263E1F1D7CA83C172F38F53659C10505,太阳能板直角边源:s9:b15,太阳能板直角边源.txt,太阳能板直角边源,9,544,UNLABELED,,TURN_RIGHT,NaN
1960F0BE83764D0889073FA56CDA5886A3C1780CA0F1EA2228D11087C3E726AF,太阳能板直角边源:s9:b16,太阳能板直角边源.txt,太阳能板直角边源,9,579,UNLABELED,,TURN_RIGHT,NaN
F24B9D0F73E0FA8142791666473A6F844E8D5AB90AC6AF72CCA16EA06CCE4CFA,太阳能板直角边源:s9:b17,太阳能板直角边源.txt,太阳能板直角边源,9,614,UNLABELED,,TURN_RIGHT,NaN
4466F05CE79973A9E6A0FC72743163E5761C4674661AD812A2250C95E10602DF,太阳能板直角边源:s9:b18,太阳能板直角边源.txt,太阳能板直角边源,9,649,UNLABELED,,TURN_RIGHT,NaN
BE94B023715CF5A49144D2BB61FA6FCBF6AC3047802AD6945CEF3FCAA02A1C98,太阳能板直角边源:s9:b19,太阳能板直角边源.txt,太阳能板直角边源,9,683,UNLABELED,,TURN_RIGHT,NaN
FEBDF5E0229A322B70BF553970E5E383C38EB77412A74ACC5F961F943A6E9173,太阳能板直角边源:s9:b20,太阳能板直角边源.txt,太阳能板直角边源,9,717,UNLABELED,,TURN_RIGHT,NaN
EED7BCAF23D4BA23D196B1ED473917FF64A98C70283216AACB84E3472A9C5BBB,太阳能板直角边源:s9:b21,太阳能板直角边源.txt,太阳能板直角边源,9,752,UNLABELED,,TURN_RIGHT,NaN
D9899236D6AEDA070275051BAC5CCDA4DEFC1DDC3C2A63E0821F0A5F80A4DB44,太阳能板直角边源:s9:b22,太阳能板直角边源.txt,太阳能板直角边源,9,787,UNLABELED,,TURN_RIGHT,NaN
BD57A187F0B503B414B881DE48A03860731569197D255F083803D4DFD5B53BBF,太阳能板直角边源:s9:b23,太阳能板直角边源.txt,太阳能板直角边源,9,822,UNLABELED,,TURN_RIGHT,NaN
73A25524A92F3DDB02740A79B5749D7F78ECD2A2E1A3A4C0D536796CFE45646A,太阳能板直角边源:s9:b24,太阳能板直角边源.txt,太阳能板直角边源,9,857,UNLABELED,,TURN_RIGHT,NaN
F5F65F69979CF6CC41F184640449CC1C5E9ED0E250BDD649CAF49E9AD49BB919,太阳能板直角边源:s9:b25,太阳能板直角边源.txt,太阳能板直角边源,9,891,UNLABELED,,TURN_RIGHT,NaN
C617EFF592DECE9D150671BA4B85284D893059149A1C7B5924FE1179E9FDCAFE,太阳能板直角边源:s9:b26,太阳能板直角边源.txt,太阳能板直角边源,9,925,UNLABELED,,TURN_RIGHT,NaN
2A5B79D22D505316BCA341BE7964261BD3010E6A599B7E6A718A1D74FACA3D9C,太阳能板直角边源:s9:b27,太阳能板直角边源.txt,太阳能板直角边源,9,960,UNLABELED,,TURN_RIGHT,NaN
8499EEA737A59EF0D35E62781F2E46FF50DBD73EDA5FE693CD8F8E4A6B3EB071,太阳能板直角边源:s9:b28,太阳能板直角边源.txt,太阳能板直角边源,9,994,UNLABELED,,TURN_RIGHT,NaN
6F5597EF93BBE3EC632564F3B66ABEBBC52A35C4DB26236C9DF345732E83858C,太阳能板直角边源:s9:b29,太阳能板直角边源.txt,太阳能板直角边源,9,1030,UNLABELED,,STATIONARY,NaN
5294FAB8C7D09156B1429259037EC5EE404883DE16FA8B32D7DB60293984DD91,太阳能板直角边源:s9:b30,太阳能板直角边源.txt,太阳能板直角边源,9,1064,UNLABELED,,STATIONARY,NaN
F90E29CE980699192620E51458191838BFC43A5B10C285103071585435B52346,太阳能板直角边源:s9:b31,太阳能板直角边源.txt,太阳能板直角边源,9,1098,UNLABELED,,STATIONARY,NaN
7B602869870DC62B23D268332402CB8E1B6F60E72BEFA3B4B7EB7FDE29DF0F71,太阳能板直角边源:s9:b32,太阳能板直角边源.txt,太阳能板直角边源,9,1133,UNLABELED,,STATIONARY,NaN
3BD45068698C0DE1CC9D4FF3EF222D5FB8739AEDBE1B33216FFDAD3F85C344B7,太阳能板直角边源:s9:b33,太阳能板直角边源.txt,太阳能板直角边源,9,1168,UNLABELED,,STATIONARY,NaN
6FFF2CE02776AF505F162CEB7E451B11FB814214D69F92506272048D0381C6B7,太阳能板直角边源:s9:b34,太阳能板直角边源.txt,太阳能板直角边源,9,1202,UNLABELED,,STATIONARY,NaN
6CC9D529CE935ADFA32A8F20EEF23335C3E42338B487791BCF4DB19245E781AD,太阳能板直角边源:s9:b35,太阳能板直角边源.txt,太阳能板直角边源,9,1237,UNLABELED,,STATIONARY,NaN
B7E9358F180953378ADD05D7AD23C3E372C5CDE156044FD56B0BCD04550B7FBA,太阳能板直角边源:s9:b36,太阳能板直角边源.txt,太阳能板直角边源,9,1271,UNLABELED,,STATIONARY,NaN
1A141198D25C4E26C0E499D7A16C71A5A29C502C12C69556AC5ECC72B7999224,太阳能板直角边源:s9:b37,太阳能板直角边源.txt,太阳能板直角边源,9,1306,UNLABELED,,TURN_LEFT,NaN
5E6C004670D3A9EAEFCA3D7BC219AC85FC84D76BBD9B49AC0FA3D6969C59E7C9,太阳能板直角边源:s9:b38,太阳能板直角边源.txt,太阳能板直角边源,9,1341,UNLABELED,,TURN_LEFT,NaN
2B89D6FC6DA5FA687BF6E42599465D26D95D5A12545EA63684ED254108AB2C95,太阳能板直角边源:s9:b39,太阳能板直角边源.txt,太阳能板直角边源,9,1376,UNLABELED,,STATIONARY,NaN
F5815C0CA141684D6B20328273970D23BABA97637BA6575631C04838929229CA,太阳能板直角边源:s9:b40,太阳能板直角边源.txt,太阳能板直角边源,9,1410,UNLABELED,,STATIONARY,NaN
B6E3C74A1A9DAE9B9D913E7AF9E7454CFAF1CF5AAAF1F8B4516AA53068F6ADAD,太阳能板直角边源:s9:b41,太阳能板直角边源.txt,太阳能板直角边源,9,1444,UNLABELED,,TURN_RIGHT,NaN
84C47F127463D9DA353AF7148E89B9BD1FD2D9C0D7E28CB21C2C9CE0D5230ABC,太阳能板直角边源:s9:b42,太阳能板直角边源.txt,太阳能板直角边源,9,1479,UNLABELED,,STATIONARY,NaN
F3CA06AF2E2CEE87A0DEFD5763775A6FAF42FB81DB87B6E77B167FBC53AFA83C,太阳能板直角边源:s9:b43,太阳能板直角边源.txt,太阳能板直角边源,9,1514,UNLABELED,,STATIONARY,NaN
D7A2730938AC11122D3733C6AFA29348A0988BFCB9BFDCFB17A3131441F27F86,太阳能板直角边源:s9:b44,太阳能板直角边源.txt,太阳能板直角边源,9,1548,UNLABELED,,STATIONARY,NaN
792D309BE4EFBDE34D7CC1AA94DB1D4A08AD8891DEE6605530434EBF9F9CE3A3,太阳能板直角边源:s9:b45,太阳能板直角边源.txt,太阳能板直角边源,9,1584,UNLABELED,,STATIONARY,NaN
CA016C9FEF1B30615D1C59FD916361F516963377B61E9869BF7009164F7CB8A7,太阳能板直角边源:s9:b46,太阳能板直角边源.txt,太阳能板直角边源,9,1618,UNLABELED,,STATIONARY,NaN
B878322FF6A024C95F51D6D388EE2A271BCF5976170D3906A0568A0512A96876,太阳能板直角边源:s9:b47,太阳能板直角边源.txt,太阳能板直角边源,9,1653,UNLABELED,,STATIONARY,NaN
758355B80D32B77C0AC5DADF9B55F32DA73E4A36D67472258D871122FC6E8FEF,太阳能板直角边源:s10:b1,太阳能板直角边源.txt,太阳能板直角边源,10,3,UNLABELED,,STATIONARY,NaN
5016CD7D9181ED95CE09B7239C831EFF039556FF967AC9E1CA8E0A4F334142C0,太阳能板直角边源:s10:b2,太阳能板直角边源.txt,太阳能板直角边源,10,119,UNLABELED,,STATIONARY,NaN
C466722B2810F736E3D43AF16923D9B49DF1CD50EA9FA5120A84398A13218BA0,太阳能板直角边源:s10:b3,太阳能板直角边源.txt,太阳能板直角边源,10,154,UNLABELED,,STATIONARY,NaN
2ECB86B51E70FCD400458D1D6F64A2452AE3DB0B2A44E6FB181DE2F4BE28E1FD,太阳能板直角边源:s10:b4,太阳能板直角边源.txt,太阳能板直角边源,10,189,UNLABELED,,STATIONARY,NaN
26041D82EB1205A343CFC1D3E264FB9E54F2ADE52D86281B6A5BB9A20879277C,太阳能板直角边源:s10:b5,太阳能板直角边源.txt,太阳能板直角边源,10,219,UNLABELED,,STATIONARY,NaN
F04617E10B5BC48ABDF237E0F5C32B543EEF3E5DF95C8340C6FE4DB9EDD6BB4D,太阳能板直角边源:s10:b6,太阳能板直角边源.txt,太阳能板直角边源,10,254,UNLABELED,,STATIONARY,NaN
C68A09EA89B8001A6717A156E1B7B00504408E8544C844FD3FC5FA5A3D527E3E,太阳能板直角边源:s10:b7,太阳能板直角边源.txt,太阳能板直角边源,10,285,UNLABELED,,STATIONARY,NaN
53EC6203A0FAC158EF803E4A9C55154EA1CA86283123A4B25FD433D8BBE49780,太阳能板直角边源:s10:b8,太阳能板直角边源.txt,太阳能板直角边源,10,318,UNLABELED,,STATIONARY,NaN
6000D23FF6DC3C0FB40998F1E958BEC1D72B4E3C08F601A7947F16528F44F052,太阳能板直角边源:s10:b9,太阳能板直角边源.txt,太阳能板直角边源,10,352,UNLABELED,,STATIONARY,NaN
0B86CE3496374362D0A12B6D4D785A3F67EC8D221A23B1B969A45C130EFC94E4,太阳能板直角边源:s10:b10,太阳能板直角边源.txt,太阳能板直角边源,10,387,UNLABELED,,STATIONARY,NaN
9C36DBF937821DD8D5ACE053670AB7284A752D4BC33C7D9EF5914BB1C988C8AC,太阳能板直角边源:s10:b11,太阳能板直角边源.txt,太阳能板直角边源,10,419,UNLABELED,,STATIONARY,NaN
20A68E5002AF75693F11FB3106EC3DDC597F3F424012FA038CAA10743942942F,太阳能板直角边源:s10:b12,太阳能板直角边源.txt,太阳能板直角边源,10,451,UNLABELED,,STATIONARY,NaN
069EBB0B3AB4680F9868696E2AAB09D909E5D4FEBD3C5BC79EDF59D56CE419D3,太阳能板直角边源:s10:b13,太阳能板直角边源.txt,太阳能板直角边源,10,483,UNLABELED,,STATIONARY,NaN
BF288B9F550F3E2A4B11E5CC84099DA45E3E623BA61431390CABC9E0DF571B02,太阳能板直角边源:s10:b14,太阳能板直角边源.txt,太阳能板直角边源,10,513,UNLABELED,,STATIONARY,NaN
97115B99FDE666E50A31C36CFB2CAB3B07841867B7E117E43928F5D64B46A8DF,太阳能板直角边源:s10:b15,太阳能板直角边源.txt,太阳能板直角边源,10,547,UNLABELED,,TURN_RIGHT,NaN
2E8CB51B6AF63E792F9D5C8853352FB835A9B1004E960DD914E226B8A15320D5,太阳能板直角边源:s10:b16,太阳能板直角边源.txt,太阳能板直角边源,10,583,UNLABELED,,TURN_RIGHT,NaN
72C31771D143AAF2607D4711F3AF0D514C30FE7C0859C702F41C75BC48059A19,太阳能板直角边源:s10:b17,太阳能板直角边源.txt,太阳能板直角边源,10,613,UNLABELED,,TURN_RIGHT,NaN
AAAEEEFE5975D4AF95E8C597A07C5610700B8F272234E12CEDAB204BF3B2E780,太阳能板直角边源:s10:b18,太阳能板直角边源.txt,太阳能板直角边源,10,644,UNLABELED,,TURN_RIGHT,NaN
78D6F34E31B8C90210E9ED3383FE89384361D01694AE6037F7245BFD8DDD7100,太阳能板直角边源:s10:b19,太阳能板直角边源.txt,太阳能板直角边源,10,676,UNLABELED,,TURN_RIGHT,NaN
6AE7F1302728E652DE46DA232D2DD90C3FA21931178A59F2E2F3096B298E92FA,太阳能板直角边源:s10:b20,太阳能板直角边源.txt,太阳能板直角边源,10,711,UNLABELED,,TURN_RIGHT,NaN
E54D9B4A3B260ADC2080752967BFAFBE52C4E7F717674351B5376855BE4DF1DD,太阳能板直角边源:s10:b21,太阳能板直角边源.txt,太阳能板直角边源,10,746,UNLABELED,,TURN_LEFT,NaN
7A2EF1403F47DF91EC8F62DFB1012A7083B1AD5C3CFDBC715210A88D81E7B819,太阳能板直角边源:s10:b22,太阳能板直角边源.txt,太阳能板直角边源,10,780,UNLABELED,,TURN_LEFT,NaN
CC5D1C29B9CFF59E380EB91FF4454C8A8C6F08267B0A0B7B751E16ACEDCF1117,太阳能板直角边源:s10:b23,太阳能板直角边源.txt,太阳能板直角边源,10,811,UNLABELED,,TURN_LEFT,NaN
