"content_sha256","duplicate_count","source_file","scenario","segment","snapshot_id","frame"
"01E5D974BA54E744810064FD4BC41E3384AABE15CF87A2AA4025B17FD84D01E2","2","safe.txt","safe","1","safe:s1:b1","903"
"01E5D974BA54E744810064FD4BC41E3384AABE15CF87A2AA4025B17FD84D01E2","2","太阳能板直角边源.txt","太阳能板直角边源","2","太阳能板直角边源:s2:b13","903"
"022128C02132B85A8D3147993E17CFA91D5C571AFFB87FD2E0F71AEFA40547D2","2","safe.txt","safe","1","safe:s1:b12","1283"
"022128C02132B85A8D3147993E17CFA91D5C571AFFB87FD2E0F71AEFA40547D2","2","太阳能板直角边源.txt","太阳能板直角边源","2","太阳能板直角边源:s2:b24","1283"
"036EF071C3C2AF38F5340EBAC67DDDD65AC33C404ED2AE673E3164429C371338","2","太阳能板边缘中心旋转扫描.txt","太阳能板边缘中心旋转扫描","1","太阳能板边缘中心旋转扫描:s1:b23","2414"
"036EF071C3C2AF38F5340EBAC67DDDD65AC33C404ED2AE673E3164429C371338","2","太阳能板直角边源.txt","太阳能板直角边源","9","太阳能板直角边源:s9:b69","2414"
"03C0764DEFAE5D16E3CB21FD228550E23D81CD0A3B55C18B0FF0F6C5D176335A","2","safe.txt","safe","1","safe:s1:b19","1525"
"03C0764DEFAE5D16E3CB21FD228550E23D81CD0A3B55C18B0FF0F6C5D176335A","2","太阳能板直角边源.txt","太阳能板直角边源","2","太阳能板直角边源:s2:b31","1525"
"045899872D1051AD00AEA82E2C55027DFD0619BDD73D1C416F995631742FA364","2","左转极限.txt","左转极限","1","左转极限:s1:b2","276"
"045899872D1051AD00AEA82E2C55027DFD0619BDD73D1C416F995631742FA364","2","太阳能板直角边源.txt","太阳能板直角边源","3","太阳能板直角边源:s3:b5","276"
"07ABD7D92F44A93D68C9A1AA97C8659D82B00362234FA4EB8E4A4D0C5E38CE72","2","safe.txt","safe","1","safe:s1:b7","1111"
"07ABD7D92F44A93D68C9A1AA97C8659D82B00362234FA4EB8E4A4D0C5E38CE72","2","太阳能板直角边源.txt","太阳能板直角边源","2","太阳能板直角边源:s2:b19","1111"
"0836BF8BBB73D9F1A24CF3650677501E401A17C36F38454D7533C2043A0C5D99","2","左转极限.txt","左转极限","1","左转极限:s1:b20","900"
"0836BF8BBB73D9F1A24CF3650677501E401A17C36F38454D7533C2043A0C5D99","2","太阳能板直角边源.txt","太阳能板直角边源","3","太阳能板直角边源:s3:b23","900"
"09EE6D2D753F47FE7401E5395F07F5F3E223FE1F3C34DF42283630D744F655AC","2","太阳能板边缘中心旋转扫描.txt","太阳能板边缘中心旋转扫描","1","太阳能板边缘中心旋转扫描:s1:b2","1687"
"09EE6D2D753F47FE7401E5395F07F5F3E223FE1F3C34DF42283630D744F655AC","2","太阳能板直角边源.txt","太阳能板直角边源","9","太阳能板直角边源:s9:b48","1687"
"0EE05508C96F7CF000332B5788744C572638E830DEA8754CABF93E6623858812","2","两太阳能板过度.txt","两太阳能板过度","1","两太阳能板过度:s1:b17","1552"
"0EE05508C96F7CF000332B5788744C572638E830DEA8754CABF93E6623858812","2","太阳能板直角边源.txt","太阳能板直角边源","7","太阳能板直角边源:s7:b41","1552"
"10A5726273758FD1E648A9E4E47F2EE4F21AAC883482B997F28E83AC2184B049","2","太阳能板边缘中心旋转扫描.txt","太阳能板边缘中心旋转扫描","1","太阳能板边缘中心旋转扫描:s1:b14","2103"
"10A5726273758FD1E648A9E4E47F2EE4F21AAC883482B997F28E83AC2184B049","2","太阳能板直角边源.txt","太阳能板直角边源","9","太阳能板直角边源:s9:b60","2103"
"110323AE35A6596EE7C630F417D45AF071F312DAED4B645795F544D13B34BDD1","2","太阳能板边缘中心旋转扫描.txt","太阳能板边缘中心旋转扫描","1","太阳能板边缘中心旋转扫描:s1:b28","2587"
"110323AE35A6596EE7C630F417D45AF071F312DAED4B645795F544D13B34BDD1","2","太阳能板直角边源.txt","太阳能板直角边源","9","太阳能板直角边源:s9:b74","2587"
"12C269AB0ACF9DC37C3601C2994F54A310964902482BB80A8FC90F6B509AD559","2","两太阳能板过度.txt","两太阳能板过度","1","两太阳能板过度:s1:b30","2002"
"12C269AB0ACF9DC37C3601C2994F54A310964902482BB80A8FC90F6B509AD559","2","太阳能板直角边源.txt","太阳能板直角边源","7","太阳能板直角边源:s7:b54","2002"
"14C2E76E43B57B5144F55191A8DBE3AE89B43C61ABE6B6F1CAFC6FC886B2688C","2","两太阳能板带角度过度.txt","两太阳能板带角度过度","1","两太阳能板带角度过度:s1:b23","1381"
"14C2E76E43B57B5144F55191A8DBE3AE89B43C61ABE6B6F1CAFC6FC886B2688C","2","太阳能板直角边源.txt","太阳能板直角边源","8","太阳能板直角边源:s8:b39","1381"
"1571F52166E308708E655B5075A14F2B21E346E1185FB4A6B84733FC951FA831","2","太阳能板边缘中心旋转扫描.txt","太阳能板边缘中心旋转扫描","1","太阳能板边缘中心旋转扫描:s1:b3","1722"
"1571F52166E308708E655B5075A14F2B21E346E1185FB4A6B84733FC951FA831","2","太阳能板直角边源.txt","太阳能板直角边源","9","太阳能板直角边源:s9:b49","1722"
"16E7C9DB6D71BD262DFCA47034810D007039F85B00B7E744F2DC949D78CEAB0E","2","两太阳能板过度.txt","两太阳能板过度","1","两太阳能板过度:s1:b22","1724"
"16E7C9DB6D71BD262DFCA47034810D007039F85B00B7E744F2DC949D78CEAB0E","2","太阳能板直角边源.txt","太阳能板直角边源","7","太阳能板直角边源:s7:b46","1724"
"177186C8707032A0475A4E7F87597CDD8219010688223F2397D306CF650764AC","2","safe.txt","safe","1","safe:s1:b22","1630"
"177186C8707032A0475A4E7F87597CDD8219010688223F2397D306CF650764AC","2","太阳能板直角边源.txt","太阳能板直角边源","2","太阳能板直角边源:s2:b34","1630"
"17C31C650FE8EFEB7A90B16AEA2FE6A395FF0E498A9BDBED31930318E259BBF5","2","两太阳能板带角度过度.txt","两太阳能板带角度过度","1","两太阳能板带角度过度:s1:b21","1312"
"17C31C650FE8EFEB7A90B16AEA2FE6A395FF0E498A9BDBED31930318E259BBF5","2","太阳能板直角边源.txt","太阳能板直角边源","8","太阳能板直角边源:s8:b37","1312"
"18C43016AECACF7B09C0B5B3BEAF76B14D66E61C763ABFEBE3CCA82289A24DAE","2","左转极限.txt","左转极限","1","左转极限:s1:b19","865"
"18C43016AECACF7B09C0B5B3BEAF76B14D66E61C763ABFEBE3CCA82289A24DAE","2","太阳能板直角边源.txt","太阳能板直角边源","3","太阳能板直角边源:s3:b22","865"
"1A7514CDA9CA2CC8356622198CA5DB8712E12A3F12A1992C4D6A479D90D993E3","2","太阳能板边缘中心旋转扫描.txt","太阳能板边缘中心旋转扫描","1","太阳能板边缘中心旋转扫描:s1:b25","2483"
"1A7514CDA9CA2CC8356622198CA5DB8712E12A3F12A1992C4D6A479D90D993E3","2","太阳能板直角边源.txt","太阳能板直角边源","9","太阳能板直角边源:s9:b71","2483"
"1B902D16C08FEF61168DA2FD1BEA1878D6815F5F8A688E7C320B6AB967C4E827","2","safe.txt","safe","1","safe:s1:b39","2218"
"1B902D16C08FEF61168DA2FD1BEA1878D6815F5F8A688E7C320B6AB967C4E827","2","太阳能板直角边源.txt","太阳能板直角边源","2","太阳能板直角边源:s2:b51","2218"
"1C025ED51BB2A6EAC4CFF8A05BEFA2AE29D4304037A062936CC5C8878675E21C","2","safe.txt","safe","1","safe:s1:b28","1837"
"1C025ED51BB2A6EAC4CFF8A05BEFA2AE29D4304037A062936CC5C8878675E21C","2","太阳能板直角边源.txt","太阳能板直角边源","2","太阳能板直角边源:s2:b40","1837"
"1C4F987ED31939FD577D3B3228D1EFAAAA1316089B47F9F03A8AD6EE01517E66","2","左转极限.txt","左转极限","1","左转极限:s1:b5","381"
"1C4F987ED31939FD577D3B3228D1EFAAAA1316089B47F9F03A8AD6EE01517E66","2","太阳能板直角边源.txt","太阳能板直角边源","3","太阳能板直角边源:s3:b8","381"
"1F0993D7817E8C6CA216047BD9F5149A42761D94C0BAF44AAD5A0C583B973571","2","左转极限.txt","左转极限","1","左转极限:s1:b28","1176"
"1F0993D7817E8C6CA216047BD9F5149A42761D94C0BAF44AAD5A0C583B973571","2","太阳能板直角边源.txt","太阳能板直角边源","3","太阳能板直角边源:s3:b31","1176"
"1F62F3A0170C6EB346E0A9D5FB670CF1B94F38AFC8F763AE3F74B17C4AB7A82C","2","左转极限.txt","左转极限","1","左转极限:s1:b14","691"
"1F62F3A0170C6EB346E0A9D5FB670CF1B94F38AFC8F763AE3F74B17C4AB7A82C","2","太阳能板直角边源.txt","太阳能板直角边源","3","太阳能板直角边源:s3:b17","691"
"201D5461CFD83A1B454B393BA3E0E2A4492D6A95D51C84D4542C97EA1E2350B7","2","两太阳能板带角度过度.txt","两太阳能板带角度过度","1","两太阳能板带角度过度:s1:b22","1347"
"201D5461CFD83A1B454B393BA3E0E2A4492D6A95D51C84D4542C97EA1E2350B7","2","太阳能板直角边源.txt","太阳能板直角边源","8","太阳能板直角边源:s8:b38","1347"
"20CA3DC504F5F4D32128A25A796643779505BB1AC3ADDFF81B1BF9C64F183AA0","2","太阳能板边缘中心旋转扫描.txt","太阳能板边缘中心旋转扫描","1","太阳能板边缘中心旋转扫描:s1:b22","2379"
"20CA3DC504F5F4D32128A25A796643779505BB1AC3ADDFF81B1BF9C64F183AA0","2","太阳能板直角边源.txt","太阳能板直角边源","9","太阳能板直角边源:s9:b68","2379"
"20E484847A066D0097F1606ACB5EAF749A527A9D7E61DC4DA231357F36347BF2","2","左转极限.txt","左转极限","1","左转极限:s1:b30","1246"
"20E484847A066D0097F1606ACB5EAF749A527A9D7E61DC4DA231357F36347BF2","2","太阳能板直角边源.txt","太阳能板直角边源","3","太阳能板直角边源:s3:b33","1246"
"22329579BB20A0689C2F2553FA0BCF4EF2D7014B5DA9F6FF31FF877466A8D784","2","safe.txt","safe","1","safe:s1:b34","2045"
"22329579BB20A0689C2F2553FA0BCF4EF2D7014B5DA9F6FF31FF877466A8D784","2","太阳能板直角边源.txt","太阳能板直角边源","2","太阳能板直角边源:s2:b46","2045"
"23BAEB3CB670697EF0357770771958D691EFF1C7C9A2AE1C247E31AB488F3A70","2","两太阳能板过度.txt","两太阳能板过度","1","两太阳能板过度:s1:b15","1482"
"23BAEB3CB670697EF0357770771958D691EFF1C7C9A2AE1C247E31AB488F3A70","2","太阳能板直角边源.txt","太阳能板直角边源","7","太阳能板直角边源:s7:b39","1482"
"23FD1679ABBE02A19E6E937DAAB7A70870F0C1628AA4146B9FAAFA6C69449EEA","2","左转极限.txt","左转极限","1","左转极限:s1:b26","1108"
"23FD1679ABBE02A19E6E937DAAB7A70870F0C1628AA4146B9FAAFA6C69449EEA","2","太阳能板直角边源.txt","太阳能板直角边源","3","太阳能板直角边源:s3:b29","1108"
"24B399D5FF91A4EC3EF6F0161EB9450289483CC6DDC73E30CC2A4BE64618DB30","2","两太阳能板过度.txt","两太阳能板过度","1","两太阳能板过度:s1:b21","1690"
"24B399D5FF91A4EC3EF6F0161EB9450289483CC6DDC73E30CC2A4BE64618DB30","2","太阳能板直角边源.txt","太阳能板直角边源","7","太阳能板直角边源:s7:b45","1690"
"2541AB276E8BDC75E0C5521EBCE3FE9884A9BD79DE778431C62DFAC427CBCBB8","2","两太阳能板带角度过度.txt","两太阳能板带角度过度","1","两太阳能板带角度过度:s1:b16","1139"
"2541AB276E8BDC75E0C5521EBCE3FE9884A9BD79DE778431C62DFAC427CBCBB8","2","太阳能板直角边源.txt","太阳能板直角边源","8","太阳能板直角边源:s8:b32","1139"
"25B2C0A88DFA518609A63C59A40CCD449B83A272F9E0F89F45D2F15B8CF0FCAF","2","左转极限.txt","左转极限","1","左转极限:s1:b24","1038"
"25B2C0A88DFA518609A63C59A40CCD449B83A272F9E0F89F45D2F15B8CF0FCAF","2","太阳能板直角边源.txt","太阳能板直角边源","3","太阳能板直角边源:s3:b27","1038"
"265864FB9CE87250D3BE16CAD20E0252B007D1D163F0BA2771A88C88BCC2EB08","2","safe.txt","safe","1","safe:s1:b26","1768"
"265864FB9CE87250D3BE16CAD20E0252B007D1D163F0BA2771A88C88BCC2EB08","2","太阳能板直角边源.txt","太阳能板直角边源","2","太阳能板直角边源:s2:b38","1768"
"285746A2CABBA5D0E16F424192C08AE7F191180AF8C1ADA0696FF17F7DCB5F43","2","太阳能板边缘中心旋转扫描.txt","太阳能板边缘中心旋转扫描","1","太阳能板边缘中心旋转扫描:s1:b27","2553"
"285746A2CABBA5D0E16F424192C08AE7F191180AF8C1ADA0696FF17F7DCB5F43","2","太阳能板直角边源.txt","太阳能板直角边源","9","太阳能板直角边源:s9:b73","2553"
"2943AE7F25AC9C6EDAC8120C9ADB84A538CDFB8242F99D1EBC89A02FB2DED095","2","两太阳能板带角度过度.txt","两太阳能板带角度过度","1","两太阳能板带角度过度:s1:b4","724"
"2943AE7F25AC9C6EDAC8120C9ADB84A538CDFB8242F99D1EBC89A02FB2DED095","2","太阳能板直角边源.txt","太阳能板直角边源","8","太阳能板直角边源:s8:b20","724"
"31302DD86F58EB5C0AAFBAAA93700E18CCDA93A7B6652EA02CC0F76323601E4D","2","safe.txt","safe","1","safe:s1:b4","1006"
"31302DD86F58EB5C0AAFBAAA93700E18CCDA93A7B6652EA02CC0F76323601E4D","2","太阳能板直角边源.txt","太阳能板直角边源","2","太阳能板直角边源:s2:b16","1006"
"32FC3A244F322621131E172C8FD29123CE1140299BD6BEFB37401A33A85331CE","2","safe.txt","safe","1","safe:s1:b15","1387"
"32FC3A244F322621131E172C8FD29123CE1140299BD6BEFB37401A33A85331CE","2","太阳能板直角边源.txt","太阳能板直角边源","2","太阳能板直角边源:s2:b27","1387"
"38DE4B9185EF540518BB55A14462AE3CD7B611FB21C38B6F88F6DE597366D92A","2","左转极限.txt","左转极限","1","左转极限:s1:b18","831"
"38DE4B9185EF540518BB55A14462AE3CD7B611FB21C38B6F88F6DE597366D92A","2","太阳能板直角边源.txt","太阳能板直角边源","3","太阳能板直角边源:s3:b21","831"
"39C048AE17A112A5AD05CB71BE5E74EF0C5943DF8DFA32E3865C6F2D7ACC8674","2","两太阳能板过度.txt","两太阳能板过度","1","两太阳能板过度:s1:b29","1967"
"39C048AE17A112A5AD05CB71BE5E74EF0C5943DF8DFA32E3865C6F2D7ACC8674","2","太阳能板直角边源.txt","太阳能板直角边源","7","太阳能板直角边源:s7:b53","1967"
"3A2C75AE31262DCCEF31A85E44AEC7EEEAC94F7CD93E9D09863C9606CB22DC90","2","safe.txt","safe","1","safe:s1:b6","1076"
"3A2C75AE31262DCCEF31A85E44AEC7EEEAC94F7CD93E9D09863C9606CB22DC90","2","太阳能板直角边源.txt","太阳能板直角边源","2","太阳能板直角边源:s2:b18","1076"
"3AE88B103E0A9239D497F267CA7EEAB57587CA1422BBAD21CA345BFF508BA21D","2","太阳能板边缘中心旋转扫描.txt","太阳能板边缘中心旋转扫描","1","太阳能板边缘中心旋转扫描:s1:b9","1929"
"3AE88B103E0A9239D497F267CA7EEAB57587CA1422BBAD21CA345BFF508BA21D","2","太阳能板直角边源.txt","太阳能板直角边源","9","太阳能板直角边源:s9:b55","1929"
"3CBB69507B4785C31A389FC046C8FB2262F1EF2A7D78C6047A223B146F3963C1","2","safe.txt","safe","1","safe:s1:b3","971"
"3CBB69507B4785C31A389FC046C8FB2262F1EF2A7D78C6047A223B146F3963C1","2","太阳能板直角边源.txt","太阳能板直角边源","2","太阳能板直角边源:s2:b15","971"
"3CD5BF7D2E944D68244F844CDC791DEB37DEA8CA6E43686587D3A457322FC8E7","2","太阳能板边缘中心旋转扫描.txt","太阳能板边缘中心旋转扫描","1","太阳能板边缘中心旋转扫描:s1:b17","2206"
"3CD5BF7D2E944D68244F844CDC791DEB37DEA8CA6E43686587D3A457322FC8E7","2","太阳能板直角边源.txt","太阳能板直角边源","9","太阳能板直角边源:s9:b63","2206"
"3D846179A02C72C8D53EE169D45C83C8DE70304B1880A9FB854C80E8947426CC","2","两太阳能板带角度过度.txt","两太阳能板带角度过度","1","两太阳能板带角度过度:s1:b3","689"
"3D846179A02C72C8D53EE169D45C83C8DE70304B1880A9FB854C80E8947426CC","2","太阳能板直角边源.txt","太阳能板直角边源","8","太阳能板直角边源:s8:b19","689"
"3DB53286AC18ACBFB02F8A86D41A6E2309EC3F9C0B96DFA1B89C6AB20C476105","2","两太阳能板过度.txt","两太阳能板过度","1","两太阳能板过度:s1:b12","1378"
"3DB53286AC18ACBFB02F8A86D41A6E2309EC3F9C0B96DFA1B89C6AB20C476105","2","太阳能板直角边源.txt","太阳能板直角边源","7","太阳能板直角边源:s7:b36","1378"
"3DEC6F1B66340FC206BF79C848E2D2CE63D2442852823BA30A7328B5D80BCF39","2","两太阳能板带角度过度.txt","两太阳能板带角度过度","1","两太阳能板带角度过度:s1:b11","966"
"3DEC6F1B66340FC206BF79C848E2D2CE63D2442852823BA30A7328B5D80BCF39","2","太阳能板直角边源.txt","太阳能板直角边源","8","太阳能板直角边源:s8:b27","966"
"3F48F58062481D12543E74FD6F750DE9A47C51CFF538E32021D62F5DDD836471","2","两太阳能板过度.txt","两太阳能板过度","1","两太阳能板过度:s1:b28","1933"
"3F48F58062481D12543E74FD6F750DE9A47C51CFF538E32021D62F5DDD836471","2","太阳能板直角边源.txt","太阳能板直角边源","7","太阳能板直角边源:s7:b52","1933"
"42D6BD25AF33971DE4773DE927BA4CECC68278AABD74EAA43CB1FAF3AF796B49","2","两太阳能板过度.txt","两太阳能板过度","1","两太阳能板过度:s1:b9","1275"
"42D6BD25AF33971DE4773DE927BA4CECC68278AABD74EAA43CB1FAF3AF796B49","2","太阳能板直角边源.txt","太阳能板直角边源","7","太阳能板直角边源:s7:b33","1275"
"43D819E8DE16BF22389553A614F458E8AE2B20E70BB4B21EB7C38C7D811A5921","2","两太阳能板带角度过度.txt","两太阳能板带角度过度","1","两太阳能板带角度过度:s1:b10","931"
"43D819E8DE16BF22389553A614F458E8AE2B20E70BB4B21EB7C38C7D811A5921","2","太阳能板直角边源.txt","太阳能板直角边源","8","太阳能板直角边源:s8:b26","931"
"4712FFE123A89766BD02F1D7C4005F4CC3C3961653D9C7F7CAFD2490141F8A12","2","太阳能板边缘中心旋转扫描.txt","太阳能板边缘中心旋转扫描","1","太阳能板边缘中心旋转扫描:s1:b18","2241"
"4712FFE123A89766BD02F1D7C4005F4CC3C3961653D9C7F7CAFD2490141F8A12","2","太阳能板直角边源.txt","太阳能板直角边源","9","太阳能板直角边源:s9:b64","2241"
"4738C220833DF342AB769F13A95BB026C51DFF4F961B7006B9A7E8A0F58180A0","2","太阳能板边缘中心旋转扫描.txt","太阳能板边缘中心旋转扫描","1","太阳能板边缘中心旋转扫描:s1:b5","1791"
"4738C220833DF342AB769F13A95BB026C51DFF4F961B7006B9A7E8A0F58180A0","2","太阳能板直角边源.txt","太阳能板直角边源","9","太阳能板直角边源:s9:b51","1791"
"499F9EEC66A7936304ADC1B1121B599108A2FC4BE64B7AFFA4CB0BB3F1588A83","2","两太阳能板带角度过度.txt","两太阳能板带角度过度","1","两太阳能板带角度过度:s1:b26","1485"
"499F9EEC66A7936304ADC1B1121B599108A2FC4BE64B7AFFA4CB0BB3F1588A83","2","太阳能板直角边源.txt","太阳能板直角边源","8","太阳能板直角边源:s8:b42","1485"
"4C25A6B55D69A499CF502A68C37CF86D5DCD11A045E39EF0A257FB60E494FADA","2","两太阳能板过度.txt","两太阳能板过度","1","两太阳能板过度:s1:b13","1413"
"4C25A6B55D69A499CF502A68C37CF86D5DCD11A045E39EF0A257FB60E494FADA","2","太阳能板直角边源.txt","太阳能板直角边源","7","太阳能板直角边源:s7:b37","1413"
"4D9F030A7353B72E1C33C0BC8750DF4F171867591BAD6F773EFB3B7344ABC0FC","2","左转极限.txt","左转极限","1","左转极限:s1:b4","346"
"4D9F030A7353B72E1C33C0BC8750DF4F171867591BAD6F773EFB3B7344ABC0FC","2","太阳能板直角边源.txt","太阳能板直角边源","3","太阳能板直角边源:s3:b7","346"
"4E106CB5784F194200F18040FD6FF3C11A0BAA262E80C04F98C6F4B92578AEAA","2","两太阳能板带角度过度.txt","两太阳能板带角度过度","1","两太阳能板带角度过度:s1:b8","862"
"4E106CB5784F194200F18040FD6FF3C11A0BAA262E80C04F98C6F4B92578AEAA","2","太阳能板直角边源.txt","太阳能板直角边源","8","太阳能板直角边源:s8:b24","862"
"4E4921FBEE0C28933EABC72330A84588457ED34AA1947FDA5D4961EA00FBC87B","2","左转极限.txt","左转极限","1","左转极限:s1:b31","1281"
"4E4921FBEE0C28933EABC72330A84588457ED34AA1947FDA5D4961EA00FBC87B","2","太阳能板直角边源.txt","太阳能板直角边源","3","太阳能板直角边源:s3:b34","1281"
"4EC5AE4CF738C17BEDA3E9CD6F6B029BC97A639D8078271063FB656E5B6052D7","2","safe.txt","safe","1","safe:s1:b35","2080"
"4EC5AE4CF738C17BEDA3E9CD6F6B029BC97A639D8078271063FB656E5B6052D7","2","太阳能板直角边源.txt","太阳能板直角边源","2","太阳能板直角边源:s2:b47","2080"
"506BA5D824C7953A54E844B1F667BAC4A8E1D3EBB92B994E8883969DEB2D2C3C","2","左转极限.txt","左转极限","1","左转极限:s1:b7","450"
"506BA5D824C7953A54E844B1F667BAC4A8E1D3EBB92B994E8883969DEB2D2C3C","2","太阳能板直角边源.txt","太阳能板直角边源","3","太阳能板直角边源:s3:b10","450"
"51554908A688BFC4AA90D2BD545B7465B9894EADD1E4887FD6F6E522B763A8FF","2","太阳能板直角边源.txt","太阳能板直角边源","1","太阳能板直角边源:s1:b6","970"
"51554908A688BFC4AA90D2BD545B7465B9894EADD1E4887FD6F6E522B763A8FF","2","太阳能板直角边源.txt","太阳能板直角边源","10","太阳能板直角边源:s10:b28","970"
"5191C8E56FEA2081B546A84BE30A13E7C3EDD51547C8256C28A8C4DD285CFB00","2","safe.txt","safe","1","safe:s1:b29","1872"
"5191C8E56FEA2081B546A84BE30A13E7C3EDD51547C8256C28A8C4DD285CFB00","2","太阳能板直角边源.txt","太阳能板直角边源","2","太阳能板直角边源:s2:b41","1872"
"56718E899225C5FB564001FBB02E7EDBF3A9CD0025E8946C24F83761C3E594DA","2","两太阳能板带角度过度.txt","两太阳能板带角度过度","1","两太阳能板带角度过度:s1:b25","1450"
"56718E899225C5FB564001FBB02E7EDBF3A9CD0025E8946C24F83761C3E594DA","2","太阳能板直角边源.txt","太阳能板直角边源","8","太阳能板直角边源:s8:b41","1450"
"590DCC5E4F234B8D31C6C5FA941E3AAC01BC40EA80ADB44AC09DC070D531552C","2","两太阳能板过度.txt","两太阳能板过度","1","两太阳能板过度:s1:b5","1136"
"590DCC5E4F234B8D31C6C5FA941E3AAC01BC40EA80ADB44AC09DC070D531552C","2","太阳能板直角边源.txt","太阳能板直角边源","7","太阳能板直角边源:s7:b29","1136"
"594378B19FDFF03E9C704DB265CD1DDFE0BF594E93E71C2CC8D0E11753C8F8A7","2","太阳能板边缘中心旋转扫描.txt","太阳能板边缘中心旋转扫描","1","太阳能板边缘中心旋转扫描:s1:b12","2033"
"594378B19FDFF03E9C704DB265CD1DDFE0BF594E93E71C2CC8D0E11753C8F8A7","2","太阳能板直角边源.txt","太阳能板直角边源","9","太阳能板直角边源:s9:b58","2033"
"607FC732C4082BEE4995DFB0FE7966DBFB814A75EBC6701D5F8C1BC4E537729E","2","太阳能板边缘中心旋转扫描.txt","太阳能板边缘中心旋转扫描","1","太阳能板边缘中心旋转扫描:s1:b16","2172"
"607FC732C4082BEE4995DFB0FE7966DBFB814A75EBC6701D5F8C1BC4E537729E","2","太阳能板直角边源.txt","太阳能板直角边源","9","太阳能板直角边源:s9:b62","2172"
"6097A9D7F2BFD990C4B264FC394D55243D2A9E3AB9EF249D8507C47A4F34D2C7","2","左转极限.txt","左转极限","1","左转极限:s1:b23","1003"
"6097A9D7F2BFD990C4B264FC394D55243D2A9E3AB9EF249D8507C47A4F34D2C7","2","太阳能板直角边源.txt","太阳能板直角边源","3","太阳能板直角边源:s3:b26","1003"
"60EBE83AEE22AD9F36DB58B5BCB1C9210361ADC9A30BA55E31E8A07A3F490398","2","左转极限.txt","左转极限","1","左转极限:s1:b27","1141"
"60EBE83AEE22AD9F36DB58B5BCB1C9210361ADC9A30BA55E31E8A07A3F490398","2","太阳能板直角边源.txt","太阳能板直角边源","3","太阳能板直角边源:s3:b30","1141"
"6669594F34C84FC51678D798D1607CC85996792398D6698A465D8E1A5B05756E","2","太阳能板边缘中心旋转扫描.txt","太阳能板边缘中心旋转扫描","1","太阳能板边缘中心旋转扫描:s1:b6","1825"
"6669594F34C84FC51678D798D1607CC85996792398D6698A465D8E1A5B05756E","2","太阳能板直角边源.txt","太阳能板直角边源","9","太阳能板直角边源:s9:b52","1825"
"66D06291CF2B6029E288ADB92D9C581EF5DF4657CE9928E23A7433AF4EC46C65","2","两太阳能板过度.txt","两太阳能板过度","1","两太阳能板过度:s1:b7","1205"
"66D06291CF2B6029E288ADB92D9C581EF5DF4657CE9928E23A7433AF4EC46C65","2","太阳能板直角边源.txt","太阳能板直角边源","7","太阳能板直角边源:s7:b31","1205"
"680FA16025D607574AEFAA3C60F3ED1F28F7861632738D67107B27390F774E4A","2","左转极限.txt","左转极限","1","左转极限:s1:b17","796"
"680FA16025D607574AEFAA3C60F3ED1F28F7861632738D67107B27390F774E4A","2","太阳能板直角边源.txt","太阳能板直角边源","3","太阳能板直角边源:s3:b20","796"
"6AD3EF6D8902D94E7A7030025DA7A2BFF2774AA80176D72F7327FAF1EF940EE5","2","太阳能板边缘中心旋转扫描.txt","太阳能板边缘中心旋转扫描","1","太阳能板边缘中心旋转扫描:s1:b11","1999"
"6AD3EF6D8902D94E7A7030025DA7A2BFF2774AA80176D72F7327FAF1EF940EE5","2","太阳能板直角边源.txt","太阳能板直角边源","9","太阳能板直角边源:s9:b57","1999"
"6FC9A215C4385EACE4E81D896833857A7CCA728E0D89A4AFF63D04021FFC8D2B","2","两太阳能板过度.txt","两太阳能板过度","1","两太阳能板过度:s1:b23","1760"
"6FC9A215C4385EACE4E81D896833857A7CCA728E0D89A4AFF63D04021FFC8D2B","2","太阳能板直角边源.txt","太阳能板直角边源","7","太阳能板直角边源:s7:b47","1760"
"6FF5F1B766A3886C7D84302CF20B9A1AC11DAA1F88C815DEB2DC7C11A14AEAF3","2","safe.txt","safe","1","safe:s1:b25","1733"
"6FF5F1B766A3886C7D84302CF20B9A1AC11DAA1F88C815DEB2DC7C11A14AEAF3","2","太阳能板直角边源.txt","太阳能板直角边源","2","太阳能板直角边源:s2:b37","1733"
"7217B1B4319F85FA3106B4A1DCCC55BE895EADF9AE16E3A75A3CC13C8A90D2D3","2","左转极限.txt","左转极限","1","左转极限:s1:b29","1211"
"7217B1B4319F85FA3106B4A1DCCC55BE895EADF9AE16E3A75A3CC13C8A90D2D3","2","太阳能板直角边源.txt","太阳能板直角边源","3","太阳能板直角边源:s3:b32","1211"
"7487D10437B24BB5CC385B483180D0385CCFB6CF5A9096409650801FEBD96013","2","太阳能板直角边源.txt","太阳能板直角边源","1","太阳能板直角边源:s1:b9","1066"
"7487D10437B24BB5CC385B483180D0385CCFB6CF5A9096409650801FEBD96013","2","太阳能板直角边源.txt","太阳能板直角边源","10","太阳能板直角边源:s10:b31","1066"
"74F8A83AE2430E9FAB98C791A28A2A38F1A8D397C4DE1E389B85CF4C2EB2B0F0","2","太阳能板边缘中心旋转扫描.txt","太阳能板边缘中心旋转扫描","1","太阳能板边缘中心旋转扫描:s1:b7","1860"
"74F8A83AE2430E9FAB98C791A28A2A38F1A8D397C4DE1E389B85CF4C2EB2B0F0","2","太阳能板直角边源.txt","太阳能板直角边源","9","太阳能板直角边源:s9:b53","1860"
"75650D27EF457A3AEA56BB819449BFEDC5B30CFBE092F355B93960CD85F4EDC9","2","左转极限.txt","左转极限","1","左转极限:s1:b3","311"
"75650D27EF457A3AEA56BB819449BFEDC5B30CFBE092F355B93960CD85F4EDC9","2","太阳能板直角边源.txt","太阳能板直角边源","3","太阳能板直角边源:s3:b6","311"
"775CE9BC321F269B4D971E0499E86D4FC0623309762CD2658FD3829CEB70E087","2","safe.txt","safe","1","safe:s1:b20","1560"
"775CE9BC321F269B4D971E0499E86D4FC0623309762CD2658FD3829CEB70E087","2","太阳能板直角边源.txt","太阳能板直角边源","2","太阳能板直角边源:s2:b32","1560"
"77CE823F0FCE1952B91F38963EE0E0C15404453769957E901D10BAA9B53E797E","2","两太阳能板带角度过度.txt","两太阳能板带角度过度","1","两太阳能板带角度过度:s1:b6","793"
"77CE823F0FCE1952B91F38963EE0E0C15404453769957E901D10BAA9B53E797E","2","太阳能板直角边源.txt","太阳能板直角边源","8","太阳能板直角边源:s8:b22","793"
"78491F06DE07E32C569A47C9C364EA98E9C43D59E173B5AC667E698CFA36A08D","2","两太阳能板带角度过度.txt","两太阳能板带角度过度","1","两太阳能板带角度过度:s1:b19","1242"
"78491F06DE07E32C569A47C9C364EA98E9C43D59E173B5AC667E698CFA36A08D","2","太阳能板直角边源.txt","太阳能板直角边源","8","太阳能板直角边源:s8:b35","1242"
"79D58B987125556C0B1AE7380FF37B3779F10DE6E6A3AE1D33173726B1C4BBD9","2","两太阳能板带角度过度.txt","两太阳能板带角度过度","1","两太阳能板带角度过度:s1:b7","827"
"79D58B987125556C0B1AE7380FF37B3779F10DE6E6A3AE1D33173726B1C4BBD9","2","太阳能板直角边源.txt","太阳能板直角边源","8","太阳能板直角边源:s8:b23","827"
"7BD716469981A5E7D7B95F2312E32CBEC6F16B318EA3E215D22E5C9827DDAF0E","2","两太阳能板带角度过度.txt","两太阳能板带角度过度","1","两太阳能板带角度过度:s1:b12","1001"
"7BD716469981A5E7D7B95F2312E32CBEC6F16B318EA3E215D22E5C9827DDAF0E","2","太阳能板直角边源.txt","太阳能板直角边源","8","太阳能板直角边源:s8:b28","1001"
"7BEE161BC5730539F1FB318871C8E8206EF5AAF144CCC39F1EB2E9950A75C6FA","2","太阳能板边缘中心旋转扫描.txt","太阳能板边缘中心旋转扫描","1","太阳能板边缘中心旋转扫描:s1:b26","2519"
"7BEE161BC5730539F1FB318871C8E8206EF5AAF144CCC39F1EB2E9950A75C6FA","2","太阳能板直角边源.txt","太阳能板直角边源","9","太阳能板直角边源:s9:b72","2519"
"7D366B9D6B3758DB6BE0B19C7FADA2C470D00733D98F96BE6EB88A9E4BE86A18","2","safe.txt","safe","1","safe:s1:b42","2322"
"7D366B9D6B3758DB6BE0B19C7FADA2C470D00733D98F96BE6EB88A9E4BE86A18","2","太阳能板直角边源.txt","太阳能板直角边源","2","太阳能板直角边源:s2:b54","2322"
"7DBF7184C21E7B1AADE56AE022CFBEA82ECB06817E4AD7CCD64F7452F881CA9D","2","两太阳能板过度.txt","两太阳能板过度","1","两太阳能板过度:s1:b3","1066"
"7DBF7184C21E7B1AADE56AE022CFBEA82ECB06817E4AD7CCD64F7452F881CA9D","2","太阳能板直角边源.txt","太阳能板直角边源","7","太阳能板直角边源:s7:b27","1066"
"822A4FA79FCA03E9A436BE3E90AF52EFE600A86537315829D9D2B620E7DD73E3","2","safe.txt","safe","1","safe:s1:b16","1421"
"822A4FA79FCA03E9A436BE3E90AF52EFE600A86537315829D9D2B620E7DD73E3","2","太阳能板直角边源.txt","太阳能板直角边源","2","太阳能板直角边源:s2:b28","1421"
"83F4F783FF75B5B40C269180AEDF3740413886B64718C2FC7BCB8135976F502A","2","safe.txt","safe","1","safe:s1:b8","1145"
"83F4F783FF75B5B40C269180AEDF3740413886B64718C2FC7BCB8135976F502A","2","太阳能板直角边源.txt","太阳能板直角边源","2","太阳能板直角边源:s2:b20","1145"
"857BB6F1491FDA9A687199F85566C04BC1A6F23FE73B87D8C18B48F6EF69524D","2","safe.txt","safe","1","safe:s1:b30","1906"
"857BB6F1491FDA9A687199F85566C04BC1A6F23FE73B87D8C18B48F6EF69524D","2","太阳能板直角边源.txt","太阳能板直角边源","2","太阳能板直角边源:s2:b42","1906"
"87D411B967C8B236A08FED7798C8FD0ABEC00AFBECF79DF94A0CA58BC1A67107","2","两太阳能板带角度过度.txt","两太阳能板带角度过度","1","两太阳能板带角度过度:s1:b20","1277"
"87D411B967C8B236A08FED7798C8FD0ABEC00AFBECF79DF94A0CA58BC1A67107","2","太阳能板直角边源.txt","太阳能板直角边源","8","太阳能板直角边源:s8:b36","1277"
"891C7F398499F5A2D62073723592AB0712A7673F8A6C4C4B15CA43BD64660318","2","太阳能板直角边源.txt","太阳能板直角边源","1","太阳能板直角边源:s1:b8","1038"
"891C7F398499F5A2D62073723592AB0712A7673F8A6C4C4B15CA43BD64660318","2","太阳能板直角边源.txt","太阳能板直角边源","10","太阳能板直角边源:s10:b30","1038"
"8B2EECC1061A9ED7364ED288641DF9546D68419758628B8982C925E301620176","2","safe.txt","safe","1","safe:s1:b21","1594"
"8B2EECC1061A9ED7364ED288641DF9546D68419758628B8982C925E301620176","2","太阳能板直角边源.txt","太阳能板直角边源","2","太阳能板直角边源:s2:b33","1594"
"8D6D2BF5BDADFE61E6A6D928AC17FDA6A214160FB74F192C6E3B7EAC19F0A2BD","2","safe.txt","safe","1","safe:s1:b23","1664"
"8D6D2BF5BDADFE61E6A6D928AC17FDA6A214160FB74F192C6E3B7EAC19F0A2BD","2","太阳能板直角边源.txt","太阳能板直角边源","2","太阳能板直角边源:s2:b35","1664"
"8DC0C9A99BEBC477258055BBCA637270DB867DB38C3B77D135B96511F3923E72","2","safe.txt","safe","1","safe:s1:b44","2391"
"8DC0C9A99BEBC477258055BBCA637270DB867DB38C3B77D135B96511F3923E72","2","太阳能板直角边源.txt","太阳能板直角边源","2","太阳能板直角边源:s2:b56","2391"
"8DFF868C012B02F45FC6CE18CA5664EC7D6C7954C96E23FF10B7CFB9742B066B","2","safe.txt","safe","1","safe:s1:b11","1248"
"8DFF868C012B02F45FC6CE18CA5664EC7D6C7954C96E23FF10B7CFB9742B066B","2","太阳能板直角边源.txt","太阳能板直角边源","2","太阳能板直角边源:s2:b23","1248"
"909CCDC484128823CE965BDC7DA15C51F6F08F62C6D92897CE03EB0C47464E47","2","左转极限.txt","左转极限","1","左转极限:s1:b12","623"
"909CCDC484128823CE965BDC7DA15C51F6F08F62C6D92897CE03EB0C47464E47","2","太阳能板直角边源.txt","太阳能板直角边源","3","太阳能板直角边源:s3:b15","623"
"90AFBB4C6C73809F23F66475441F5E16DC42266E7C07E143022E225935816AFE","2","两太阳能板过度.txt","两太阳能板过度","1","两太阳能板过度:s1:b26","1863"
"90AFBB4C6C73809F23F66475441F5E16DC42266E7C07E143022E225935816AFE","2","太阳能板直角边源.txt","太阳能板直角边源","7","太阳能板直角边源:s7:b50","1863"
"90BE92A727B56BD90B097CCDDC77BA373B6B87A1BE406548A8DF74ED5BA6DC58","2","左转极限.txt","左转极限","1","左转极限:s1:b11","588"
"90BE92A727B56BD90B097CCDDC77BA373B6B87A1BE406548A8DF74ED5BA6DC58","2","太阳能板直角边源.txt","太阳能板直角边源","3","太阳能板直角边源:s3:b14","588"
"921C53B2EE810708558AC39B1989B1CC739168A48D0387461F0B5C2403736828","2","两太阳能板带角度过度.txt","两太阳能板带角度过度","1","两太阳能板带角度过度:s1:b9","896"
"921C53B2EE810708558AC39B1989B1CC739168A48D0387461F0B5C2403736828","2","太阳能板直角边源.txt","太阳能板直角边源","8","太阳能板直角边源:s8:b25","896"
"9637BC4693C56D89079E7A62B027D7CBFB35E9E5F59A6F07B94687C14692F2D7","2","safe.txt","safe","1","safe:s1:b31","1941"
"9637BC4693C56D89079E7A62B027D7CBFB35E9E5F59A6F07B94687C14692F2D7","2","太阳能板直角边源.txt","太阳能板直角边源","2","太阳能板直角边源:s2:b43","1941"
"96AF894A23EA2D439731C333983503C269AEE98751BA4CF50490EA5A2AC7A95B","2","左转极限.txt","左转极限","1","左转极限:s1:b15","726"
"96AF894A23EA2D439731C333983503C269AEE98751BA4CF50490EA5A2AC7A95B","2","太阳能板直角边源.txt","太阳能板直角边源","3","太阳能板直角边源:s3:b18","726"
"9BE1479EA6552D68C8D6230DCCCDDD38502307A07F1E1C35C02FB73F44B08297","2","safe.txt","safe","1","safe:s1:b5","1041"
"9BE1479EA6552D68C8D6230DCCCDDD38502307A07F1E1C35C02FB73F44B08297","2","太阳能板直角边源.txt","太阳能板直角边源","2","太阳能板直角边源:s2:b17","1041"
"9C7E64C4A5B83AFD13E20541D8F108D8BB922344FD7F1EBF8F52696065764CEB","2","safe.txt","safe","1","safe:s1:b10","1214"
"9C7E64C4A5B83AFD13E20541D8F108D8BB922344FD7F1EBF8F52696065764CEB","2","太阳能板直角边源.txt","太阳能板直角边源","2","太阳能板直角边源:s2:b22","1214"
"9EB59CD2CC8EE2A55900836F6708A435D99C6A4F0CEF48AE2B7540CD0489A96B","2","safe.txt","safe","1","safe:s1:b32","1976"
"9EB59CD2CC8EE2A55900836F6708A435D99C6A4F0CEF48AE2B7540CD0489A96B","2","太阳能板直角边源.txt","太阳能板直角边源","2","太阳能板直角边源:s2:b44","1976"
"9EE9E97A512D4EB609C9D0559E9C85077C9BF70B7600A65D12B340450BC1D07F","2","太阳能板边缘中心旋转扫描.txt","太阳能板边缘中心旋转扫描","1","太阳能板边缘中心旋转扫描:s1:b15","2137"
"9EE9E97A512D4EB609C9D0559E9C85077C9BF70B7600A65D12B340450BC1D07F","2","太阳能板直角边源.txt","太阳能板直角边源","9","太阳能板直角边源:s9:b61","2137"
"A00ECBC8EA9151C08DF72F99630765C2A695BF0C5D98375CA8D8B052562EF703","2","左转极限.txt","左转极限","1","左转极限:s1:b22","969"
"A00ECBC8EA9151C08DF72F99630765C2A695BF0C5D98375CA8D8B052562EF703","2","太阳能板直角边源.txt","太阳能板直角边源","3","太阳能板直角边源:s3:b25","969"
"A309D33C109DB4E8F3ECB90E46F0E9E3B3A4A95746159214A0D9842AA18FE208","2","两太阳能板带角度过度.txt","两太阳能板带角度过度","1","两太阳能板带角度过度:s1:b18","1209"
"A309D33C109DB4E8F3ECB90E46F0E9E3B3A4A95746159214A0D9842AA18FE208","2","太阳能板直角边源.txt","太阳能板直角边源","8","太阳能板直角边源:s8:b34","1209"
"A446867858694E5CAB56628CF58F5DE38C041AC2EB53503C1407A3B5A9F62C75","2","太阳能板直角边源.txt","太阳能板直角边源","1","太阳能板直角边源:s1:b7","1004"
"A446867858694E5CAB56628CF58F5DE38C041AC2EB53503C1407A3B5A9F62C75","2","太阳能板直角边源.txt","太阳能板直角边源","10","太阳能板直角边源:s10:b29","1004"
"A6F2045AD54A09655E6AC7826292B648B31D455C7DD63423CCA065CAE847E701","2","太阳能板边缘中心旋转扫描.txt","太阳能板边缘中心旋转扫描","1","太阳能板边缘中心旋转扫描:s1:b24","2449"
"A6F2045AD54A09655E6AC7826292B648B31D455C7DD63423CCA065CAE847E701","2","太阳能板直角边源.txt","太阳能板直角边源","9","太阳能板直角边源:s9:b70","2449"
"A7925FE1A6D50ABD970421BC5FC23ECC079EC7B52FCFD19722BEBE357F4BB5F4","2","两太阳能板过度.txt","两太阳能板过度","1","两太阳能板过度:s1:b2","1032"
"A7925FE1A6D50ABD970421BC5FC23ECC079EC7B52FCFD19722BEBE357F4BB5F4","2","太阳能板直角边源.txt","太阳能板直角边源","7","太阳能板直角边源:s7:b26","1032"
"A9FDB3072891B68071AC2237836DACDA2DC8A21555FC08E9A96613257C09D7B5","2","太阳能板边缘中心旋转扫描.txt","太阳能板边缘中心旋转扫描","1","太阳能板边缘中心旋转扫描:s1:b13","2068"
"A9FDB3072891B68071AC2237836DACDA2DC8A21555FC08E9A96613257C09D7B5","2","太阳能板直角边源.txt","太阳能板直角边源","9","太阳能板直角边源:s9:b59","2068"
"AA061D0F55894CE25E41CB5B6A7974FB1960887947F235C1137A2EC38087CCC4","2","safe.txt","safe","1","safe:s1:b2","937"
"AA061D0F55894CE25E41CB5B6A7974FB1960887947F235C1137A2EC38087CCC4","2","太阳能板直角边源.txt","太阳能板直角边源","2","太阳能板直角边源:s2:b14","937"
"AD7B2C12BFA253C7EAFE411004810F5DB81A2B0A1A09629E392D16B1C0D40A33","2","两太阳能板带角度过度.txt","两太阳能板带角度过度","1","两太阳能板带角度过度:s1:b2","654"
"AD7B2C12BFA253C7EAFE411004810F5DB81A2B0A1A09629E392D16B1C0D40A33","2","太阳能板直角边源.txt","太阳能板直角边源","8","太阳能板直角边源:s8:b18","654"
"ADEF8C9B36CE64F18720BE93AC8CC84D97D1BD11BA38D862DBB778F4B287CD6C","2","太阳能板边缘中心旋转扫描.txt","太阳能板边缘中心旋转扫描","1","太阳能板边缘中心旋转扫描:s1:b8","1894"
"ADEF8C9B36CE64F18720BE93AC8CC84D97D1BD11BA38D862DBB778F4B287CD6C","2","太阳能板直角边源.txt","太阳能板直角边源","9","太阳能板直角边源:s9:b54","1894"
"B1DA4B49B0F5C548A76C182776E7304BEEFF99AE9E209F9DEC0BAD61314B6DD4","2","safe.txt","safe","1","safe:s1:b43","2356"
"B1DA4B49B0F5C548A76C182776E7304BEEFF99AE9E209F9DEC0BAD61314B6DD4","2","太阳能板直角边源.txt","太阳能板直角边源","2","太阳能板直角边源:s2:b55","2356"
"B289217D88B55C1A1E6A6E920B4F23A1DCE458D18CAC0A530046EAC159C8F436","2","safe.txt","safe","1","safe:s1:b9","1179"
"B289217D88B55C1A1E6A6E920B4F23A1DCE458D18CAC0A530046EAC159C8F436","2","太阳能板直角边源.txt","太阳能板直角边源","2","太阳能板直角边源:s2:b21","1179"
"B2D01823770B7C53123908575DA5DEEF339C9C7ADA3AADD5229038E4E11D1CF3","2","两太阳能板过度.txt","两太阳能板过度","1","两太阳能板过度:s1:b11","1344"
"B2D01823770B7C53123908575DA5DEEF339C9C7ADA3AADD5229038E4E11D1CF3","2","太阳能板直角边源.txt","太阳能板直角边源","7","太阳能板直角边源:s7:b35","1344"
"B41B0BAE40AACF06371F339469CA3B5FFFF3512E8E1228993C20284C8230E5B5","2","safe.txt","safe","1","safe:s1:b33","2010"
"B41B0BAE40AACF06371F339469CA3B5FFFF3512E8E1228993C20284C8230E5B5","2","太阳能板直角边源.txt","太阳能板直角边源","2","太阳能板直角边源:s2:b45","2010"
"B5A9853DF3B40EEE42DC9060C0665466758C2C90579D975F821EECB84B4C6DD5","2","safe.txt","safe","1","safe:s1:b13","1318"
"B5A9853DF3B40EEE42DC9060C0665466758C2C90579D975F821EECB84B4C6DD5","2","太阳能板直角边源.txt","太阳能板直角边源","2","太阳能板直角边源:s2:b25","1318"
"B6C5A29C9F545834E8E0964BCA691F0334DE9ABFDF9CE4390AB994379B42E0B0","2","左转极限.txt","左转极限","1","左转极限:s1:b25","1073"
"B6C5A29C9F545834E8E0964BCA691F0334DE9ABFDF9CE4390AB994379B42E0B0","2","太阳能板直角边源.txt","太阳能板直角边源","3","太阳能板直角边源:s3:b28","1073"
"B729A32BD08EB833FF6F299E33E95FC6323E6D699EAAB39922F5D4CE4AA60648","2","safe.txt","safe","1","safe:s1:b38","2183"
"B729A32BD08EB833FF6F299E33E95FC6323E6D699EAAB39922F5D4CE4AA60648","2","太阳能板直角边源.txt","太阳能板直角边源","2","太阳能板直角边源:s2:b50","2183"
"B7E80B5B7A23668EB4A846A772ECC8008E4448ED7B85EFEEEF389FC7781449E5","2","太阳能板边缘中心旋转扫描.txt","太阳能板边缘中心旋转扫描","1","太阳能板边缘中心旋转扫描:s1:b21","2345"
"B7E80B5B7A23668EB4A846A772ECC8008E4448ED7B85EFEEEF389FC7781449E5","2","太阳能板直角边源.txt","太阳能板直角边源","9","太阳能板直角边源:s9:b67","2345"
"BB0F5C29E8BBD059522844127947F47BA7BBA8B80069E66219556A9198FB10FC","2","两太阳能板过度.txt","两太阳能板过度","1","两太阳能板过度:s1:b27","1897"
"BB0F5C29E8BBD059522844127947F47BA7BBA8B80069E66219556A9198FB10FC","2","太阳能板直角边源.txt","太阳能板直角边源","7","太阳能板直角边源:s7:b51","1897"
"BCDCA939EC15E8F52DF665BCF8213D5B38E1E9F1B46867F64C1F64583A40BA9A","2","两太阳能板过度.txt","两太阳能板过度","1","两太阳能板过度:s1:b19","1621"
"BCDCA939EC15E8F52DF665BCF8213D5B38E1E9F1B46867F64C1F64583A40BA9A","2","太阳能板直角边源.txt","太阳能板直角边源","7","太阳能板直角边源:s7:b43","1621"
"BD082AC4CAD931E5F63CE606AD5014CE1F35B980C4E3F92E04D54FEB335C717E","2","两太阳能板过度.txt","两太阳能板过度","1","两太阳能板过度:s1:b24","1794"
"BD082AC4CAD931E5F63CE606AD5014CE1F35B980C4E3F92E04D54FEB335C717E","2","太阳能板直角边源.txt","太阳能板直角边源","7","太阳能板直角边源:s7:b48","1794"
"BD736EF347ABF1AD7ECEF29861EE8DAD129E56FF3F48F8ED9CA3EF330B970880","2","太阳能板边缘中心旋转扫描.txt","太阳能板边缘中心旋转扫描","1","太阳能板边缘中心旋转扫描:s1:b20","2311"
"BD736EF347ABF1AD7ECEF29861EE8DAD129E56FF3F48F8ED9CA3EF330B970880","2","太阳能板直角边源.txt","太阳能板直角边源","9","太阳能板直角边源:s9:b66","2311"
"BF5264BBC747A9AE2069DE42A90CE88252E6C9CF53512F7DE09FE9690ACFD611","2","两太阳能板带角度过度.txt","两太阳能板带角度过度","1","两太阳能板带角度过度:s1:b14","1070"
"BF5264BBC747A9AE2069DE42A90CE88252E6C9CF53512F7DE09FE9690ACFD611","2","太阳能板直角边源.txt","太阳能板直角边源","8","太阳能板直角边源:s8:b30","1070"
"BFD138FE0AFDF87892B5B525BAC271854287DA929F606EE020FF5F16F91DA27E","2","两太阳能板过度.txt","两太阳能板过度","1","两太阳能板过度:s1:b6","1171"
"BFD138FE0AFDF87892B5B525BAC271854287DA929F606EE020FF5F16F91DA27E","2","太阳能板直角边源.txt","太阳能板直角边源","7","太阳能板直角边源:s7:b30","1171"
"C09E6E2B05F9B35698D478418D587CB5139D2F52BFCC290AAF17EA0ADADE31EE","2","safe.txt","safe","1","safe:s1:b41","2287"
"C09E6E2B05F9B35698D478418D587CB5139D2F52BFCC290AAF17EA0ADADE31EE","2","太阳能板直角边源.txt","太阳能板直角边源","2","太阳能板直角边源:s2:b53","2287"
"C0A99F6A79966F97125060DC0A3DE4A86CA77F4D2B7A4482AFB6E4F17D106905","2","两太阳能板带角度过度.txt","两太阳能板带角度过度","1","两太阳能板带角度过度:s1:b27","1519"
"C0A99F6A79966F97125060DC0A3DE4A86CA77F4D2B7A4482AFB6E4F17D106905","2","太阳能板直角边源.txt","太阳能板直角边源","8","太阳能板直角边源:s8:b43","1519"
"C29210BB4F28A4A23BAA3121A7451B22BA0854FE1D22256C5B6D32923F7E145A","2","太阳能板直角边源.txt","太阳能板直角边源","1","太阳能板直角边源:s1:b4","904"
"C29210BB4F28A4A23BAA3121A7451B22BA0854FE1D22256C5B6D32923F7E145A","2","太阳能板直角边源.txt","太阳能板直角边源","10","太阳能板直角边源:s10:b26","904"
"C2CFF487442550768BEBCF095B0C0DE43EF0458D7D10F81A70A69548A3B7ABF4","2","两太阳能板带角度过度.txt","两太阳能板带角度过度","1","两太阳能板带角度过度:s1:b5","758"
"C2CFF487442550768BEBCF095B0C0DE43EF0458D7D10F81A70A69548A3B7ABF4","2","太阳能板直角边源.txt","太阳能板直角边源","8","太阳能板直角边源:s8:b21","758"
"C2D773FA65EF338A395526764030A6795387764D127C99F2ADEF9EA7126B2F49","2","左转极限.txt","左转极限","1","左转极限:s1:b13","658"
"C2D773FA65EF338A395526764030A6795387764D127C99F2ADEF9EA7126B2F49","2","太阳能板直角边源.txt","太阳能板直角边源","3","太阳能板直角边源:s3:b16","658"
"C4DD54F6AA64F7161AA18B32519CFDE2FCF6A33A72E2FCCB66D2248F241F8214","2","两太阳能板过度.txt","两太阳能板过度","1","两太阳能板过度:s1:b8","1240"
"C4DD54F6AA64F7161AA18B32519CFDE2FCF6A33A72E2FCCB66D2248F241F8214","2","太阳能板直角边源.txt","太阳能板直角边源","7","太阳能板直角边源:s7:b32","1240"
"C644EBC0389BDA9FAB4F1CA4EA82FC606BBFAB00E466437847DE8B7651CC9CC3","2","两太阳能板过度.txt","两太阳能板过度","1","两太阳能板过度:s1:b10","1309"
"C644EBC0389BDA9FAB4F1CA4EA82FC606BBFAB00E466437847DE8B7651CC9CC3","2","太阳能板直角边源.txt","太阳能板直角边源","7","太阳能板直角边源:s7:b34","1309"
"CD71BC8E2126264028CEEBD5EFBE5EE859E4FA5153E709F7EEDDC206373C5540","2","太阳能板边缘中心旋转扫描.txt","太阳能板边缘中心旋转扫描","1","太阳能板边缘中心旋转扫描:s1:b19","2275"
"CD71BC8E2126264028CEEBD5EFBE5EE859E4FA5153E709F7EEDDC206373C5540","2","太阳能板直角边源.txt","太阳能板直角边源","9","太阳能板直角边源:s9:b65","2275"
"CF79FBCF0DA8B9B58F0DE7B541757C7BE3316DDD2D0ED4DCAC0F8E4FD1E05F14","2","太阳能板直角边源.txt","太阳能板直角边源","1","太阳能板直角边源:s1:b3","872"
"CF79FBCF0DA8B9B58F0DE7B541757C7BE3316DDD2D0ED4DCAC0F8E4FD1E05F14","2","太阳能板直角边源.txt","太阳能板直角边源","10","太阳能板直角边源:s10:b25","872"
"D2BA566B241D929C3EE1BF487591FCC69DB06FBE04B8372C86AF51F046B8322B","2","safe.txt","safe","1","safe:s1:b37","2149"
"D2BA566B241D929C3EE1BF487591FCC69DB06FBE04B8372C86AF51F046B8322B","2","太阳能板直角边源.txt","太阳能板直角边源","2","太阳能板直角边源:s2:b49","2149"
"D3A69AE0C0437EF77DE53C048FB54D2698296E80A4F1583193BB30993799A7A8","2","两太阳能板过度.txt","两太阳能板过度","1","两太阳能板过度:s1:b14","1448"
"D3A69AE0C0437EF77DE53C048FB54D2698296E80A4F1583193BB30993799A7A8","2","太阳能板直角边源.txt","太阳能板直角边源","7","太阳能板直角边源:s7:b38","1448"
"D4036D94CEFF6BC951BA680BE76814C4EA3B451E39A471A8EC4C6E46F6597B45","2","左转极限.txt","左转极限","1","左转极限:s1:b8","484"
"D4036D94CEFF6BC951BA680BE76814C4EA3B451E39A471A8EC4C6E46F6597B45","2","太阳能板直角边源.txt","太阳能板直角边源","3","太阳能板直角边源:s3:b11","484"
"D7FFC2D9B2E59C02386676A80E2C1B36070529397DC55E42B2C8AE054A1D27F0","2","两太阳能板过度.txt","两太阳能板过度","1","两太阳能板过度:s1:b16","1517"
"D7FFC2D9B2E59C02386676A80E2C1B36070529397DC55E42B2C8AE054A1D27F0","2","太阳能板直角边源.txt","太阳能板直角边源","7","太阳能板直角边源:s7:b40","1517"
"D9006859CED3E000CD55272644BC7373C2C0F09BEACD4148CFFE027130B3B575","2","太阳能板直角边源.txt","太阳能板直角边源","1","太阳能板直角边源:s1:b2","839"
"D9006859CED3E000CD55272644BC7373C2C0F09BEACD4148CFFE027130B3B575","2","太阳能板直角边源.txt","太阳能板直角边源","10","太阳能板直角边源:s10:b24","839"
"D94FCEFA96936CA5D97F3F50EC233B269C547F120ADE3F8948E64FDDEDF989C5","2","safe.txt","safe","1","safe:s1:b40","2252"
"D94FCEFA96936CA5D97F3F50EC233B269C547F120ADE3F8948E64FDDEDF989C5","2","太阳能板直角边源.txt","太阳能板直角边源","2","太阳能板直角边源:s2:b52","2252"
"DAEA405109D2EE3D2EB9DB81EEDA50921C2EA38576F86ECE4C37435A295B82F1","2","左转极限.txt","左转极限","1","左转极限:s1:b10","553"
"DAEA405109D2EE3D2EB9DB81EEDA50921C2EA38576F86ECE4C37435A295B82F1","2","太阳能板直角边源.txt","太阳能板直角边源","3","太阳能板直角边源:s3:b13","553"
"DC0A25228C26028BB9E9BC75EBAE9AA679373EF95DDEA64B68A8A089AA2E107A","2","两太阳能板带角度过度.txt","两太阳能板带角度过度","1","两太阳能板带角度过度:s1:b15","1104"
"DC0A25228C26028BB9E9BC75EBAE9AA679373EF95DDEA64B68A8A089AA2E107A","2","太阳能板直角边源.txt","太阳能板直角边源","8","太阳能板直角边源:s8:b31","1104"
"DE0C0FBA8AF7FB4711E60D34DC9A37D886371793C5511AB8341D4C6C8E723CCA","2","左转极限.txt","左转极限","1","左转极限:s1:b16","761"
"DE0C0FBA8AF7FB4711E60D34DC9A37D886371793C5511AB8341D4C6C8E723CCA","2","太阳能板直角边源.txt","太阳能板直角边源","3","太阳能板直角边源:s3:b19","761"
"DEB03F402F36711D698B9B6E730B5BF97360288B41B04EB0C0E2C0118674FA1E","2","两太阳能板带角度过度.txt","两太阳能板带角度过度","1","两太阳能板带角度过度:s1:b24","1416"
"DEB03F402F36711D698B9B6E730B5BF97360288B41B04EB0C0E2C0118674FA1E","2","太阳能板直角边源.txt","太阳能板直角边源","8","太阳能板直角边源:s8:b40","1416"
"E11D15D8CF1C345B52E92AD9FAB7B3B0CF1459E561C4F2AB07A2F923DC52AD55","2","safe.txt","safe","1","safe:s1:b27","1803"
"E11D15D8CF1C345B52E92AD9FAB7B3B0CF1459E561C4F2AB07A2F923DC52AD55","2","太阳能板直角边源.txt","太阳能板直角边源","2","太阳能板直角边源:s2:b39","1803"
"E4E1A780F22913998512151A7B5450D696569A0D59158D7D306DBE43422857CA","2","左转极限.txt","左转极限","1","左转极限:s1:b9","519"
"E4E1A780F22913998512151A7B5450D696569A0D59158D7D306DBE43422857CA","2","太阳能板直角边源.txt","太阳能板直角边源","3","太阳能板直角边源:s3:b12","519"
"E56E1AC0DDFC59DD6789EC8236D6722FE1845F137D660F54200258E1D06787E0","2","safe.txt","safe","1","safe:s1:b36","2114"
"E56E1AC0DDFC59DD6789EC8236D6722FE1845F137D660F54200258E1D06787E0","2","太阳能板直角边源.txt","太阳能板直角边源","2","太阳能板直角边源:s2:b48","2114"
"E5955E2EF3FD174BA66C7613055FBDA28B2382CE90DFC56A81A2BBC85F2B1C4B","2","safe.txt","safe","1","safe:s1:b17","1457"
"E5955E2EF3FD174BA66C7613055FBDA28B2382CE90DFC56A81A2BBC85F2B1C4B","2","太阳能板直角边源.txt","太阳能板直角边源","2","太阳能板直角边源:s2:b29","1457"
"E5B8A38C3DC6E5AACB37EF3C5DAEF1F974F8F3F90D32D829C43D3FD4999D331E","2","两太阳能板带角度过度.txt","两太阳能板带角度过度","1","两太阳能板带角度过度:s1:b13","1035"
"E5B8A38C3DC6E5AACB37EF3C5DAEF1F974F8F3F90D32D829C43D3FD4999D331E","2","太阳能板直角边源.txt","太阳能板直角边源","8","太阳能板直角边源:s8:b29","1035"
"E7DF82082170C375372C6D7AFEFB8A4E2DA4824AE5610CC20B05BB82290A274F","2","太阳能板直角边源.txt","太阳能板直角边源","1","太阳能板直角边源:s1:b5","936"
"E7DF82082170C375372C6D7AFEFB8A4E2DA4824AE5610CC20B05BB82290A274F","2","太阳能板直角边源.txt","太阳能板直角边源","10","太阳能板直角边源:s10:b27","936"
"EA4620B6DCC1FE253839D32BFBE91B1B8C8A59200811E8E803AC15C9B2829E45","2","左转极限.txt","左转极限","1","左转极限:s1:b21","934"
"EA4620B6DCC1FE253839D32BFBE91B1B8C8A59200811E8E803AC15C9B2829E45","2","太阳能板直角边源.txt","太阳能板直角边源","3","太阳能板直角边源:s3:b24","934"
"EE648F4F4DE2B0B84D7883546045E05DEB26FB860A306E3192BAC3295B162773","2","两太阳能板带角度过度.txt","两太阳能板带角度过度","1","两太阳能板带角度过度:s1:b17","1173"
"EE648F4F4DE2B0B84D7883546045E05DEB26FB860A306E3192BAC3295B162773","2","太阳能板直角边源.txt","太阳能板直角边源","8","太阳能板直角边源:s8:b33","1173"
"F17527B10B05DF6F7C2613CFCEDB6F7FEF07928FF96EE4E95623A3447CA66D7F","2","左转极限.txt","左转极限","1","左转极限:s1:b6","415"
"F17527B10B05DF6F7C2613CFCEDB6F7FEF07928FF96EE4E95623A3447CA66D7F","2","太阳能板直角边源.txt","太阳能板直角边源","3","太阳能板直角边源:s3:b9","415"
"F275513D468CF5E73A01494A081B1763A1E7BA6FC7B973A978A3919DD7A3CAA8","2","safe.txt","safe","1","safe:s1:b45","2426"
"F275513D468CF5E73A01494A081B1763A1E7BA6FC7B973A978A3919DD7A3CAA8","2","太阳能板直角边源.txt","太阳能板直角边源","2","太阳能板直角边源:s2:b57","2426"
"F3FAD2D2A5BBE246AA797CB13C95540DF4B89A4F3674B23DD4F95B084DA0FF98","2","两太阳能板过度.txt","两太阳能板过度","1","两太阳能板过度:s1:b18","1586"
"F3FAD2D2A5BBE246AA797CB13C95540DF4B89A4F3674B23DD4F95B084DA0FF98","2","太阳能板直角边源.txt","太阳能板直角边源","7","太阳能板直角边源:s7:b42","1586"
"F636042FE2B1CF92DED0B3857FBED9138E0B0375093BF975F19AA2D6B9742EFF","2","两太阳能板过度.txt","两太阳能板过度","1","两太阳能板过度:s1:b25","1828"
"F636042FE2B1CF92DED0B3857FBED9138E0B0375093BF975F19AA2D6B9742EFF","2","太阳能板直角边源.txt","太阳能板直角边源","7","太阳能板直角边源:s7:b49","1828"
"F7A328D83ED433CC88ADC96FC92453E0C025AFFD546E49E23794F861B8F86807","2","safe.txt","safe","1","safe:s1:b14","1352"
"F7A328D83ED433CC88ADC96FC92453E0C025AFFD546E49E23794F861B8F86807","2","太阳能板直角边源.txt","太阳能板直角边源","2","太阳能板直角边源:s2:b26","1352"
"F8BCC039403F519BE2AA6DBE7B2BD5CBC3388CED16DE1DD059A978FD815A9F97","2","两太阳能板过度.txt","两太阳能板过度","1","两太阳能板过度:s1:b4","1101"
"F8BCC039403F519BE2AA6DBE7B2BD5CBC3388CED16DE1DD059A978FD815A9F97","2","太阳能板直角边源.txt","太阳能板直角边源","7","太阳能板直角边源:s7:b28","1101"
"F8F24313DECB9D9093FF2B2EF6958BFF28AEBEA6826D85C419615DCC2371F550","2","两太阳能板过度.txt","两太阳能板过度","1","两太阳能板过度:s1:b20","1655"
"F8F24313DECB9D9093FF2B2EF6958BFF28AEBEA6826D85C419615DCC2371F550","2","太阳能板直角边源.txt","太阳能板直角边源","7","太阳能板直角边源:s7:b44","1655"
"FB8A67A75188D2FEC82F274E8BAEDD6A057E7B1B02C5B7B6C2C64F93405C20D6","2","太阳能板边缘中心旋转扫描.txt","太阳能板边缘中心旋转扫描","1","太阳能板边缘中心旋转扫描:s1:b4","1756"
"FB8A67A75188D2FEC82F274E8BAEDD6A057E7B1B02C5B7B6C2C64F93405C20D6","2","太阳能板直角边源.txt","太阳能板直角边源","9","太阳能板直角边源:s9:b50","1756"
"FBD51FE5598BA1488A8072C1E88763B4461F58D7EBA2DCF88993ED5123EDB7C9","2","太阳能板边缘中心旋转扫描.txt","太阳能板边缘中心旋转扫描","1","太阳能板边缘中心旋转扫描:s1:b10","1964"
"FBD51FE5598BA1488A8072C1E88763B4461F58D7EBA2DCF88993ED5123EDB7C9","2","太阳能板直角边源.txt","太阳能板直角边源","9","太阳能板直角边源:s9:b56","1964"
"FD9995A9FB161D666408A19D9F871B530D21F25E8BE1DAD36C4F5B6FE73E6C23","2","safe.txt","safe","1","safe:s1:b24","1698"
"FD9995A9FB161D666408A19D9F871B530D21F25E8BE1DAD36C4F5B6FE73E6C23","2","太阳能板直角边源.txt","太阳能板直角边源","2","太阳能板直角边源:s2:b36","1698"
"FE6771C96F38C6BAC7F816917B6ECB4A595E308A636DFA81DBBCF4C8A58D6BE8","2","safe.txt","safe","1","safe:s1:b18","1491"
"FE6771C96F38C6BAC7F816917B6ECB4A595E308A636DFA81DBBCF4C8A58D6BE8","2","太阳能板直角边源.txt","太阳能板直角边源","2","太阳能板直角边源:s2:b30","1491"
